OBJECTID,Site_Name,State,latitude,longitude,Operational_Status,Reporting_Component,Is_Joint_Base,date,daily_weather_code,daily_temperature_2m_max,daily_temperature_2m_min,daily_temperature_2m_mean,daily_apparent_temperature_max,daily_apparent_temperature_min,daily_apparent_temperature_mean,daily_sunrise,daily_sunset,daily_daylight_duration,daily_sunshine_duration,daily_uv_index_max,daily_uv_index_clear_sky_max,daily_precipitation_sum,daily_rain_sum,daily_showers_sum,daily_snowfall_sum,daily_precipitation_hours,daily_precipitation_probability_max,daily_precipitation_probability_mean,daily_precipitation_probability_min,daily_wind_speed_10m_max,daily_wind_gusts_10m_max,daily_wind_direction_10m_dominant,daily_shortwave_radiation_sum,daily_et0_fao_evapotranspiration
1,Altus Air Force Base,,34.66638888888889,-99.26805555555556,act,xlsx,,2026-03-03,3,86.0,46.7,63.2,83.9,42.7,58.9,2026-03-03T07:03,2026-03-03T18:34,41481.94,38016.31,6.1,6.1,0.0,0.0,0.0,0.0,0.0,13,1,0,33.5,52.6,118,19.27,4.64
1,Altus Air Force Base,,34.66638888888889,-99.26805555555556,act,xlsx,,2026-03-04,51,61.4,46.9,53.5,57.9,42.2,48.4,2026-03-04T07:01,2026-03-04T18:35,41609.58,13687.09,5.8,6.1,0.05,0.05,0.0,0.0,1.0,26,7,0,28.4,48.6,13,11.7,2.14
1,Altus Air Force Base,,34.66638888888889,-99.26805555555556,act,xlsx,,2026-03-05,81,79.7,46.7,63.8,75.3,43.8,60.2,2026-03-05T07:00,2026-03-05T18:36,41738.09,36271.04,6.2,6.2,13.4,2.8,10.6,0.0,9.0,80,40,20,48.7,73.8,162,16.43,3.55
1,Altus Air Force Base,,34.66638888888889,-99.26805555555556,act,xlsx,,2026-03-06,80,84.0,62.9,70.4,72.7,54.3,62.7,2026-03-06T06:59,2026-03-06T18:37,41867.37,38512.32,6.35,6.35,2.2,0.4,1.8,0.0,4.0,80,26,15,40.0,69.8,190,19.81,6.03
1,Altus Air Force Base,,34.66638888888889,-99.26805555555556,act,xlsx,,2026-03-07,3,61.9,49.1,56.4,53.8,36.0,46.5,2026-03-07T06:58,2026-03-07T18:38,41997.34,38391.78,4.95,6.25,0.0,0.0,0.0,0.0,0.0,20,16,11,34.9,60.8,33,14.39,4.31
1,Altus Air Force Base,,34.66638888888889,-99.26805555555556,act,xlsx,,2026-03-08,3,72.4,47.7,60.0,66.2,42.5,55.1,2026-03-08T06:56,2026-03-08T18:38,42127.89,39193.41,5.55,5.95,0.0,0.0,0.0,0.0,0.0,20,8,4,20.9,45.7,209,19.03,4.05
1,Altus Air Force Base,,34.66638888888889,-99.26805555555556,act,xlsx,,2026-03-09,3,83.6,58.4,70.5,78.9,57.0,67.2,2026-03-09T06:55,2026-03-09T18:39,42258.94,39326.93,5.95,5.95,0.0,0.0,0.0,0.0,0.0,26,16,8,34.5,56.9,202,20.1,5.15
2,Joint Base Anacostia-Bolling,,38.84277777777778,-77.01611111111112,act,xlsx,,2026-03-03,73,44.4,32.0,36.8,38.6,26.5,31.8,2026-03-03T06:37,2026-03-03T18:02,41139.56,0.0,2.05,5.0,4.6,3.8,0.0,0.56,11.0,62,26,4,15.5,36.0,175,3.82,0.45
2,Joint Base Anacostia-Bolling,,38.84277777777778,-77.01611111111112,act,xlsx,,2026-03-04,51,52.1,44.3,48.3,49.1,38.4,44.6,2026-03-04T06:35,2026-03-04T18:03,41288.3,0.0,2.65,5.15,1.1,1.1,0.0,0.0,5.0,60,28,12,21.9,49.7,160,2.67,0.5
2,Joint Base Anacostia-Bolling,,38.84277777777778,-77.01611111111112,act,xlsx,,2026-03-05,53,74.5,46.0,59.4,74.2,43.8,58.6,2026-03-05T06:34,2026-03-05T18:04,41438.04,38319.3,5.35,5.35,1.5,0.0,1.5,0.0,3.0,60,36,21,14.6,47.5,208,16.97,2.93
2,Joint Base Anacostia-Bolling,,38.84277777777778,-77.01611111111112,act,xlsx,,2026-03-06,55,76.1,50.3,63.2,78.3,45.4,63.7,2026-03-06T06:32,2026-03-06T18:05,41588.67,35584.46,5.25,5.45,4.4,0.0,4.4,0.0,7.0,37,19,10,17.3,35.6,114,14.91,2.67
2,Joint Base Anacostia-Bolling,,38.84277777777778,-77.01611111111112,act,xlsx,,2026-03-07,53,74.9,47.7,59.1,76.0,43.4,57.3,2026-03-07T06:31,2026-03-07T18:06,41740.09,29432.44,4.5,5.55,2.0,0.0,2.0,0.0,4.0,44,19,6,19.0,58.0,162,10.79,2.13
2,Joint Base Anacostia-Bolling,,38.84277777777778,-77.01611111111112,act,xlsx,,2026-03-08,55,69.5,57.4,63.1,68.5,51.6,61.0,2026-03-08T06:29,2026-03-08T18:07,41892.17,38528.91,5.3,5.3,1.3,0.1,1.2,0.0,2.0,44,24,13,16.8,53.3,271,17.6,3.3
2,Joint Base Anacostia-Bolling,,38.84277777777778,-77.01611111111112,act,xlsx,,2026-03-09,51,73.6,56.8,64.2,73.1,56.2,64.5,2026-03-09T06:28,2026-03-09T18:08,42044.82,38246.03,4.65,5.1,0.6,0.6,0.0,0.0,3.0,25,22,17,13.5,31.3,207,13.4,2.51
3,Joint Base Andrews-Naval Air Facility Washington,,38.81083333333333,-76.86694444444444,act,xlsx,,2026-03-03,73,43.8,30.5,36.0,37.1,24.4,30.5,2026-03-03T06:36,2026-03-03T18:02,41141.59,0.0,2.1,5.0,4.1,3.4,0.0,0.49,11.0,68,25,3,18.1,37.8,169,4.05,0.44
3,Joint Base Andrews-Naval Air Facility Washington,,38.81083333333333,-76.86694444444444,act,xlsx,,2026-03-04,51,50.5,44.9,47.9,48.3,36.9,43.2,2026-03-04T06:35,2026-03-04T18:03,41290.2,0.0,3.8,5.2,0.78,0.78,0.0,0.0,4.0,51,27,12,24.8,52.9,200,2.85,0.51
3,Joint Base Andrews-Naval Air Facility Washington,,38.81083333333333,-76.86694444444444,act,xlsx,,2026-03-05,53,73.6,45.8,58.7,73.3,42.7,57.6,2026-03-05T06:33,2026-03-05T18:04,41439.82,38310.92,5.35,5.35,1.3,0.0,1.3,0.0,3.0,52,31,17,14.7,53.3,201,16.98,2.88
3,Joint Base Andrews-Naval Air Facility Washington,,38.81083333333333,-76.86694444444444,act,xlsx,,2026-03-06,55,75.4,47.7,62.1,77.3,42.4,62.2,2026-03-06T06:32,2026-03-06T18:05,41590.32,38374.57,5.25,5.45,4.0,0.0,4.0,0.0,7.0,31,15,7,16.9,43.6,132,15.81,2.78
3,Joint Base Andrews-Naval Air Facility Washington,,38.81083333333333,-76.86694444444444,act,xlsx,,2026-03-07,53,74.1,45.7,57.8,74.5,41.0,55.7,2026-03-07T06:30,2026-03-07T18:06,41741.6,29394.69,4.6,5.55,1.0,0.0,1.0,0.0,4.0,39,16,4,20.0,61.2,165,11.29,2.17
3,Joint Base Andrews-Naval Air Facility Washington,,38.81083333333333,-76.86694444444444,act,xlsx,,2026-03-08,53,68.5,55.9,61.3,67.0,50.3,58.9,2026-03-08T06:29,2026-03-08T18:07,41893.56,38500.79,5.25,5.3,1.6,0.4,1.2,0.0,5.0,39,22,11,17.7,55.1,275,17.61,3.18
3,Joint Base Andrews-Naval Air Facility Washington,,38.81083333333333,-76.86694444444444,act,xlsx,,2026-03-09,51,72.2,55.4,62.7,71.7,54.2,62.8,2026-03-09T06:27,2026-03-09T18:08,42046.07,38178.12,4.65,5.1,0.6,0.6,0.0,0.0,3.0,24,21,15,13.5,37.4,207,13.55,2.44
4,Arnold Air Force Base,,35.3925,-86.08583333333333,act,xlsx,,2026-03-03,3,68.6,54.4,61.0,64.2,48.9,55.8,2026-03-03T06:10,2026-03-03T17:41,41425.6,33738.36,5.5,5.55,0.0,0.0,0.0,0.0,0.0,1,1,0,25.2,59.8,166,16.47,3.61
4,Arnold Air Force Base,,35.3925,-86.08583333333333,act,xlsx,,2026-03-04,3,74.4,57.5,64.7,72.9,54.4,62.4,2026-03-04T06:09,2026-03-04T17:42,41556.77,29388.04,5.3,5.7,0.0,0.0,0.0,0.0,0.0,3,1,1,20.1,38.9,185,15.77,3.39
4,Arnold Air Force Base,,35.3925,-86.08583333333333,act,xlsx,,2026-03-05,3,73.4,57.5,64.1,70.6,55.5,62.0,2026-03-05T06:08,2026-03-05T17:43,41688.83,37498.11,5.05,5.85,0.0,0.0,0.0,0.0,0.0,6,4,1,24.1,46.4,188,16.38,3.22
4,Arnold Air Force Base,,35.3925,-86.08583333333333,act,xlsx,,2026-03-06,53,76.2,58.3,66.1,75.2,57.8,65.7,2026-03-06T06:07,2026-03-06T17:44,41821.69,35675.61,5.55,5.9,1.0,0.0,1.0,0.0,3.0,23,10,2,23.5,41.8,171,16.37,3.12
4,Arnold Air Force Base,,35.3925,-86.08583333333333,act,xlsx,,2026-03-07,81,76.3,59.4,65.8,74.4,59.6,65.3,2026-03-07T06:05,2026-03-07T17:44,41955.23,34007.32,6.0,6.0,10.0,7.8,2.2,0.0,5.0,74,41,12,26.6,49.0,201,16.77,3.09
4,Arnold Air Force Base,,35.3925,-86.08583333333333,act,xlsx,,2026-03-08,51,71.6,55.7,61.7,70.6,56.5,62.5,2026-03-08T06:04,2026-03-08T17:45,42089.39,24392.62,3.65,5.5,0.3,0.3,0.0,0.0,3.0,59,48,41,14.7,28.1,202,9.14,1.65
4,Arnold Air Force Base,,35.3925,-86.08583333333333,act,xlsx,,2026-03-09,45,67.9,58.4,61.6,65.9,57.5,61.1,2026-03-09T06:02,2026-03-09T17:46,42224.05,35264.04,3.15,5.35,0.0,0.0,0.0,0.0,0.0,50,41,29,23.2,43.6,201,8.84,1.47
5,Barksdale Air Force Base,,32.50194444444445,-93.66277777777778,act,xlsx,,2026-03-03,3,79.2,60.3,69.3,77.4,60.2,68.7,2026-03-03T06:39,2026-03-03T18:13,41642.82,12892.94,6.35,6.35,0.0,0.0,0.0,0.0,0.0,0,0,0,23.8,39.6,172,8.35,2.58
5,Barksdale Air Force Base,,32.50194444444445,-93.66277777777778,act,xlsx,,2026-03-04,3,82.2,62.6,71.8,81.7,64.0,72.0,2026-03-04T06:38,2026-03-04T18:14,41760.42,21639.19,6.4,6.4,0.0,0.0,0.0,0.0,0.0,10,2,0,21.7,32.4,179,12.34,3.24
5,Barksdale Air Force Base,,32.50194444444445,-93.66277777777778,act,xlsx,,2026-03-05,3,85.6,64.4,74.4,83.6,65.3,73.6,2026-03-05T06:37,2026-03-05T18:15,41878.82,38191.48,6.0,6.5,0.0,0.0,0.0,0.0,0.0,10,4,1,18.2,41.0,177,18.05,4.9
5,Barksdale Air Force Base,,32.50194444444445,-93.66277777777778,act,xlsx,,2026-03-06,3,87.1,66.8,76.2,85.0,67.9,75.6,2026-03-06T06:35,2026-03-06T18:15,41997.94,36055.52,6.6,6.6,0.0,0.0,0.0,0.0,0.0,28,9,1,23.8,48.2,170,18.22,5.28
5,Barksdale Air Force Base,,32.50194444444445,-93.66277777777778,act,xlsx,,2026-03-07,81,80.9,67.7,73.1,84.5,71.2,76.1,2026-03-07T06:34,2026-03-07T18:16,42117.7,30231.64,3.45,6.6,21.0,11.9,9.1,0.0,10.0,71,58,28,16.2,46.1,176,8.59,2.16
5,Barksdale Air Force Base,,32.50194444444445,-93.66277777777778,act,xlsx,,2026-03-08,81,68.4,64.1,66.9,73.6,65.5,71.0,2026-03-08T06:33,2026-03-08T18:17,42238.0,19889.1,2.7,6.1,16.7,6.6,10.1,0.0,16.0,58,50,27,12.6,19.1,139,6.05,1.11
5,Barksdale Air Force Base,,32.50194444444445,-93.66277777777778,act,xlsx,,2026-03-09,3,82.6,66.0,73.0,84.5,69.1,75.6,2026-03-09T06:32,2026-03-09T18:18,42358.76,39739.43,6.2,6.2,0.0,0.0,0.0,0.0,0.0,29,24,18,16.0,41.0,195,19.88,4.05
6,Beale Air Force Base,,39.13611111111111,-121.4363888888889,act,xlsx,,2026-03-03,3,68.0,44.4,55.6,67.0,41.9,53.4,2026-03-03T06:34,2026-03-03T18:00,41131.43,37131.73,5.4,5.4,0.0,0.0,0.0,0.0,0.0,0,0,0,10.7,15.5,161,18.12,2.83
6,Beale Air Force Base,,39.13611111111111,-121.4363888888889,act,xlsx,,2026-03-04,3,64.2,46.4,54.8,59.0,41.2,49.9,2026-03-04T06:33,2026-03-04T18:01,41282.0,36000.0,5.2,5.25,0.0,0.0,0.0,0.0,0.0,14,6,0,22.7,31.3,351,15.94,2.84
6,Beale Air Force Base,,39.13611111111111,-121.4363888888889,act,xlsx,,2026-03-05,0,62.4,40.2,50.3,56.4,35.4,44.9,2026-03-05T06:31,2026-03-05T18:02,41433.56,38185.63,5.3,5.3,0.0,0.0,0.0,0.0,0.0,0,0,0,22.3,33.8,335,18.83,2.86
6,Beale Air Force Base,,39.13611111111111,-121.4363888888889,act,xlsx,,2026-03-06,3,64.8,40.0,51.4,61.7,34.0,45.3,2026-03-06T06:30,2026-03-06T18:03,41586.01,38250.23,5.25,5.25,0.0,0.0,0.0,0.0,0.0,0,0,0,25.5,40.3,349,18.97,3.33
6,Beale Air Force Base,,39.13611111111111,-121.4363888888889,act,xlsx,,2026-03-07,2,66.0,42.6,53.5,62.5,35.9,48.1,2026-03-07T06:28,2026-03-07T18:04,41739.23,38349.33,5.4,5.4,0.0,0.0,0.0,0.0,0.0,0,0,0,17.4,34.2,2,19.31,3.53
6,Beale Air Force Base,,39.13611111111111,-121.4363888888889,act,xlsx,,2026-03-08,3,71.2,44.4,56.3,71.2,38.5,53.1,2026-03-08T06:27,2026-03-08T18:05,41893.12,38416.93,5.2,5.2,0.0,0.0,0.0,0.0,0.0,0,0,0,11.2,12.6,39,18.65,3.32
6,Beale Air Force Base,,39.13611111111111,-121.4363888888889,act,xlsx,,2026-03-09,2,70.6,48.9,58.2,70.6,43.9,55.3,2026-03-09T06:25,2026-03-09T18:06,42047.57,38481.1,5.25,5.25,0.0,0.0,0.0,0.0,0.0,0,0,0,13.8,34.6,115,19.02,3.35
7,Cannon Air Force Base,,34.382777777777775,-103.32222222222222,act,xlsx,,2026-03-03,3,79.5,46.9,61.8,70.1,39.4,53.1,2026-03-03T06:19,2026-03-03T17:50,41507.95,38558.98,6.4,6.4,0.0,0.0,0.0,0.0,0.0,0,0,0,28.1,47.5,277,21.38,6.08
7,Cannon Air Force Base,,34.382777777777775,-103.32222222222222,act,xlsx,,2026-03-04,3,68.5,38.7,52.4,64.8,31.2,45.5,2026-03-04T06:17,2026-03-04T17:51,41634.33,36571.82,6.45,6.45,0.0,0.0,0.0,0.0,0.0,1,0,0,25.1,44.6,58,20.68,4.01
7,Cannon Air Force Base,,34.382777777777775,-103.32222222222222,act,xlsx,,2026-03-05,3,77.7,45.3,61.9,63.8,40.8,50.9,2026-03-05T06:16,2026-03-05T17:52,41761.57,38126.76,6.05,6.55,0.0,0.0,0.0,0.0,0.0,10,4,1,48.0,64.4,207,19.17,6.97
7,Cannon Air Force Base,,34.382777777777775,-103.32222222222222,act,xlsx,,2026-03-06,3,64.8,45.3,53.0,50.6,35.0,40.9,2026-03-06T06:15,2026-03-06T17:53,41889.57,38736.31,6.5,6.5,0.0,0.0,0.0,0.0,0.0,1,0,0,42.9,60.5,269,22.04,5.83
7,Cannon Air Force Base,,34.382777777777775,-103.32222222222222,act,xlsx,,2026-03-07,3,58.9,37.2,47.5,48.7,24.6,36.5,2026-03-07T06:14,2026-03-07T17:54,42018.24,38433.54,5.3,6.55,0.0,0.0,0.0,0.0,0.0,5,4,1,36.2,54.4,59,16.99,4.15
7,Cannon Air Force Base,,34.382777777777775,-103.32222222222222,act,xlsx,,2026-03-08,3,72.6,34.9,53.9,64.5,29.4,46.4,2026-03-08T06:12,2026-03-08T17:55,42147.49,37669.76,6.3,6.3,0.0,0.0,0.0,0.0,0.0,5,4,2,22.6,49.7,227,18.82,4.53
7,Cannon Air Force Base,,34.382777777777775,-103.32222222222222,act,xlsx,,2026-03-09,3,80.9,48.5,63.2,70.4,44.5,56.3,2026-03-09T06:11,2026-03-09T17:56,42277.22,39346.31,6.2,6.4,0.0,0.0,0.0,0.0,0.0,22,12,5,28.4,49.7,244,20.91,5.56
8,Joint Base Charleston,,32.89861111111111,-80.04055555555556,act,xlsx,,2026-03-03,45,68.0,52.1,58.4,67.7,48.9,56.9,2026-03-03T06:45,2026-03-03T18:18,41608.56,22683.64,6.15,6.15,0.0,0.0,0.0,0.0,0.0,1,1,0,13.4,32.8,44,12.71,2.13
8,Joint Base Charleston,,32.89861111111111,-80.04055555555556,act,xlsx,,2026-03-04,45,76.3,55.8,63.1,78.5,56.1,64.4,2026-03-04T06:44,2026-03-04T18:19,41727.95,26948.19,6.25,6.25,0.0,0.0,0.0,0.0,0.0,1,1,0,15.1,20.5,164,16.59,3.03
8,Joint Base Charleston,,32.89861111111111,-80.04055555555556,act,xlsx,,2026-03-05,45,78.5,56.9,67.4,79.0,57.4,68.2,2026-03-05T06:42,2026-03-05T18:20,41848.16,38964.27,6.4,6.4,0.0,0.0,0.0,0.0,0.0,2,1,0,15.9,24.1,171,20.3,4.01
8,Joint Base Charleston,,32.89861111111111,-80.04055555555556,act,xlsx,,2026-03-06,51,80.3,63.7,70.4,82.4,66.5,72.2,2026-03-06T06:41,2026-03-06T18:21,41969.09,39087.96,6.5,6.5,0.6,0.0,0.7,0.0,4.0,9,5,1,14.8,28.8,173,20.02,3.96
8,Joint Base Charleston,,32.89861111111111,-80.04055555555556,act,xlsx,,2026-03-07,2,79.2,62.8,69.7,80.7,65.3,71.0,2026-03-07T06:40,2026-03-07T18:21,42090.68,39212.16,6.55,6.55,0.0,0.0,0.0,0.0,0.0,12,5,2,15.9,32.4,172,20.56,4.07
8,Joint Base Charleston,,32.89861111111111,-80.04055555555556,act,xlsx,,2026-03-08,3,81.2,61.6,69.9,81.2,62.0,69.7,2026-03-08T06:39,2026-03-08T18:22,42212.83,39401.73,6.05,6.2,0.0,0.0,0.0,0.0,0.0,25,12,3,16.8,38.2,191,19.79,4.27
8,Joint Base Charleston,,32.89861111111111,-80.04055555555556,act,xlsx,,2026-03-09,51,81.5,63.8,69.5,83.6,65.4,70.3,2026-03-09T06:37,2026-03-09T18:23,42335.44,38534.84,6.05,6.2,0.6,0.0,0.6,0.0,6.0,28,15,9,16.3,43.2,200,17.46,3.59
9,Columbus Air Force Base,,33.64388888888889,-88.44388888888889,act,xlsx,,2026-03-03,3,74.0,57.4,65.3,71.5,56.1,63.6,2026-03-03T06:19,2026-03-03T17:51,41557.83,15199.04,3.65,6.0,0.0,0.0,0.0,0.0,0.0,1,0,0,23.4,38.5,164,9.89,2.44
9,Columbus Air Force Base,,33.64388888888889,-88.44388888888889,act,xlsx,,2026-03-04,45,77.6,59.6,66.9,77.6,60.1,67.5,2026-03-04T06:18,2026-03-04T17:52,41680.73,18000.0,5.95,6.15,0.0,0.0,0.0,0.0,0.0,3,1,1,17.8,28.8,169,11.17,2.42
9,Columbus Air Force Base,,33.64388888888889,-88.44388888888889,act,xlsx,,2026-03-05,3,80.1,59.6,68.4,79.1,58.9,68.1,2026-03-05T06:16,2026-03-05T17:53,41804.46,38098.23,6.15,6.25,0.0,0.0,0.0,0.0,0.0,3,1,1,18.0,39.2,172,18.89,3.84
9,Columbus Air Force Base,,33.64388888888889,-88.44388888888889,act,xlsx,,2026-03-06,51,84.0,63.0,71.1,82.5,64.4,71.7,2026-03-06T06:15,2026-03-06T17:54,41928.95,30192.05,5.55,6.3,0.5,0.0,0.6,0.0,2.0,34,13,1,21.6,52.6,167,13.78,3.24
9,Columbus Air Force Base,,33.64388888888889,-88.44388888888889,act,xlsx,,2026-03-07,81,78.7,63.3,68.4,81.4,62.7,70.0,2026-03-07T06:14,2026-03-07T17:55,42054.09,28682.07,4.2,6.35,21.4,8.6,12.8,0.0,11.0,69,39,10,19.5,51.1,189,9.36,2.01
9,Columbus Air Force Base,,33.64388888888889,-88.44388888888889,act,xlsx,,2026-03-08,53,70.6,62.5,65.4,72.3,65.1,68.4,2026-03-08T06:13,2026-03-08T17:55,42179.8,8378.82,2.3,5.85,5.1,1.2,3.9,0.0,15.0,69,52,40,15.5,32.0,202,3.69,0.8
9,Columbus Air Force Base,,33.64388888888889,-88.44388888888889,act,xlsx,,2026-03-09,80,70.9,62.3,65.9,73.5,64.0,68.2,2026-03-09T06:11,2026-03-09T17:56,42306.0,12034.57,2.0,5.9,5.4,4.5,0.9,0.0,6.0,50,39,24,15.3,36.0,199,4.37,0.88
10,Creech Air Force Base,,36.58722222222222,-115.67333333333332,act,xlsx,,2026-03-03,0,70.1,45.9,58.1,64.7,40.7,52.1,2026-03-03T06:09,2026-03-03T17:38,41342.77,37849.37,6.2,6.2,0.0,0.0,0.0,0.0,0.0,0,0,0,10.6,14.8,289,20.35,3.92
10,Creech Air Force Base,,36.58722222222222,-115.67333333333332,act,xlsx,,2026-03-04,3,73.2,48.2,59.6,68.5,42.3,53.1,2026-03-04T06:08,2026-03-04T17:39,41479.95,35528.47,6.2,6.25,0.0,0.0,0.0,0.0,0.0,3,0,0,14.4,27.4,156,19.58,4.17
10,Creech Air Force Base,,36.58722222222222,-115.67333333333332,act,xlsx,,2026-03-05,3,58.1,46.7,51.9,43.9,36.8,40.3,2026-03-05T06:07,2026-03-05T17:40,41618.03,38272.47,6.1,6.1,0.0,0.0,0.0,0.0,0.0,3,2,0,38.3,47.2,322,20.57,5.0
10,Creech Air Force Base,,36.58722222222222,-115.67333333333332,act,xlsx,,2026-03-06,51,53.8,42.4,48.2,47.3,34.0,39.3,2026-03-06T06:05,2026-03-06T17:41,41756.93,38044.26,5.6,5.95,0.1,0.0,0.1,0.0,1.0,0,0,0,26.4,36.4,336,18.6,3.96
10,Creech Air Force Base,,36.58722222222222,-115.67333333333332,act,xlsx,,2026-03-07,0,63.9,41.1,52.6,49.2,33.0,41.1,2026-03-07T06:04,2026-03-07T17:42,41896.54,38738.18,6.0,6.0,0.0,0.0,0.0,0.0,0.0,0,0,0,41.8,62.3,49,20.82,5.3
10,Creech Air Force Base,,36.58722222222222,-115.67333333333332,act,xlsx,,2026-03-08,2,70.9,46.1,57.8,63.6,40.6,51.8,2026-03-08T06:03,2026-03-08T17:43,42036.77,39017.89,6.05,6.05,0.0,0.0,0.0,0.0,0.0,0,0,0,14.6,23.0,34,20.82,3.92
10,Creech Air Force Base,,36.58722222222222,-115.67333333333332,act,xlsx,,2026-03-09,3,72.9,54.1,63.2,65.4,49.1,56.9,2026-03-09T06:01,2026-03-09T17:44,42177.52,39161.68,6.05,6.05,0.0,0.0,0.0,0.0,0.0,2,1,0,27.5,21.6,112,19.82,4.67
11,Davis–Monthan Air Force Base,,32.16638888888889,-110.88305555555554,act,xlsx,,2026-03-03,0,84.3,56.8,69.9,77.1,49.4,62.4,2026-03-03T06:48,2026-03-03T18:22,41671.45,38801.15,6.9,6.9,0.0,0.0,0.0,0.0,0.0,0,0,0,21.6,36.0,242,21.84,6.19
11,Davis–Monthan Air Force Base,,32.16638888888889,-110.88305555555554,act,xlsx,,2026-03-04,3,82.2,52.3,66.4,76.9,44.1,58.9,2026-03-04T06:46,2026-03-04T18:23,41787.6,35336.26,6.3,6.9,0.0,0.0,0.0,0.0,0.0,0,0,0,18.1,25.6,203,21.82,5.93
11,Davis–Monthan Air Force Base,,32.16638888888889,-110.88305555555554,act,xlsx,,2026-03-05,3,77.5,53.4,65.1,66.2,45.4,54.7,2026-03-05T06:45,2026-03-05T18:24,41904.54,39018.33,6.95,6.95,0.0,0.0,0.0,0.0,0.0,0,0,0,39.0,36.7,257,22.29,7.4
11,Davis–Monthan Air Force Base,,32.16638888888889,-110.88305555555554,act,xlsx,,2026-03-06,0,66.0,50.5,58.4,58.4,42.7,50.2,2026-03-06T06:44,2026-03-06T18:24,42022.2,39092.22,6.85,6.85,0.0,0.0,0.0,0.0,0.0,0,0,0,20.9,29.2,316,23.17,5.29
11,Davis–Monthan Air Force Base,,32.16638888888889,-110.88305555555554,act,xlsx,,2026-03-07,3,76.6,54.5,65.1,67.2,44.9,55.8,2026-03-07T06:43,2026-03-07T18:25,42140.46,39166.99,6.85,6.85,0.0,0.0,0.0,0.0,0.0,14,7,0,26.6,37.1,135,22.19,6.79
11,Davis–Monthan Air Force Base,,32.16638888888889,-110.88305555555554,act,xlsx,,2026-03-08,3,84.3,62.7,71.7,75.2,53.3,63.6,2026-03-08T06:42,2026-03-08T18:26,42259.28,39518.81,6.6,6.7,0.0,0.0,0.0,0.0,0.0,18,12,7,28.6,47.9,125,21.31,7.15
11,Davis–Monthan Air Force Base,,32.16638888888889,-110.88305555555554,act,xlsx,,2026-03-09,3,79.6,59.2,69.0,75.3,55.8,63.3,2026-03-09T06:40,2026-03-09T18:27,42378.54,39685.22,6.7,6.75,0.0,0.0,0.0,0.0,0.0,29,22,18,36.2,35.6,232,21.22,5.97
12,Dover Air Force Base,,39.12833333333333,-75.46472222222222,act,xlsx,,2026-03-03,55,43.3,32.5,38.3,39.4,25.5,33.1,2026-03-03T06:31,2026-03-03T17:56,41114.11,0.0,1.35,4.9,3.6,3.6,0.0,0.0,10.0,53,22,1,15.5,30.2,114,1.92,0.33
12,Dover Air Force Base,,39.12833333333333,-75.46472222222222,act,xlsx,,2026-03-04,51,51.7,41.9,47.5,49.0,36.9,43.4,2026-03-04T06:29,2026-03-04T17:57,41264.46,0.0,3.85,5.15,0.5,0.5,0.0,0.0,2.0,41,23,9,24.8,43.2,209,2.87,0.48
12,Dover Air Force Base,,39.12833333333333,-75.46472222222222,act,xlsx,,2026-03-05,53,69.0,37.6,54.0,66.9,34.0,51.2,2026-03-05T06:28,2026-03-05T17:58,41415.81,36279.41,5.2,5.25,0.85,0.0,0.85,0.0,3.0,66,38,20,22.8,52.6,210,15.57,2.48
12,Dover Air Force Base,,39.12833333333333,-75.46472222222222,act,xlsx,,2026-03-06,55,65.8,41.0,52.9,67.5,32.4,48.7,2026-03-06T06:26,2026-03-06T17:59,41568.06,38015.46,5.25,5.35,2.1,0.0,2.1,0.0,3.0,44,20,4,27.3,38.2,134,15.85,2.09
12,Dover Air Force Base,,39.12833333333333,-75.46472222222222,act,xlsx,,2026-03-07,53,62.7,40.9,49.8,60.1,32.5,45.0,2026-03-07T06:25,2026-03-07T18:00,41721.1,22641.34,3.75,5.4,1.7,0.0,1.7,0.0,4.0,40,16,4,29.8,69.1,130,8.0,1.21
12,Dover Air Force Base,,39.12833333333333,-75.46472222222222,act,xlsx,,2026-03-08,53,62.4,49.0,57.0,58.3,43.0,51.9,2026-03-08T06:23,2026-03-08T18:01,41874.82,38181.6,5.25,5.25,1.2,0.3,0.9,0.0,5.0,40,24,14,28.5,67.0,274,17.7,2.99
12,Dover Air Force Base,,39.12833333333333,-75.46472222222222,act,xlsx,,2026-03-09,3,65.8,49.3,57.7,65.1,43.7,55.6,2026-03-09T06:22,2026-03-09T18:02,42029.11,35541.0,3.2,5.0,0.0,0.0,0.0,0.0,0.0,26,21,15,20.1,45.0,206,9.97,1.68
13,Dyess Air Force Base,,32.420833333333334,-99.85472222222222,act,xlsx,,2026-03-03,3,87.2,63.2,74.0,83.3,57.4,68.9,2026-03-03T07:04,2026-03-03T18:38,41649.54,37897.31,6.1,6.45,0.0,0.0,0.0,0.0,0.0,2,1,0,35.2,64.4,188,20.34,6.39
13,Dyess Air Force Base,,32.420833333333334,-99.85472222222222,act,xlsx,,2026-03-04,3,71.5,56.0,62.8,70.6,52.3,60.4,2026-03-04T07:02,2026-03-04T18:39,41766.71,14400.0,3.6,6.4,0.0,0.0,0.0,0.0,0.0,52,13,1,31.9,67.3,4,8.56,2.23
13,Dyess Air Force Base,,32.420833333333334,-99.85472222222222,act,xlsx,,2026-03-05,51,81.3,55.4,68.7,74.8,53.6,63.6,2026-03-05T07:01,2026-03-05T18:39,41884.7,31524.87,6.4,6.55,0.4,0.0,0.4,0.0,2.0,52,31,26,45.4,75.2,166,14.14,4.41
13,Dyess Air Force Base,,32.420833333333334,-99.85472222222222,act,xlsx,,2026-03-06,3,85.5,63.3,72.3,76.2,58.6,65.6,2026-03-06T07:00,2026-03-06T18:40,42003.4,38762.06,6.65,6.65,0.0,0.0,0.0,0.0,0.0,35,22,15,41.8,72.4,194,21.1,6.25
13,Dyess Air Force Base,,32.420833333333334,-99.85472222222222,act,xlsx,,2026-03-07,81,67.3,56.0,59.7,67.1,47.0,55.7,2026-03-07T06:59,2026-03-07T18:41,42122.73,12810.52,3.0,6.45,16.5,0.5,16.0,0.0,17.0,59,45,15,31.3,38.5,43,5.22,1.69
13,Dyess Air Force Base,,32.420833333333334,-99.85472222222222,act,xlsx,,2026-03-08,51,63.3,54.3,58.4,61.8,49.8,55.9,2026-03-08T06:58,2026-03-08T18:42,42242.6,19715.79,3.05,6.25,2.0,0.0,2.0,0.0,16.0,37,28,19,28.7,50.8,190,6.54,1.47
13,Dyess Air Force Base,,32.420833333333334,-99.85472222222222,act,xlsx,,2026-03-09,3,73.0,57.9,66.1,69.5,58.1,64.2,2026-03-09T06:56,2026-03-09T18:42,42362.94,39505.27,5.05,6.25,0.0,0.0,0.0,0.0,0.0,40,31,19,31.6,55.4,206,15.61,2.97
14,Edwards Air Force Base,,34.90555555555555,-117.88361111111112,act,xlsx,,2026-03-03,3,72.7,38.6,54.9,68.1,34.1,49.9,2026-03-03T06:17,2026-03-03T17:49,41474.1,37445.76,6.45,6.45,0.0,0.0,0.0,0.0,0.0,0,0,0,14.1,25.9,322,20.72,3.86
14,Edwards Air Force Base,,34.90555555555555,-117.88361111111112,act,xlsx,,2026-03-04,3,73.6,41.4,55.1,67.6,35.6,48.6,2026-03-04T06:16,2026-03-04T17:49,41602.98,29912.33,6.1,6.45,0.0,0.0,0.0,0.0,0.0,0,0,0,30.3,58.7,264,19.78,4.25
14,Edwards Air Force Base,,34.90555555555555,-117.88361111111112,act,xlsx,,2026-03-05,0,62.8,44.9,52.4,56.8,35.2,44.9,2026-03-05T06:15,2026-03-05T17:50,41732.72,38744.23,6.35,6.35,0.0,0.0,0.0,0.0,0.0,0,0,0,26.7,57.2,279,21.3,4.26
14,Edwards Air Force Base,,34.90555555555555,-117.88361111111112,act,xlsx,,2026-03-06,3,61.1,44.2,52.3,52.4,39.0,43.9,2026-03-06T06:13,2026-03-06T17:51,41863.24,37103.82,6.15,6.15,0.0,0.0,0.0,0.0,0.0,0,0,0,38.1,63.0,49,20.58,4.69
14,Edwards Air Force Base,,34.90555555555555,-117.88361111111112,act,xlsx,,2026-03-07,3,64.5,48.1,56.9,49.1,35.6,41.9,2026-03-07T06:12,2026-03-07T17:52,41994.44,38474.5,6.0,6.15,0.0,0.0,0.0,0.0,0.0,1,0,0,51.6,69.5,41,18.95,6.85
14,Edwards Air Force Base,,34.90555555555555,-117.88361111111112,act,xlsx,,2026-03-08,3,72.6,54.6,64.3,57.8,43.2,51.0,2026-03-08T06:11,2026-03-08T17:53,42126.22,39178.29,5.7,6.1,0.0,0.0,0.0,0.0,0.0,2,1,0,47.9,66.6,61,19.22,7.7
14,Edwards Air Force Base,,34.90555555555555,-117.88361111111112,act,xlsx,,2026-03-09,51,65.5,51.6,58.3,64.7,48.3,53.6,2026-03-09T06:09,2026-03-09T17:54,42258.5,38653.2,6.0,6.0,0.9,0.0,0.9,0.0,6.0,3,2,1,22.9,25.6,233,17.87,3.75
15,Eglin Air Force Base,,30.48333333333333,-86.53333333333333,act,xlsx,,2026-03-03,3,70.1,57.4,63.0,71.3,57.4,63.5,2026-03-03T06:09,2026-03-03T17:46,41787.81,36178.2,6.5,6.55,0.0,0.0,0.0,0.0,0.0,0,0,0,20.0,34.6,112,15.98,2.42
15,Eglin Air Force Base,,30.48333333333333,-86.53333333333333,act,xlsx,,2026-03-04,45,71.3,55.8,63.6,75.9,54.0,65.0,2026-03-04T06:08,2026-03-04T17:46,41896.4,17679.59,6.6,6.6,0.0,0.0,0.0,0.0,0.0,1,1,0,15.2,28.1,125,15.39,2.28
15,Eglin Air Force Base,,30.48333333333333,-86.53333333333333,act,xlsx,,2026-03-05,45,76.8,62.8,68.4,79.1,64.6,70.4,2026-03-05T06:07,2026-03-05T17:47,42005.74,38450.13,6.7,6.7,0.0,0.0,0.0,0.0,0.0,10,3,0,19.8,31.3,143,20.72,3.64
15,Eglin Air Force Base,,30.48333333333333,-86.53333333333333,act,xlsx,,2026-03-06,3,77.7,63.5,69.3,79.4,65.6,71.2,2026-03-06T06:06,2026-03-06T17:48,42115.74,39162.61,6.45,6.8,0.0,0.0,0.0,0.0,0.0,16,6,2,21.3,33.1,137,20.38,3.65
15,Eglin Air Force Base,,30.48333333333333,-86.53333333333333,act,xlsx,,2026-03-07,3,78.0,63.8,69.3,81.7,66.0,71.9,2026-03-07T06:05,2026-03-07T17:48,42226.34,39118.27,6.85,6.85,0.0,0.0,0.0,0.0,0.0,13,5,1,17.4,29.9,146,20.76,3.77
15,Eglin Air Force Base,,30.48333333333333,-86.53333333333333,act,xlsx,,2026-03-08,0,79.5,60.8,69.3,82.0,62.5,71.4,2026-03-08T06:04,2026-03-08T17:49,42337.44,39527.22,6.45,6.45,0.0,0.0,0.0,0.0,0.0,16,8,2,13.0,15.1,173,21.64,4.05
15,Eglin Air Force Base,,30.48333333333333,-86.53333333333333,act,xlsx,,2026-03-09,3,79.3,62.0,69.5,81.3,65.6,71.8,2026-03-09T06:02,2026-03-09T17:50,42448.98,39641.13,6.25,6.45,0.0,0.0,0.0,0.0,0.0,18,10,5,13.2,16.2,194,20.92,3.93
16,Ellsworth Air Force Base,,44.145,-103.1036111111111,act,xlsx,,2026-03-03,1,59.4,34.7,45.6,50.1,25.6,36.2,2026-03-03T06:25,2026-03-03T17:43,40667.72,36708.49,4.75,4.75,0.0,0.0,0.0,0.0,0.0,0,0,0,23.2,37.1,346,17.16,3.62
16,Ellsworth Air Force Base,,44.145,-103.1036111111111,act,xlsx,,2026-03-04,3,68.5,35.0,50.0,61.6,25.5,41.1,2026-03-04T06:23,2026-03-04T17:44,40847.43,30688.32,4.85,4.85,0.0,0.0,0.0,0.0,0.0,0,0,0,19.4,29.5,183,16.91,4.15
16,Ellsworth Air Force Base,,44.145,-103.1036111111111,act,xlsx,,2026-03-05,3,69.9,41.2,54.7,60.3,31.3,45.2,2026-03-05T06:22,2026-03-05T17:45,41028.29,36760.18,4.9,4.9,0.0,0.0,0.0,0.0,0.0,19,6,0,36.2,46.1,254,13.46,4.37
16,Ellsworth Air Force Base,,44.145,-103.1036111111111,act,xlsx,,2026-03-06,85,42.7,26.0,31.8,29.4,8.3,15.4,2026-03-06T06:20,2026-03-06T17:47,41210.18,10028.26,1.15,4.95,8.0,1.6,1.0,3.85,10.0,45,35,15,53.5,76.0,337,2.93,0.95
16,Ellsworth Air Force Base,,44.145,-103.1036111111111,act,xlsx,,2026-03-07,3,54.1,21.5,38.1,45.5,12.9,29.4,2026-03-07T06:18,2026-03-07T17:48,41392.97,37359.43,5.45,5.45,0.0,0.0,0.0,0.0,0.0,3,1,0,36.7,64.4,253,17.58,2.59
16,Ellsworth Air Force Base,,44.145,-103.1036111111111,act,xlsx,,2026-03-08,3,54.6,40.3,48.1,50.6,31.9,40.8,2026-03-08T06:16,2026-03-08T17:49,41576.54,35562.61,2.2,4.9,0.0,0.0,0.0,0.0,0.0,9,6,3,17.7,33.1,263,7.56,2.16
16,Ellsworth Air Force Base,,44.145,-103.1036111111111,act,xlsx,,2026-03-09,3,59.1,39.9,50.0,49.7,32.3,40.5,2026-03-09T06:14,2026-03-09T17:50,41760.74,38331.25,4.4,4.85,0.0,0.0,0.0,0.0,0.0,23,12,6,37.5,42.1,336,14.84,3.33
17,Francis E. Warren Air Force Base,,41.13305555555556,-104.86694444444444,act,xlsx,,2026-03-03,71,42.7,33.3,38.6,38.3,26.6,32.5,2026-03-03T06:29,2026-03-03T17:52,40950.94,633.19,2.75,6.3,7.8,7.4,0.0,0.28,6.0,67,22,1,15.2,28.1,345,7.25,0.89
17,Francis E. Warren Air Force Base,,41.13305555555556,-104.86694444444444,act,xlsx,,2026-03-04,1,55.1,30.8,41.1,49.2,24.0,34.2,2026-03-04T06:28,2026-03-04T17:53,41112.54,36087.11,6.0,6.0,0.0,0.0,0.0,0.0,0.0,1,0,0,17.8,24.5,214,18.52,2.83
17,Francis E. Warren Air Force Base,,41.13305555555556,-104.86694444444444,act,xlsx,,2026-03-05,3,57.5,31.7,46.2,48.0,24.6,37.8,2026-03-05T06:26,2026-03-05T17:54,41275.2,36593.7,5.75,5.75,0.0,0.0,0.0,0.0,0.0,49,17,0,21.7,39.9,226,17.57,3.52
17,Francis E. Warren Air Force Base,,41.13305555555556,-104.86694444444444,act,xlsx,,2026-03-06,85,41.6,23.5,29.6,33.2,8.1,16.1,2026-03-06T06:25,2026-03-06T17:55,41438.8,31747.68,5.5,6.55,8.3,2.6,0.1,3.92,9.0,80,67,47,44.5,60.1,336,12.04,0.89
17,Francis E. Warren Air Force Base,,41.13305555555556,-104.86694444444444,act,xlsx,,2026-03-07,3,43.2,19.8,31.1,32.6,10.4,19.6,2026-03-07T06:23,2026-03-07T17:57,41603.24,38081.33,6.2,6.2,0.0,0.0,0.0,0.0,0.0,7,2,0,50.1,83.5,250,19.98,2.53
17,Francis E. Warren Air Force Base,,41.13305555555556,-104.86694444444444,act,xlsx,,2026-03-08,3,51.8,37.2,44.7,37.3,16.5,26.7,2026-03-08T06:22,2026-03-08T17:58,41768.38,38259.24,4.85,5.6,0.0,0.0,0.0,0.0,0.0,2,1,0,58.6,99.0,261,16.73,4.73
17,Francis E. Warren Air Force Base,,41.13305555555556,-104.86694444444444,act,xlsx,,2026-03-09,3,61.2,45.6,52.4,47.0,29.2,38.4,2026-03-09T06:20,2026-03-09T17:59,41934.11,38713.5,5.35,5.65,0.0,0.0,0.0,0.0,0.0,6,4,2,42.4,82.4,259,17.88,5.42
18,Fairchild Air Force Base,,47.615,-117.65555555555557,act,xlsx,,2026-03-03,3,53.9,30.3,41.9,45.1,23.5,35.2,2026-03-03T06:26,2026-03-03T17:38,40311.65,29605.61,3.7,4.0,0.0,0.0,0.0,0.0,0.0,6,1,0,24.7,37.4,212,13.34,1.76
18,Fairchild Air Force Base,,47.615,-117.65555555555557,act,xlsx,,2026-03-04,51,47.5,35.4,41.3,37.4,27.7,33.4,2026-03-04T06:24,2026-03-04T17:39,40514.89,7200.0,1.2,3.8,0.4,0.4,0.0,0.0,1.0,59,29,6,28.5,48.2,242,7.76,1.05
18,Fairchild Air Force Base,,47.615,-117.65555555555557,act,xlsx,,2026-03-05,51,46.0,32.1,39.3,38.2,24.5,31.3,2026-03-05T06:22,2026-03-05T17:41,40719.4,36084.22,3.6,3.95,0.3,0.0,0.3,0.0,2.0,11,8,3,21.1,36.4,243,12.13,1.57
18,Fairchild Air Force Base,,47.615,-117.65555555555557,act,xlsx,,2026-03-06,3,47.0,30.6,38.3,40.5,24.6,31.8,2026-03-06T06:20,2026-03-06T17:42,40925.04,36471.88,4.1,4.1,0.0,0.0,0.0,0.0,0.0,30,12,5,12.2,27.0,197,15.56,1.87
18,Fairchild Air Force Base,,47.615,-117.65555555555557,act,xlsx,,2026-03-07,3,44.5,33.9,39.8,39.2,27.1,33.2,2026-03-07T06:18,2026-03-07T17:44,41131.65,17068.64,3.55,4.15,0.0,0.0,0.0,0.0,0.0,20,11,4,19.4,39.6,183,5.07,0.83
18,Fairchild Air Force Base,,47.615,-117.65555555555557,act,xlsx,,2026-03-08,45,50.4,40.9,45.2,40.6,33.1,36.7,2026-03-08T06:16,2026-03-08T17:45,41339.09,6754.77,1.5,4.05,0.0,0.0,0.0,0.0,0.0,21,11,4,39.2,65.2,211,3.25,0.96
18,Fairchild Air Force Base,,47.615,-117.65555555555557,act,xlsx,,2026-03-09,3,47.4,35.8,42.4,37.6,27.3,32.7,2026-03-09T06:14,2026-03-09T17:47,41547.24,37177.77,3.15,4.15,0.0,0.0,0.0,0.0,0.0,22,17,7,36.2,64.1,230,10.34,2.06
19,Fort George G. Meade,,39.10694444444445,-76.74305555555556,act,xlsx,,2026-03-03,73,43.1,31.2,35.4,36.9,25.1,30.0,2026-03-03T06:36,2026-03-03T18:01,41115.18,0.0,1.45,4.95,7.3,5.8,0.0,1.05,12.0,64,29,2,16.2,30.2,142,2.56,0.33
19,Fort George G. Meade,,39.10694444444445,-76.74305555555556,act,xlsx,,2026-03-04,51,51.1,43.9,47.4,48.5,36.9,43.5,2026-03-04T06:34,2026-03-04T18:02,41265.46,0.0,2.25,5.15,0.73,0.73,0.0,0.0,2.0,52,27,14,19.5,44.3,215,3.37,0.54
19,Fort George G. Meade,,39.10694444444445,-76.74305555555556,act,xlsx,,2026-03-05,53,73.6,44.0,57.5,72.8,41.4,56.5,2026-03-05T06:33,2026-03-05T18:03,41416.75,38095.71,5.3,5.3,1.3,0.0,1.3,0.0,2.0,62,38,22,14.8,45.4,213,16.76,2.75
19,Fort George G. Meade,,39.10694444444445,-76.74305555555556,act,xlsx,,2026-03-06,53,74.4,45.7,60.8,76.5,39.6,60.2,2026-03-06T06:31,2026-03-06T18:04,41568.93,31545.63,5.4,5.4,1.3,0.0,1.3,0.0,4.0,38,17,7,19.2,40.0,165,15.27,2.74
19,Fort George G. Meade,,39.10694444444445,-76.74305555555556,act,xlsx,,2026-03-07,80,70.7,44.1,55.1,71.8,38.9,52.9,2026-03-07T06:30,2026-03-07T18:05,41721.9,26022.9,3.95,5.5,4.9,0.0,4.9,0.0,7.0,40,16,3,20.1,60.1,146,9.62,1.66
19,Fort George G. Meade,,39.10694444444445,-76.74305555555556,act,xlsx,,2026-03-08,53,65.8,52.8,59.3,63.8,48.2,56.1,2026-03-08T06:28,2026-03-08T18:06,41875.55,38460.76,5.25,5.25,1.2,0.4,0.8,0.0,2.0,40,21,10,18.7,53.6,284,17.91,3.09
19,Fort George G. Meade,,39.10694444444445,-76.74305555555556,act,xlsx,,2026-03-09,51,71.7,53.5,61.3,71.3,52.0,60.9,2026-03-09T06:27,2026-03-09T18:07,42029.78,38562.58,4.4,5.05,0.6,0.6,0.0,0.0,3.0,23,20,13,13.8,33.8,209,13.32,2.28
20,Gila Bend Air Force Auxiliary Field,,32.8875,-112.72,act,xlsx,,2026-03-03,3,86.0,58.2,71.8,81.9,52.3,65.6,2026-03-03T06:55,2026-03-03T18:29,41619.8,38394.61,6.6,6.6,0.0,0.0,0.0,0.0,0.0,0,0,0,15.8,24.1,249,21.34,5.9
20,Gila Bend Air Force Auxiliary Field,,32.8875,-112.72,act,xlsx,,2026-03-04,3,85.2,56.7,69.5,77.9,48.5,61.7,2026-03-04T06:54,2026-03-04T18:30,41739.18,31258.67,5.9,6.65,0.0,0.0,0.0,0.0,0.0,0,0,0,15.9,19.8,237,20.51,6.18
20,Gila Bend Air Force Auxiliary Field,,32.8875,-112.72,act,xlsx,,2026-03-05,3,77.9,57.6,67.5,67.8,50.7,57.9,2026-03-05T06:53,2026-03-05T18:31,41859.37,38613.24,6.6,6.6,0.0,0.0,0.0,0.0,0.0,0,0,0,37.0,49.3,280,21.55,7.13
20,Gila Bend Air Force Auxiliary Field,,32.8875,-112.72,act,xlsx,,2026-03-06,3,71.5,53.4,63.5,66.8,46.0,56.6,2026-03-06T06:52,2026-03-06T18:31,41980.28,38691.84,6.5,6.5,0.0,0.0,0.0,0.0,0.0,0,0,0,10.6,10.4,319,22.19,4.71
20,Gila Bend Air Force Auxiliary Field,,32.8875,-112.72,act,xlsx,,2026-03-07,3,78.9,56.2,67.3,68.4,47.2,59.1,2026-03-07T06:50,2026-03-07T18:32,42101.83,38686.07,5.95,6.45,0.0,0.0,0.0,0.0,0.0,4,2,0,30.2,41.4,146,18.46,6.22
20,Gila Bend Air Force Auxiliary Field,,32.8875,-112.72,act,xlsx,,2026-03-08,3,85.8,60.3,70.3,79.2,57.5,65.7,2026-03-08T06:49,2026-03-08T18:33,42223.94,39335.51,5.9,6.35,0.0,0.0,0.0,0.0,0.0,5,3,1,27.7,38.2,206,18.85,5.39
20,Gila Bend Air Force Auxiliary Field,,32.8875,-112.72,act,xlsx,,2026-03-09,3,79.9,59.9,68.3,74.3,57.3,63.8,2026-03-09T06:48,2026-03-09T18:34,42346.5,39476.97,5.95,6.45,0.0,0.0,0.0,0.0,0.0,10,6,4,26.3,34.2,229,18.78,5.13
21,Goodfellow Air Force Base,,31.42944444444445,-100.39888888888888,act,xlsx,,2026-03-03,3,86.8,58.1,71.7,83.9,57.6,69.4,2026-03-03T07:05,2026-03-03T18:41,41720.27,38090.88,6.25,6.55,0.0,0.0,0.0,0.0,0.0,1,0,0,26.6,47.5,188,20.78,5.34
21,Goodfellow Air Force Base,,31.42944444444445,-100.39888888888888,act,xlsx,,2026-03-04,3,78.8,63.2,70.3,78.5,62.2,70.1,2026-03-04T07:04,2026-03-04T18:41,41833.04,18000.0,5.95,6.55,0.0,0.0,0.0,0.0,0.0,45,11,1,30.3,60.1,174,13.01,3.21
21,Goodfellow Air Force Base,,31.42944444444445,-100.39888888888888,act,xlsx,,2026-03-05,3,86.3,63.0,73.0,78.4,62.2,68.4,2026-03-05T07:03,2026-03-05T18:42,41946.6,27155.92,6.2,6.65,0.0,0.0,0.0,0.0,0.0,45,22,17,45.6,72.0,175,12.9,5.2
21,Goodfellow Air Force Base,,31.42944444444445,-100.39888888888888,act,xlsx,,2026-03-06,3,85.6,63.6,73.6,78.2,60.3,68.0,2026-03-06T07:02,2026-03-06T18:43,42060.85,38532.41,6.75,6.75,0.0,0.0,0.0,0.0,0.0,23,16,11,39.6,72.0,198,21.18,6.57
21,Goodfellow Air Force Base,,31.42944444444445,-100.39888888888888,act,xlsx,,2026-03-07,81,74.2,57.1,64.0,75.4,51.0,61.8,2026-03-07T07:01,2026-03-07T18:44,42175.71,23023.95,4.85,6.55,29.1,0.0,29.1,0.0,19.0,67,48,11,32.9,37.8,48,9.31,2.17
21,Goodfellow Air Force Base,,31.42944444444445,-100.39888888888888,act,xlsx,,2026-03-08,80,61.9,56.5,59.0,63.1,53.1,57.5,2026-03-08T06:59,2026-03-08T18:44,42291.09,2234.55,1.9,6.3,11.7,2.1,9.6,0.0,22.0,42,36,25,19.9,37.8,66,3.41,0.86
21,Goodfellow Air Force Base,,31.42944444444445,-100.39888888888888,act,xlsx,,2026-03-09,3,72.9,60.9,66.1,72.2,59.6,65.8,2026-03-09T06:58,2026-03-09T18:45,42406.92,22695.6,2.6,6.35,0.0,0.0,0.0,0.0,0.0,38,34,25,20.0,42.1,194,6.35,1.6
22,Grand Forks Air Force Base,,47.96111111111112,-97.40111111111112,act,xlsx,,2026-03-03,45,23.4,12.8,18.5,17.7,0.9,10.2,2026-03-03T07:05,2026-03-03T18:16,40256.97,2047.85,4.65,4.8,0.0,0.0,0.0,0.0,0.0,0,0,0,21.7,32.0,351,11.2,0.59
22,Grand Forks Air Force Base,,47.96111111111112,-97.40111111111112,act,xlsx,,2026-03-04,45,37.6,21.4,28.5,32.5,13.0,20.1,2026-03-04T07:03,2026-03-04T18:18,40462.54,25876.19,4.6,4.9,0.0,0.0,0.0,0.0,0.0,0,0,0,24.2,36.4,311,13.62,1.06
22,Grand Forks Air Force Base,,47.96111111111112,-97.40111111111112,act,xlsx,,2026-03-05,56,32.5,13.6,24.6,26.1,3.8,16.2,2026-03-05T07:02,2026-03-05T18:19,40669.39,20788.24,2.2,4.8,0.1,0.0,0.1,0.0,1.0,15,5,0,15.9,28.1,19,4.95,0.32
22,Grand Forks Air Force Base,,47.96111111111112,-97.40111111111112,act,xlsx,,2026-03-06,85,34.3,21.5,26.4,28.6,8.0,16.0,2026-03-06T07:00,2026-03-06T18:21,40877.4,0.0,0.8,4.9,5.7,1.7,0.7,2.31,14.0,19,15,10,32.3,61.2,352,1.2,0.15
22,Grand Forks Air Force Base,,47.96111111111112,-97.40111111111112,act,xlsx,,2026-03-07,73,37.8,16.1,26.9,26.4,5.0,16.3,2026-03-07T06:58,2026-03-07T18:22,41086.41,37451.26,5.05,5.05,1.7,0.6,0.0,0.77,3.0,14,7,2,35.6,71.3,270,15.83,1.13
22,Grand Forks Air Force Base,,47.96111111111112,-97.40111111111112,act,xlsx,,2026-03-08,3,40.6,33.0,36.8,33.1,26.4,28.9,2026-03-08T06:56,2026-03-08T18:24,41296.27,37167.82,4.35,4.45,0.0,0.0,0.0,0.0,0.0,21,16,10,28.7,60.5,255,14.54,1.14
22,Grand Forks Air Force Base,,47.96111111111112,-97.40111111111112,act,xlsx,,2026-03-09,3,47.0,20.6,35.0,35.2,9.1,23.8,2026-03-09T06:54,2026-03-09T18:25,41506.84,38117.2,3.15,4.0,0.0,0.0,0.0,0.0,0.0,28,20,15,40.8,74.2,281,12.7,1.27
23,Hanscom Air Force Base,,42.47,-71.28916666666666,act,xlsx,,2026-03-03,73,32.1,15.4,25.7,26.1,7.8,18.6,2026-03-03T06:16,2026-03-03T17:37,40814.15,20016.13,3.1,4.9,10.2,7.2,0.0,2.1,9.0,96,31,0,10.8,27.0,187,12.02,1.02
23,Hanscom Air Force Base,,42.47,-71.28916666666666,act,xlsx,,2026-03-04,56,49.2,29.3,38.0,45.4,22.6,32.9,2026-03-04T06:15,2026-03-04T17:38,40983.48,37010.86,4.8,4.9,0.5,0.5,0.0,0.0,3.0,77,9,0,10.6,27.4,241,17.3,1.8
23,Hanscom Air Force Base,,42.47,-71.28916666666666,act,xlsx,,2026-03-05,63,34.6,32.3,33.3,29.8,26.5,28.0,2026-03-05T06:13,2026-03-05T17:39,41153.93,277.86,0.75,4.75,9.02,9.02,0.0,0.0,16.0,63,23,2,9.7,33.5,52,0.87,0.2
23,Hanscom Air Force Base,,42.47,-71.28916666666666,act,xlsx,,2026-03-06,71,35.7,32.5,33.6,30.2,24.7,26.8,2026-03-06T06:11,2026-03-06T17:40,41325.37,0.0,0.9,4.9,9.9,9.5,0.0,0.28,11.0,81,46,9,18.5,43.6,34,1.43,0.23
23,Hanscom Air Force Base,,42.47,-71.28916666666666,act,xlsx,,2026-03-07,53,48.3,32.6,37.3,43.0,27.8,32.0,2026-03-07T06:10,2026-03-07T17:41,41497.68,0.0,0.9,5.15,2.0,1.6,0.4,0.0,7.0,48,16,8,18.1,70.2,181,1.47,0.24
23,Hanscom Air Force Base,,42.47,-71.28916666666666,act,xlsx,,2026-03-08,55,52.8,38.5,46.2,48.3,32.9,40.2,2026-03-08T06:08,2026-03-08T17:43,41670.73,37538.43,4.85,4.95,1.9,1.8,0.1,0.0,5.0,48,16,5,22.5,76.0,263,17.5,2.03
23,Hanscom Air Force Base,,42.47,-71.28916666666666,act,xlsx,,2026-03-09,3,64.8,38.6,50.6,61.6,32.6,46.2,2026-03-09T06:06,2026-03-09T17:44,41844.41,38559.44,4.9,4.9,0.0,0.0,0.0,0.0,0.0,10,9,8,12.4,52.6,220,17.99,2.66
24,Hill Air Force Base,,41.12388888888889,-111.97277777777778,act,xlsx,,2026-03-03,73,48.6,33.7,40.5,44.5,28.6,36.4,2026-03-03T06:58,2026-03-03T18:21,40952.37,26689.44,3.3,5.3,4.2,3.3,0.0,0.63,5.0,68,14,0,8.7,10.8,301,14.15,1.7
24,Hill Air Force Base,,41.12388888888889,-111.97277777777778,act,xlsx,,2026-03-04,3,54.1,36.4,43.9,51.5,26.3,38.6,2026-03-04T06:56,2026-03-04T18:22,41113.88,34550.54,5.4,5.4,0.0,0.0,0.0,0.0,0.0,23,5,0,33.8,74.2,181,17.99,2.43
24,Hill Air Force Base,,41.12388888888889,-111.97277777777778,act,xlsx,,2026-03-05,85,40.5,33.2,36.3,34.1,24.3,28.9,2026-03-05T06:55,2026-03-05T18:23,41276.45,33225.55,2.8,5.2,5.62,1.8,1.3,1.98,14.0,70,60,41,28.0,55.1,282,8.32,1.15
24,Hill Air Force Base,,41.12388888888889,-111.97277777777778,act,xlsx,,2026-03-06,85,38.5,30.6,34.0,31.6,23.0,27.1,2026-03-06T06:53,2026-03-06T18:24,41439.96,38209.91,3.45,5.3,2.6,0.3,1.4,1.12,16.0,35,25,4,16.1,18.0,324,10.81,1.21
24,Hill Air Force Base,,41.12388888888889,-111.97277777777778,act,xlsx,,2026-03-07,0,43.8,31.8,37.1,38.3,25.4,31.2,2026-03-07T06:52,2026-03-07T18:25,41604.3,38378.74,5.45,5.45,0.0,0.0,0.0,0.0,0.0,1,0,0,11.2,6.8,181,19.06,2.15
24,Hill Air Force Base,,41.12388888888889,-111.97277777777778,act,xlsx,,2026-03-08,2,51.0,34.1,42.4,44.7,27.4,35.9,2026-03-08T06:50,2026-03-08T18:26,41769.35,38550.94,5.35,5.4,0.0,0.0,0.0,0.0,0.0,5,3,1,11.0,9.4,147,18.75,2.59
24,Hill Air Force Base,,41.12388888888889,-111.97277777777778,act,xlsx,,2026-03-09,3,60.7,41.5,50.1,54.7,33.9,43.4,2026-03-09T06:48,2026-03-09T18:27,41935.0,38720.57,5.5,5.5,0.0,0.0,0.0,0.0,0.0,13,6,1,12.3,15.1,142,18.97,3.39
25,Homey Airport,,37.23333333333333,-115.80833333333334,act,xlsx,,2026-03-03,0,63.4,37.3,49.2,58.8,29.7,43.0,2026-03-03T06:11,2026-03-03T17:39,41289.7,37831.38,6.15,6.15,0.0,0.0,0.0,0.0,0.0,0,0,0,13.1,24.1,307,20.27,3.4
25,Homey Airport,,37.23333333333333,-115.80833333333334,act,xlsx,,2026-03-04,3,66.0,36.7,50.6,57.9,30.5,42.7,2026-03-04T06:09,2026-03-04T17:40,41430.22,30276.49,5.6,6.2,0.0,0.0,0.0,0.0,0.0,7,1,0,27.1,45.0,248,19.52,4.35
25,Homey Airport,,37.23333333333333,-115.80833333333334,act,xlsx,,2026-03-05,3,50.4,39.1,44.3,34.6,25.8,31.6,2026-03-05T06:08,2026-03-05T17:41,41571.68,38292.05,6.05,6.05,0.0,0.0,0.0,0.0,0.0,7,4,0,43.9,54.0,346,20.34,3.94
25,Homey Airport,,37.23333333333333,-115.80833333333334,act,xlsx,,2026-03-06,51,46.1,35.7,41.1,34.0,25.9,30.6,2026-03-06T06:06,2026-03-06T17:42,41713.98,38484.84,5.4,5.9,0.1,0.0,0.1,0.0,1.0,0,0,0,35.1,47.5,9,18.36,3.14
25,Homey Airport,,37.23333333333333,-115.80833333333334,act,xlsx,,2026-03-07,0,55.6,37.2,46.0,40.3,21.6,32.0,2026-03-07T06:05,2026-03-07T17:43,41857.0,38683.39,5.95,5.95,0.0,0.0,0.0,0.0,0.0,0,0,0,44.3,59.4,45,20.78,4.51
25,Homey Airport,,37.23333333333333,-115.80833333333334,act,xlsx,,2026-03-08,0,64.9,42.0,53.7,55.2,33.0,45.0,2026-03-08T06:03,2026-03-08T17:43,42000.66,38962.24,5.95,5.95,0.0,0.0,0.0,0.0,0.0,0,0,0,23.7,22.3,40,20.81,4.62
25,Homey Airport,,37.23333333333333,-115.80833333333334,act,xlsx,,2026-03-09,3,67.6,51.1,58.3,61.2,43.1,50.9,2026-03-09T06:02,2026-03-09T17:44,42144.84,39109.15,5.8,6.0,0.0,0.0,0.0,0.0,0.0,1,1,0,25.4,29.9,154,19.4,4.62
26,Holloman Air Force Base,,32.8525,-106.10638888888889,act,xlsx,,2026-03-03,3,80.0,45.8,63.3,73.0,38.4,55.3,2026-03-03T06:29,2026-03-03T18:03,41622.32,38622.24,6.95,6.95,0.0,0.0,0.0,0.0,0.0,1,0,0,26.3,42.5,216,22.1,5.82
26,Holloman Air Force Base,,32.8525,-106.10638888888889,act,xlsx,,2026-03-04,3,76.4,42.9,60.2,71.1,35.8,52.9,2026-03-04T06:28,2026-03-04T18:03,41741.54,36000.0,7.0,7.0,0.0,0.0,0.0,0.0,0.0,0,0,0,13.6,26.6,181,22.01,5.18
26,Holloman Air Force Base,,32.8525,-106.10638888888889,act,xlsx,,2026-03-05,3,74.1,49.7,63.2,61.5,40.4,52.2,2026-03-05T06:27,2026-03-05T18:04,41861.58,38521.73,7.05,7.05,0.0,0.0,0.0,0.0,0.0,0,0,0,34.0,43.2,189,22.09,7.2
26,Holloman Air Force Base,,32.8525,-106.10638888888889,act,xlsx,,2026-03-06,3,64.5,50.8,57.1,54.9,42.4,48.1,2026-03-06T06:25,2026-03-06T18:05,41982.33,38683.51,6.95,6.95,0.0,0.0,0.0,0.0,0.0,1,0,0,25.7,26.6,176,22.53,5.58
26,Holloman Air Force Base,,32.8525,-106.10638888888889,act,xlsx,,2026-03-07,3,69.1,51.7,60.2,62.8,44.1,52.4,2026-03-07T06:24,2026-03-07T18:06,42103.72,38221.52,6.35,7.05,0.0,0.0,0.0,0.0,0.0,11,6,3,17.4,17.3,92,17.9,4.66
26,Holloman Air Force Base,,32.8525,-106.10638888888889,act,xlsx,,2026-03-08,3,71.8,54.9,62.3,67.1,48.0,56.7,2026-03-08T06:23,2026-03-08T18:07,42225.66,38997.51,6.75,6.75,0.0,0.0,0.0,0.0,0.0,14,9,4,8.4,7.6,266,19.83,4.19
26,Holloman Air Force Base,,32.8525,-106.10638888888889,act,xlsx,,2026-03-09,3,74.7,55.6,65.5,73.5,51.8,62.2,2026-03-09T06:21,2026-03-09T18:07,42348.07,39468.79,6.6,6.85,0.0,0.0,0.0,0.0,0.0,24,20,16,16.1,15.1,172,20.57,4.46
27,Hurlburt Field,,30.42777777777778,-86.68944444444445,act,xlsx,,2026-03-03,3,69.4,58.0,63.7,70.8,57.5,64.1,2026-03-03T06:10,2026-03-03T17:46,41792.3,34088.74,6.55,6.55,0.0,0.0,0.0,0.0,0.0,0,0,0,20.4,37.4,112,15.94,2.39
27,Hurlburt Field,,30.42777777777778,-86.68944444444445,act,xlsx,,2026-03-04,45,71.5,56.2,64.2,76.0,55.0,66.0,2026-03-04T06:09,2026-03-04T17:47,41900.61,24863.17,6.65,6.65,0.0,0.0,0.0,0.0,0.0,1,1,0,15.1,27.7,118,16.05,2.37
27,Hurlburt Field,,30.42777777777778,-86.68944444444445,act,xlsx,,2026-03-05,51,74.6,63.0,68.2,77.5,64.3,70.4,2026-03-05T06:08,2026-03-05T17:48,42009.66,38520.0,6.75,6.75,0.4,0.0,0.4,0.0,2.0,9,3,0,18.4,28.8,129,20.86,3.47
27,Hurlburt Field,,30.42777777777778,-86.68944444444445,act,xlsx,,2026-03-06,3,75.9,65.1,69.1,79.3,66.7,71.1,2026-03-06T06:07,2026-03-06T17:48,42119.39,39239.57,6.8,6.8,0.0,0.0,0.0,0.0,0.0,15,6,2,19.4,36.4,124,20.21,3.45
27,Hurlburt Field,,30.42777777777778,-86.68944444444445,act,xlsx,,2026-03-07,3,77.1,65.1,69.4,81.4,67.1,72.1,2026-03-07T06:05,2026-03-07T17:49,42229.7,39401.02,6.85,6.9,0.0,0.0,0.0,0.0,0.0,12,4,1,16.3,32.4,130,20.84,3.66
27,Hurlburt Field,,30.42777777777778,-86.68944444444445,act,xlsx,,2026-03-08,0,78.5,62.4,69.5,81.9,64.4,72.0,2026-03-08T06:04,2026-03-08T17:50,42340.52,39536.3,6.45,6.45,0.0,0.0,0.0,0.0,0.0,15,8,3,11.4,16.2,160,21.66,3.96
27,Hurlburt Field,,30.42777777777778,-86.68944444444445,act,xlsx,,2026-03-09,3,78.4,63.2,70.0,81.0,67.3,72.6,2026-03-09T06:03,2026-03-09T17:51,42451.77,39649.68,6.25,6.45,0.0,0.0,0.0,0.0,0.0,17,10,5,11.7,18.0,193,21.1,3.9
28,Keesler Air Force Base,,30.411388888888887,-88.92361111111111,act,xlsx,,2026-03-03,45,72.6,64.1,67.3,73.9,63.8,68.0,2026-03-03T06:19,2026-03-03T17:55,41793.22,15781.53,6.55,6.55,0.0,0.0,0.0,0.0,0.0,3,0,0,22.9,41.0,116,12.45,2.03
28,Keesler Air Force Base,,30.411388888888887,-88.92361111111111,act,xlsx,,2026-03-04,3,73.6,62.3,67.3,76.9,63.9,69.1,2026-03-04T06:18,2026-03-04T17:56,41901.47,37093.38,6.7,6.7,0.0,0.0,0.0,0.0,0.0,1,1,0,16.6,29.5,121,20.07,3.26
28,Keesler Air Force Base,,30.411388888888887,-88.92361111111111,act,xlsx,,2026-03-05,45,75.2,62.3,69.0,78.0,64.0,71.6,2026-03-05T06:16,2026-03-05T17:57,42010.47,38712.25,6.2,6.75,0.0,0.0,0.0,0.0,0.0,26,9,0,15.6,30.2,122,19.44,3.33
28,Keesler Air Force Base,,30.411388888888887,-88.92361111111111,act,xlsx,,2026-03-06,51,75.9,66.4,70.4,78.8,69.0,72.6,2026-03-06T06:15,2026-03-06T17:57,42120.14,38694.71,6.65,6.85,0.1,0.0,0.1,0.0,1.0,50,22,6,21.1,36.4,125,20.35,3.37
28,Keesler Air Force Base,,30.411388888888887,-88.92361111111111,act,xlsx,,2026-03-07,3,77.5,67.0,70.9,81.6,70.2,74.1,2026-03-07T06:14,2026-03-07T17:58,42230.39,39015.37,6.7,6.85,0.0,0.0,0.0,0.0,0.0,34,17,4,16.6,32.8,130,20.64,3.6
28,Keesler Air Force Base,,30.411388888888887,-88.92361111111111,act,xlsx,,2026-03-08,3,77.5,65.3,70.8,81.0,69.3,73.7,2026-03-08T06:13,2026-03-08T17:59,42341.15,39536.3,6.35,6.45,0.0,0.0,0.0,0.0,0.0,37,20,7,12.4,16.9,146,20.35,3.77
28,Keesler Air Force Base,,30.411388888888887,-88.92361111111111,act,xlsx,,2026-03-09,3,77.7,65.8,71.2,81.3,70.3,74.1,2026-03-09T06:12,2026-03-09T17:59,42452.34,39649.67,6.1,6.4,0.0,0.0,0.0,0.0,0.0,30,16,8,12.0,25.9,178,20.18,3.8
29,Kegelman Air Force Auxiliary Field,,36.73805555555556,-98.1261111111111,act,xlsx,,2026-03-03,45,60.2,41.2,50.4,56.4,35.5,45.5,2026-03-03T06:59,2026-03-03T18:28,41318.21,21504.93,5.2,5.75,0.0,0.0,0.0,0.0,0.0,4,0,0,25.8,40.3,3,12.61,1.95
29,Kegelman Air Force Auxiliary Field,,36.73805555555556,-98.1261111111111,act,xlsx,,2026-03-04,51,49.6,47.1,48.4,48.0,41.0,44.4,2026-03-04T06:58,2026-03-04T18:29,41456.12,0.0,4.75,5.65,0.4,0.4,0.0,0.0,1.0,48,14,0,19.1,34.2,358,2.66,0.56
29,Kegelman Air Force Auxiliary Field,,36.73805555555556,-98.1261111111111,act,xlsx,,2026-03-05,55,70.8,44.3,58.6,68.9,41.0,55.3,2026-03-05T06:57,2026-03-05T18:30,41594.97,28376.79,3.4,5.8,3.8,0.0,3.8,0.0,11.0,72,26,9,38.0,71.6,157,8.29,1.69
29,Kegelman Air Force Auxiliary Field,,36.73805555555556,-98.1261111111111,act,xlsx,,2026-03-06,55,80.8,57.6,67.5,72.9,48.5,60.0,2026-03-06T06:55,2026-03-06T18:31,41734.64,33099.76,6.0,6.0,1.6,0.0,1.6,0.0,3.0,72,37,22,43.9,79.6,196,15.06,4.57
29,Kegelman Air Force Auxiliary Field,,36.73805555555556,-98.1261111111111,act,xlsx,,2026-03-07,3,58.9,43.7,51.7,52.1,33.5,43.6,2026-03-07T06:54,2026-03-07T18:32,41875.05,38415.0,5.5,5.95,0.0,0.0,0.0,0.0,0.0,30,7,3,25.2,49.0,4,17.0,3.59
29,Kegelman Air Force Auxiliary Field,,36.73805555555556,-98.1261111111111,act,xlsx,,2026-03-08,3,72.7,46.7,58.1,66.8,40.5,52.5,2026-03-08T06:52,2026-03-08T18:33,42016.07,39000.84,5.5,5.6,0.0,0.0,0.0,0.0,0.0,5,3,1,18.2,46.4,200,20.07,4.15
29,Kegelman Air Force Auxiliary Field,,36.73805555555556,-98.1261111111111,act,xlsx,,2026-03-09,3,87.1,54.9,69.3,81.7,49.7,64.4,2026-03-09T06:51,2026-03-09T18:34,42157.63,39145.24,5.6,5.6,0.0,0.0,0.0,0.0,0.0,14,7,4,28.7,52.6,211,20.17,5.55
30,Kirtland Air Force Base,,35.040277777777774,-106.60916666666668,act,xlsx,,2026-03-03,3,70.9,44.7,57.5,61.0,36.8,49.2,2026-03-03T06:32,2026-03-03T18:03,41458.62,38419.47,6.45,6.45,0.0,0.0,0.0,0.0,0.0,1,0,0,24.6,44.3,276,21.09,5.0
30,Kirtland Air Force Base,,35.040277777777774,-106.60916666666668,act,xlsx,,2026-03-04,3,66.8,39.4,53.3,61.0,33.2,46.1,2026-03-04T06:31,2026-03-04T18:04,41588.09,36073.62,6.5,6.5,0.0,0.0,0.0,0.0,0.0,1,0,0,14.7,22.0,119,20.93,4.34
30,Kirtland Air Force Base,,35.040277777777774,-106.60916666666668,act,xlsx,,2026-03-05,3,68.3,42.9,56.2,56.1,33.5,45.5,2026-03-05T06:30,2026-03-05T18:05,41718.45,38471.1,6.25,6.55,0.0,0.0,0.0,0.0,0.0,2,0,0,42.5,61.2,211,19.91,5.87
30,Kirtland Air Force Base,,35.040277777777774,-106.60916666666668,act,xlsx,,2026-03-06,3,56.8,40.2,48.9,44.5,29.1,38.1,2026-03-06T06:28,2026-03-06T18:06,41849.58,38556.84,6.45,6.45,0.0,0.0,0.0,0.0,0.0,2,2,1,29.6,47.5,270,21.73,4.9
30,Kirtland Air Force Base,,35.040277777777774,-106.60916666666668,act,xlsx,,2026-03-07,3,58.6,45.3,50.9,47.0,33.1,40.1,2026-03-07T06:27,2026-03-07T18:07,41981.4,38610.9,6.45,6.45,0.0,0.0,0.0,0.0,0.0,4,3,2,33.4,53.3,98,20.34,4.69
30,Kirtland Air Force Base,,35.040277777777774,-106.60916666666668,act,xlsx,,2026-03-08,0,66.5,46.1,56.2,61.0,37.5,49.4,2026-03-08T06:26,2026-03-08T18:08,42113.8,39151.79,6.3,6.3,0.0,0.0,0.0,0.0,0.0,3,2,0,11.3,14.4,360,21.28,4.03
30,Kirtland Air Force Base,,35.040277777777774,-106.60916666666668,act,xlsx,,2026-03-09,3,70.3,53.0,61.8,64.7,46.6,55.1,2026-03-09T06:24,2026-03-09T18:08,42246.71,39287.67,6.45,6.45,0.0,0.0,0.0,0.0,0.0,12,8,3,19.4,36.0,157,21.49,4.83
31,Joint Base Langley–Eustis,,37.08277777777778,-76.36055555555555,act,xlsx,,2026-03-03,51,50.1,37.9,43.8,47.4,31.8,40.0,2026-03-03T06:33,2026-03-03T18:01,41285.05,0.0,5.1,5.35,0.1,0.1,0.0,0.0,1.0,50,10,1,13.0,26.3,326,6.14,0.82
31,Joint Base Langley–Eustis,,37.08277777777778,-76.36055555555555,act,xlsx,,2026-03-04,45,68.4,45.1,53.9,66.8,41.3,50.9,2026-03-04T06:31,2026-03-04T18:02,41424.64,21600.0,5.6,5.6,0.0,0.0,0.0,0.0,0.0,7,4,2,21.4,41.0,220,12.51,1.85
31,Joint Base Langley–Eustis,,37.08277777777778,-76.36055555555555,act,xlsx,,2026-03-05,51,73.4,45.3,61.1,69.1,42.4,58.2,2026-03-05T06:30,2026-03-05T18:03,41565.18,38199.45,5.15,5.7,0.4,0.4,0.0,0.0,1.0,7,4,3,22.5,46.4,212,16.8,3.35
31,Joint Base Langley–Eustis,,37.08277777777778,-76.36055555555555,act,xlsx,,2026-03-06,55,77.9,54.7,65.9,77.8,51.5,64.0,2026-03-06T06:29,2026-03-06T18:04,41706.56,38212.44,5.8,5.8,1.6,0.0,1.6,0.0,3.0,8,6,4,19.3,45.4,215,18.28,3.71
31,Joint Base Langley–Eustis,,37.08277777777778,-76.36055555555555,act,xlsx,,2026-03-07,45,77.0,53.4,64.9,74.8,51.3,63.3,2026-03-07T06:27,2026-03-07T18:05,41848.68,31216.35,5.5,5.95,0.0,0.0,0.0,0.0,0.0,20,9,4,23.3,49.3,199,14.36,3.31
31,Joint Base Langley–Eustis,,37.08277777777778,-76.36055555555555,act,xlsx,,2026-03-08,45,68.5,56.4,62.6,67.6,53.5,60.0,2026-03-08T06:26,2026-03-08T18:06,41991.45,38474.45,4.65,5.55,0.0,0.0,0.0,0.0,0.0,34,27,20,24.2,52.6,195,14.91,2.79
31,Joint Base Langley–Eustis,,37.08277777777778,-76.36055555555555,act,xlsx,,2026-03-09,51,73.2,61.5,66.2,71.4,59.6,64.9,2026-03-09T06:24,2026-03-09T18:07,42134.74,29653.61,5.1,5.5,0.3,0.0,0.3,0.0,3.0,35,30,27,22.2,43.6,216,13.07,2.61
32,Laughlin Air Force Base,,29.35944444444445,-100.77805555555555,act,xlsx,,2026-03-03,3,84.8,63.2,72.2,81.6,61.0,69.9,2026-03-03T07:06,2026-03-03T18:43,41865.56,24444.73,6.65,6.75,0.0,0.0,0.0,0.0,0.0,1,0,0,29.7,48.6,131,14.16,4.12
32,Laughlin Air Force Base,,29.35944444444445,-100.77805555555555,act,xlsx,,2026-03-04,3,83.6,68.5,73.1,84.2,66.1,72.1,2026-03-04T07:04,2026-03-04T18:44,41969.34,7200.0,5.75,6.65,0.0,0.0,0.0,0.0,0.0,25,6,1,33.9,58.0,139,9.99,3.27
32,Laughlin Air Force Base,,29.35944444444445,-100.77805555555555,act,xlsx,,2026-03-05,51,89.4,65.9,75.0,83.7,66.1,71.6,2026-03-05T07:03,2026-03-05T18:45,42073.82,26342.71,6.75,6.8,0.28,0.08,0.2,0.0,2.0,34,19,10,40.7,73.8,146,14.43,5.35
32,Laughlin Air Force Base,,29.35944444444445,-100.77805555555555,act,xlsx,,2026-03-06,53,89.0,64.5,75.0,87.2,63.5,73.0,2026-03-06T07:02,2026-03-06T18:45,42178.96,38932.39,6.85,6.85,0.6,0.0,0.6,0.0,2.0,23,10,7,32.2,52.9,129,20.49,5.58
32,Laughlin Air Force Base,,29.35944444444445,-100.77805555555555,act,xlsx,,2026-03-07,80,81.3,67.0,73.0,83.2,66.6,72.8,2026-03-07T07:01,2026-03-07T18:46,42284.66,15893.27,2.4,6.7,6.4,0.2,6.2,0.0,8.0,63,46,9,32.0,55.8,114,5.83,2.35
32,Laughlin Air Force Base,,29.35944444444445,-100.77805555555555,act,xlsx,,2026-03-08,53,74.4,67.7,71.4,75.9,68.6,72.2,2026-03-08T07:00,2026-03-08T18:47,42390.85,20555.73,2.85,6.45,4.0,0.3,3.7,0.0,10.0,63,46,30,21.5,41.4,94,6.23,2.03
32,Laughlin Air Force Base,,29.35944444444445,-100.77805555555555,act,xlsx,,2026-03-09,3,81.4,64.9,72.4,81.9,65.0,72.8,2026-03-09T06:59,2026-03-09T18:47,42497.45,22579.64,4.3,6.55,0.0,0.0,0.0,0.0,0.0,36,32,25,26.0,44.6,132,8.52,2.65
33,Joint Base Lewis-McChord,,47.1475,-122.47944444444444,act,xlsx,,2026-03-03,53,52.5,41.6,47.7,49.2,38.4,44.3,2026-03-03T06:45,2026-03-03T17:58,40362.29,0.0,0.8,3.95,0.98,0.98,0.0,0.0,4.0,56,20,3,14.0,36.0,209,3.18,0.62
33,Joint Base Lewis-McChord,,47.1475,-122.47944444444444,act,xlsx,,2026-03-04,63,50.0,41.8,46.2,44.7,34.8,40.8,2026-03-04T06:43,2026-03-04T17:59,40562.25,6094.03,3.6,3.9,4.6,4.6,0.0,0.0,3.0,70,44,17,20.0,42.5,239,7.19,0.97
33,Joint Base Lewis-McChord,,47.1475,-122.47944444444444,act,xlsx,,2026-03-05,51,49.2,41.5,45.0,43.6,35.2,39.1,2026-03-05T06:41,2026-03-05T18:00,40763.46,28267.51,2.35,4.0,0.1,0.1,0.0,0.0,1.0,54,50,40,16.3,34.6,227,6.75,1.18
33,Joint Base Lewis-McChord,,47.1475,-122.47944444444444,act,xlsx,,2026-03-06,51,54.5,42.2,47.9,50.9,39.5,44.6,2026-03-06T06:39,2026-03-06T18:02,40965.78,26205.67,3.45,4.1,0.8,0.2,0.6,0.0,6.0,81,60,40,7.2,21.6,221,8.47,1.28
33,Joint Base Lewis-McChord,,47.1475,-122.47944444444444,act,xlsx,,2026-03-07,51,50.2,47.1,48.9,46.0,44.4,45.2,2026-03-07T06:37,2026-03-07T18:03,41169.07,0.0,0.45,4.2,0.2,0.2,0.0,0.0,2.0,52,49,38,14.3,29.9,201,0.77,0.41
33,Joint Base Lewis-McChord,,47.1475,-122.47944444444444,act,xlsx,,2026-03-08,3,53.5,43.2,50.0,47.7,34.9,44.1,2026-03-08T06:35,2026-03-08T18:05,41373.19,3767.8,1.4,3.95,0.0,0.0,0.0,0.0,0.0,62,54,38,22.7,46.4,211,2.7,0.82
33,Joint Base Lewis-McChord,,47.1475,-122.47944444444444,act,xlsx,,2026-03-09,3,52.0,37.2,43.3,44.4,31.5,36.5,2026-03-09T06:33,2026-03-09T18:06,41578.0,32000.35,3.1,4.05,0.0,0.0,0.0,0.0,0.0,69,59,39,17.9,35.6,215,8.69,1.63
34,Little Rock Air Force Base,,34.91694444444444,-92.1463888888889,act,xlsx,,2026-03-03,3,74.5,45.9,60.1,72.8,42.4,58.4,2026-03-03T06:34,2026-03-03T18:05,41461.7,16315.32,5.35,5.85,0.0,0.0,0.0,0.0,0.0,1,0,0,20.4,35.6,167,9.58,2.09
34,Little Rock Air Force Base,,34.91694444444444,-92.1463888888889,act,xlsx,,2026-03-04,80,75.7,59.5,66.4,74.5,60.2,66.5,2026-03-04T06:33,2026-03-04T18:06,41590.6,20098.15,5.3,5.9,2.9,2.9,0.0,0.0,2.0,44,9,1,21.6,37.4,186,10.56,2.22
34,Little Rock Air Force Base,,34.91694444444444,-92.1463888888889,act,xlsx,,2026-03-05,51,75.8,63.1,67.5,78.7,63.2,68.0,2026-03-05T06:32,2026-03-05T18:07,41720.39,26490.06,3.05,5.9,1.15,0.1,1.08,0.0,4.0,50,30,9,18.0,56.5,185,7.98,1.86
34,Little Rock Air Force Base,,34.91694444444444,-92.1463888888889,act,xlsx,,2026-03-06,81,75.8,62.2,69.4,76.0,63.2,69.3,2026-03-06T06:31,2026-03-06T18:08,41850.96,33501.23,4.35,6.05,3.5,0.0,3.5,0.0,3.0,44,14,4,23.6,53.6,172,10.29,2.49
34,Little Rock Air Force Base,,34.91694444444444,-92.1463888888889,act,xlsx,,2026-03-07,81,77.4,61.4,68.2,79.7,60.5,69.9,2026-03-07T06:29,2026-03-07T18:09,41982.21,24610.63,5.8,6.15,35.1,12.6,22.5,0.0,22.0,77,60,42,18.8,54.0,220,11.68,2.36
34,Little Rock Air Force Base,,34.91694444444444,-92.1463888888889,act,xlsx,,2026-03-08,53,66.4,57.8,61.9,68.7,57.1,62.8,2026-03-08T06:28,2026-03-08T18:10,42114.05,11344.28,2.3,5.6,0.7,0.1,0.6,0.0,1.0,51,35,22,11.0,34.9,138,4.95,1.02
34,Little Rock Air Force Base,,34.91694444444444,-92.1463888888889,act,xlsx,,2026-03-09,51,80.2,62.4,70.4,81.4,64.6,71.8,2026-03-09T06:26,2026-03-09T18:11,42246.4,39291.9,5.35,5.65,0.6,0.0,0.6,0.0,3.0,29,24,18,21.9,45.7,219,18.37,3.64
35,Luke Air Force Base,,33.535,-112.38305555555554,act,xlsx,,2026-03-03,3,86.5,61.1,73.2,83.2,55.3,67.2,2026-03-03T06:54,2026-03-03T18:27,41571.77,38436.19,6.5,6.5,0.0,0.0,0.0,0.0,0.0,0,0,0,15.4,31.3,327,21.09,5.49
35,Luke Air Force Base,,33.535,-112.38305555555554,act,xlsx,,2026-03-04,3,83.9,52.3,68.2,77.7,44.8,61.1,2026-03-04T06:53,2026-03-04T18:28,41694.16,38461.34,5.7,6.55,0.0,0.0,0.0,0.0,0.0,0,0,0,14.8,18.4,266,20.87,5.48
35,Luke Air Force Base,,33.535,-112.38305555555554,act,xlsx,,2026-03-05,3,75.9,58.1,66.5,65.7,49.0,56.4,2026-03-05T06:52,2026-03-05T18:29,41817.37,38618.32,6.5,6.5,0.0,0.0,0.0,0.0,0.0,0,0,0,41.5,56.5,270,21.32,6.92
35,Luke Air Force Base,,33.535,-112.38305555555554,act,xlsx,,2026-03-06,3,70.7,54.3,62.7,64.9,47.2,55.1,2026-03-06T06:51,2026-03-06T18:30,41941.32,38734.04,6.4,6.4,0.0,0.0,0.0,0.0,0.0,0,0,0,16.4,20.9,302,21.78,5.47
35,Luke Air Force Base,,33.535,-112.38305555555554,act,xlsx,,2026-03-07,3,78.2,58.3,67.7,69.6,48.9,59.0,2026-03-07T06:49,2026-03-07T18:30,42065.93,38738.84,5.85,6.4,0.0,0.0,0.0,0.0,0.0,3,1,0,21.4,35.6,77,19.34,6.38
35,Luke Air Force Base,,33.535,-112.38305555555554,act,xlsx,,2026-03-08,3,81.8,61.7,70.6,77.4,57.1,65.7,2026-03-08T06:48,2026-03-08T18:31,42191.1,39290.07,5.55,6.25,0.0,0.0,0.0,0.0,0.0,5,3,1,18.9,24.1,294,18.34,4.46
35,Luke Air Force Base,,33.535,-112.38305555555554,act,xlsx,,2026-03-09,3,77.5,61.7,68.4,75.9,58.2,64.3,2026-03-09T06:47,2026-03-09T18:32,42316.74,39276.59,6.4,6.4,0.0,0.0,0.0,0.0,0.0,14,8,5,32.1,27.4,245,20.29,5.08
36,MacDill Air Force Base,,27.849444444444444,-82.52111111111111,act,xlsx,,2026-03-03,1,83.3,61.4,70.6,85.6,61.2,71.6,2026-03-03T06:52,2026-03-03T18:31,41963.88,38739.21,7.05,7.05,0.0,0.0,0.0,0.0,0.0,8,1,0,18.6,37.8,70,20.94,4.27
36,MacDill Air Force Base,,27.849444444444444,-82.52111111111111,act,xlsx,,2026-03-04,3,84.6,65.0,72.7,87.7,66.9,74.5,2026-03-04T06:51,2026-03-04T18:32,42061.3,38745.3,7.15,7.15,0.0,0.0,0.0,0.0,0.0,8,2,0,18.8,46.4,76,20.84,4.4
36,MacDill Air Force Base,,27.849444444444444,-82.52111111111111,act,xlsx,,2026-03-05,80,79.3,63.9,71.0,86.2,64.8,73.0,2026-03-05T06:50,2026-03-05T18:32,42159.41,32576.44,7.25,7.25,6.0,0.0,6.0,0.0,6.0,58,22,0,20.1,34.6,96,18.64,3.69
36,MacDill Air Force Base,,27.849444444444444,-82.52111111111111,act,xlsx,,2026-03-06,3,80.3,66.8,72.6,84.6,68.3,74.4,2026-03-06T06:49,2026-03-06T18:33,42258.12,37300.23,7.25,7.25,0.0,0.0,0.0,0.0,0.0,48,22,6,23.5,36.0,107,19.52,3.91
36,MacDill Air Force Base,,27.849444444444444,-82.52111111111111,act,xlsx,,2026-03-07,3,79.9,67.4,72.4,80.0,68.4,72.9,2026-03-07T06:48,2026-03-07T18:34,42357.37,38934.65,6.8,7.35,0.0,0.0,0.0,0.0,0.0,30,13,3,29.9,37.1,101,20.48,4.33
36,MacDill Air Force Base,,27.849444444444444,-82.52111111111111,act,xlsx,,2026-03-08,3,80.9,66.4,72.4,85.2,68.0,74.3,2026-03-08T06:46,2026-03-08T18:34,42457.08,39435.02,6.85,6.9,0.0,0.0,0.0,0.0,0.0,19,9,2,18.8,29.5,59,21.47,4.38
36,MacDill Air Force Base,,27.849444444444444,-82.52111111111111,act,xlsx,,2026-03-09,2,80.7,66.2,72.4,86.4,67.9,74.5,2026-03-09T06:45,2026-03-09T18:35,42557.19,39830.16,6.95,6.95,0.0,0.0,0.0,0.0,0.0,16,8,3,20.5,26.6,81,21.92,4.46
37,Malmstrom Air Force Base,,47.50472222222222,-111.18722222222225,act,xlsx,,2026-03-03,3,60.6,35.1,46.3,48.5,25.0,35.8,2026-03-03T07:00,2026-03-03T18:12,40315.58,30526.54,4.05,4.3,0.0,0.0,0.0,0.0,0.0,0,0,0,27.2,39.6,238,14.78,3.84
37,Malmstrom Air Force Base,,47.50472222222222,-111.18722222222225,act,xlsx,,2026-03-04,61,58.2,38.2,46.6,47.1,29.5,37.2,2026-03-04T06:58,2026-03-04T18:14,40517.96,0.0,3.1,4.3,2.2,2.2,0.0,0.0,2.0,42,10,0,33.5,60.8,243,9.15,2.86
37,Malmstrom Air Force Base,,47.50472222222222,-111.18722222222225,act,xlsx,,2026-03-05,73,39.6,30.1,33.0,30.9,23.2,26.7,2026-03-05T06:56,2026-03-05T18:15,40721.62,17617.65,2.45,5.1,20.05,7.65,0.0,8.68,21.0,46,38,26,19.8,33.8,274,5.13,0.59
37,Malmstrom Air Force Base,,47.50472222222222,-111.18722222222225,act,xlsx,,2026-03-06,45,34.4,20.6,28.6,30.2,13.1,21.9,2026-03-06T06:54,2026-03-06T18:17,40926.4,37320.78,5.35,5.35,0.0,0.0,0.0,0.0,0.0,14,7,2,12.5,24.1,234,16.37,1.26
37,Malmstrom Air Force Base,,47.50472222222222,-111.18722222222225,act,xlsx,,2026-03-07,3,44.4,26.2,37.6,31.8,17.7,25.0,2026-03-07T06:52,2026-03-07T18:18,41132.17,37470.51,4.8,5.3,0.0,0.0,0.0,0.0,0.0,7,4,1,42.0,70.2,224,13.37,2.1
37,Malmstrom Air Force Base,,47.50472222222222,-111.18722222222225,act,xlsx,,2026-03-08,3,53.5,42.2,47.6,40.0,29.9,34.6,2026-03-08T06:50,2026-03-08T18:19,41338.77,37782.25,4.35,4.55,0.0,0.0,0.0,0.0,0.0,16,12,8,47.7,70.6,229,13.93,3.12
37,Malmstrom Air Force Base,,47.50472222222222,-111.18722222222225,act,xlsx,,2026-03-09,71,50.2,31.2,35.9,35.0,22.5,27.3,2026-03-09T06:48,2026-03-09T18:21,41546.08,25033.27,2.9,4.6,0.3,0.0,0.0,0.21,3.0,27,25,23,47.1,73.8,6,7.02,1.03
38,Maxwell Air Force Base,,32.37916666666667,-86.3625,act,xlsx,,2026-03-03,3,74.0,56.3,64.9,72.9,54.0,63.1,2026-03-03T06:10,2026-03-03T17:44,41651.98,15718.46,6.25,6.25,0.0,0.0,0.0,0.0,0.0,1,0,0,19.2,36.0,117,11.49,2.71
38,Maxwell Air Force Base,,32.37916666666667,-86.3625,act,xlsx,,2026-03-04,3,81.5,54.3,68.1,80.7,52.9,67.7,2026-03-04T06:09,2026-03-04T17:45,41769.0,37607.92,6.35,6.35,0.0,0.0,0.0,0.0,0.0,1,0,0,15.4,24.5,150,18.48,3.97
38,Maxwell Air Force Base,,32.37916666666667,-86.3625,act,xlsx,,2026-03-05,45,83.0,60.7,70.2,82.8,62.8,71.4,2026-03-05T06:07,2026-03-05T17:45,41886.84,29826.49,6.45,6.45,0.0,0.0,0.0,0.0,0.0,16,6,0,16.9,28.1,178,14.72,3.44
38,Maxwell Air Force Base,,32.37916666666667,-86.3625,act,xlsx,,2026-03-06,55,82.0,63.3,71.4,84.6,65.2,73.5,2026-03-06T06:06,2026-03-06T17:46,42005.38,31223.54,6.45,6.55,3.0,0.0,3.0,0.0,7.0,37,14,1,16.6,28.4,164,17.24,3.66
38,Maxwell Air Force Base,,32.37916666666667,-86.3625,act,xlsx,,2026-03-07,80,84.7,63.6,72.7,86.9,65.9,74.9,2026-03-07T06:05,2026-03-07T17:47,42124.55,32592.05,6.6,6.6,4.8,0.0,4.8,0.0,8.0,34,18,2,15.5,34.6,176,18.16,3.96
38,Maxwell Air Force Base,,32.37916666666667,-86.3625,act,xlsx,,2026-03-08,51,84.1,62.5,72.1,84.8,64.5,73.7,2026-03-08T06:04,2026-03-08T17:48,42244.27,39377.52,6.2,6.2,0.4,0.0,0.4,0.0,1.0,40,27,15,12.8,38.2,205,20.52,4.22
38,Maxwell Air Force Base,,32.37916666666667,-86.3625,act,xlsx,,2026-03-09,51,78.0,64.9,69.1,80.3,66.2,71.4,2026-03-09T06:02,2026-03-09T17:48,42364.46,28711.3,4.65,6.15,0.6,0.0,0.6,0.0,3.0,37,28,14,13.0,39.2,243,11.08,2.31
39,McConnell Air Force Base,,37.62305555555555,-97.26722222222222,act,xlsx,,2026-03-03,3,57.0,44.2,48.7,55.5,39.0,43.9,2026-03-03T06:57,2026-03-03T18:24,41245.75,0.0,2.6,5.45,0.0,0.0,0.0,0.0,0.0,2,0,0,19.3,33.1,46,4.32,0.8
39,McConnell Air Force Base,,37.62305555555555,-97.26722222222222,act,xlsx,,2026-03-04,63,48.7,44.7,46.6,45.8,38.6,42.5,2026-03-04T06:55,2026-03-04T18:25,41388.22,0.0,3.3,5.45,8.0,8.0,0.0,0.0,4.0,46,16,0,18.0,34.2,13,6.12,0.78
39,McConnell Air Force Base,,37.62305555555555,-97.26722222222222,act,xlsx,,2026-03-05,51,69.7,43.5,56.9,66.1,39.9,53.7,2026-03-05T06:54,2026-03-05T18:26,41531.66,29467.56,5.2,5.8,1.3,0.0,1.3,0.0,5.0,63,20,4,28.2,70.9,163,13.69,2.35
39,McConnell Air Force Base,,37.62305555555555,-97.26722222222222,act,xlsx,,2026-03-06,81,76.9,58.8,66.3,70.9,51.1,60.8,2026-03-06T06:52,2026-03-06T18:27,41675.94,18185.19,5.0,5.7,5.0,0.4,4.6,0.0,10.0,74,52,36,35.3,72.7,189,9.09,3.12
39,McConnell Air Force Base,,37.62305555555555,-97.26722222222222,act,xlsx,,2026-03-07,3,59.1,43.7,52.3,51.7,33.6,44.3,2026-03-07T06:51,2026-03-07T18:28,41820.98,38563.7,5.65,5.85,0.0,0.0,0.0,0.0,0.0,43,7,1,20.5,48.6,354,18.25,3.77
39,McConnell Air Force Base,,37.62305555555555,-97.26722222222222,act,xlsx,,2026-03-08,3,69.7,47.4,58.1,62.6,41.9,51.9,2026-03-08T06:50,2026-03-08T18:29,41966.66,38910.66,5.5,5.5,0.0,0.0,0.0,0.0,0.0,3,2,1,18.8,46.8,206,20.03,4.23
39,McConnell Air Force Base,,37.62305555555555,-97.26722222222222,act,xlsx,,2026-03-09,0,81.6,55.6,67.4,74.9,51.2,62.5,2026-03-09T06:48,2026-03-09T18:30,42112.88,39076.4,5.5,5.5,0.0,0.0,0.0,0.0,0.0,11,6,3,20.9,52.9,208,20.16,4.87
40,Joint Base McGuire–Dix–Lakehurst,,40.01916666666666,-74.52277777777778,act,xlsx,,2026-03-03,55,39.5,26.2,33.9,34.5,19.3,28.4,2026-03-03T06:27,2026-03-03T17:51,41038.07,0.0,0.85,4.65,4.5,4.5,0.0,0.0,11.0,65,24,0,13.3,33.8,82,1.13,0.28
40,Joint Base McGuire–Dix–Lakehurst,,40.01916666666666,-74.52277777777778,act,xlsx,,2026-03-04,61,52.8,37.3,45.5,50.1,32.9,41.9,2026-03-04T06:26,2026-03-04T17:53,41193.22,0.0,4.1,5.0,3.6,3.6,0.0,0.0,5.0,70,20,3,11.4,28.1,127,6.05,0.87
40,Joint Base McGuire–Dix–Lakehurst,,40.01916666666666,-74.52277777777778,act,xlsx,,2026-03-05,53,66.7,34.6,49.5,66.8,30.8,47.0,2026-03-05T06:24,2026-03-05T17:54,41349.4,30025.37,4.8,5.0,4.72,3.22,1.5,0.0,7.0,67,50,31,12.9,21.2,133,13.47,1.98
40,Joint Base McGuire–Dix–Lakehurst,,40.01916666666666,-74.52277777777778,act,xlsx,,2026-03-06,80,55.6,38.6,46.1,54.6,31.2,41.4,2026-03-06T06:23,2026-03-06T17:55,41506.5,16815.48,2.65,5.05,3.1,2.6,0.5,0.0,3.0,71,32,5,17.8,40.0,84,5.39,0.78
40,Joint Base McGuire–Dix–Lakehurst,,40.01916666666666,-74.52277777777778,act,xlsx,,2026-03-07,53,60.7,38.6,47.1,57.2,32.0,43.4,2026-03-07T06:21,2026-03-07T17:56,41664.42,13128.64,1.9,5.2,0.9,0.0,0.9,0.0,2.0,47,18,4,22.7,69.8,144,4.25,0.65
40,Joint Base McGuire–Dix–Lakehurst,,40.01916666666666,-74.52277777777778,act,xlsx,,2026-03-08,51,61.9,50.7,56.6,60.1,45.7,51.8,2026-03-08T06:20,2026-03-08T17:57,41823.02,37877.71,5.05,5.15,1.1,0.3,0.8,0.0,5.0,47,23,13,22.2,66.6,266,17.03,2.92
40,Joint Base McGuire–Dix–Lakehurst,,40.01916666666666,-74.52277777777778,act,xlsx,,2026-03-09,3,67.7,50.2,57.8,66.4,46.5,55.7,2026-03-09T06:18,2026-03-09T17:58,41982.22,31385.9,3.15,4.85,0.0,0.0,0.0,0.0,0.0,24,18,13,14.7,43.6,215,9.13,1.74
41,Minot Air Force Base,,48.41583333333333,-101.35805555555557,act,xlsx,,2026-03-03,45,44.5,17.7,27.4,38.1,9.3,19.7,2026-03-03T07:22,2026-03-03T18:32,40202.36,32400.0,4.25,4.25,0.0,0.0,0.0,0.0,0.0,0,0,0,16.0,21.2,138,13.56,1.27
41,Minot Air Force Base,,48.41583333333333,-101.35805555555557,act,xlsx,,2026-03-04,3,48.8,17.9,32.5,40.3,6.6,22.6,2026-03-04T07:20,2026-03-04T18:33,40411.46,20162.12,3.6,4.2,0.0,0.0,0.0,0.0,0.0,1,0,0,24.8,41.4,24,11.93,1.64
41,Minot Air Force Base,,48.41583333333333,-101.35805555555557,act,xlsx,,2026-03-05,51,22.7,11.8,18.0,13.0,0.2,7.5,2026-03-05T07:18,2026-03-05T18:35,40621.86,27451.0,2.95,4.1,0.3,0.3,0.0,0.0,3.0,7,2,0,23.1,35.6,75,7.07,0.44
41,Minot Air Force Base,,48.41583333333333,-101.35805555555557,act,xlsx,,2026-03-06,3,25.9,17.3,21.6,14.4,6.5,10.4,2026-03-06T07:16,2026-03-06T18:36,40833.42,34463.06,3.65,4.2,0.0,0.0,0.0,0.0,0.0,7,4,0,26.6,53.6,344,8.96,0.67
41,Minot Air Force Base,,48.41583333333333,-101.35805555555557,act,xlsx,,2026-03-07,3,48.9,20.9,34.8,37.1,11.2,24.6,2026-03-07T07:14,2026-03-07T18:38,41046.0,36708.14,4.2,4.2,0.0,0.0,0.0,0.0,0.0,13,6,0,29.5,64.1,259,15.3,2.16
41,Minot Air Force Base,,48.41583333333333,-101.35805555555557,act,xlsx,,2026-03-08,3,52.2,37.9,43.1,43.5,29.2,34.8,2026-03-08T07:12,2026-03-08T18:39,41259.43,37395.04,3.45,3.95,0.0,0.0,0.0,0.0,0.0,16,14,11,23.5,46.8,264,13.4,1.99
41,Minot Air Force Base,,48.41583333333333,-101.35805555555557,act,xlsx,,2026-03-09,3,49.7,24.0,40.5,38.0,11.3,27.4,2026-03-09T07:10,2026-03-09T18:41,41473.59,35603.66,2.5,3.95,0.0,0.0,0.0,0.0,0.0,24,18,16,47.8,70.6,290,10.02,2.12
42,Moody Air Force Base,,30.967777777777776,-83.19277777777778,act,xlsx,,2026-03-03,45,72.4,59.3,63.8,73.8,59.0,63.7,2026-03-03T06:56,2026-03-03T18:32,41748.37,23167.77,6.5,6.5,0.0,0.0,0.0,0.0,0.0,0,0,0,14.9,43.2,74,15.41,2.65
42,Moody Air Force Base,,30.967777777777776,-83.19277777777778,act,xlsx,,2026-03-04,45,79.4,57.1,66.6,82.9,57.0,67.5,2026-03-04T06:55,2026-03-04T18:33,41859.08,28800.0,6.6,6.6,0.0,0.0,0.0,0.0,0.0,1,1,0,11.5,27.0,93,17.6,3.5
42,Moody Air Force Base,,30.967777777777776,-83.19277777777778,act,xlsx,,2026-03-05,45,83.4,59.5,71.0,86.5,60.4,72.3,2026-03-05T06:54,2026-03-05T18:33,41970.56,30682.78,6.7,6.7,0.0,0.0,0.0,0.0,0.0,9,3,0,15.5,29.2,132,16.85,3.73
42,Moody Air Force Base,,30.967777777777776,-83.19277777777778,act,xlsx,,2026-03-06,80,84.6,64.0,72.8,87.9,66.3,74.5,2026-03-06T06:53,2026-03-06T18:34,42082.73,24859.79,6.8,6.8,2.3,0.0,2.3,0.0,5.0,22,10,2,17.5,38.2,128,14.37,3.55
42,Moody Air Force Base,,30.967777777777776,-83.19277777777778,act,xlsx,,2026-03-07,3,86.3,62.8,74.2,89.1,64.6,75.7,2026-03-07T06:52,2026-03-07T18:35,42195.5,38648.53,6.85,6.85,0.0,0.0,0.0,0.0,0.0,19,9,2,15.6,35.3,134,21.08,4.47
42,Moody Air Force Base,,30.967777777777776,-83.19277777777778,act,xlsx,,2026-03-08,3,86.2,65.3,74.4,88.4,66.9,75.3,2026-03-08T06:50,2026-03-08T18:36,42308.79,39490.6,6.45,6.45,0.0,0.0,0.0,0.0,0.0,14,7,2,12.9,31.0,194,21.54,4.57
42,Moody Air Force Base,,30.967777777777776,-83.19277777777778,act,xlsx,,2026-03-09,3,86.5,63.2,74.0,88.7,63.9,74.8,2026-03-09T06:49,2026-03-09T18:36,42422.52,39517.29,6.3,6.5,0.0,0.0,0.0,0.0,0.0,21,11,5,10.0,25.6,218,20.46,4.54
43,Mountain Home Air Force Base,,43.04361111111111,-115.8725,act,xlsx,,2026-03-03,45,58.5,31.8,44.6,53.6,25.7,38.7,2026-03-03T07:15,2026-03-03T18:35,40774.98,36473.98,4.9,4.9,0.0,0.0,0.0,0.0,0.0,0,0,0,18.0,32.0,119,17.07,2.75
43,Mountain Home Air Force Base,,43.04361111111111,-115.8725,act,xlsx,,2026-03-04,61,58.7,38.2,45.2,52.0,29.8,36.3,2026-03-04T07:13,2026-03-04T18:36,40947.81,4042.77,3.2,4.85,5.5,5.5,0.0,0.0,5.0,69,21,0,40.4,65.2,55,11.38,2.2
43,Mountain Home Air Force Base,,43.04361111111111,-115.8725,act,xlsx,,2026-03-05,3,47.6,36.4,41.8,31.8,22.3,27.8,2026-03-05T07:12,2026-03-05T18:37,41121.77,36672.95,4.6,4.75,0.0,0.0,0.0,0.0,0.0,24,10,2,46.6,60.8,314,16.21,2.86
43,Mountain Home Air Force Base,,43.04361111111111,-115.8725,act,xlsx,,2026-03-06,3,50.7,33.9,41.2,36.2,18.5,26.3,2026-03-06T07:10,2026-03-06T18:38,41296.72,37303.29,4.8,4.8,0.0,0.0,0.0,0.0,0.0,2,1,0,48.5,60.8,312,17.51,3.17
43,Mountain Home Air Force Base,,43.04361111111111,-115.8725,act,xlsx,,2026-03-07,3,52.2,33.6,42.6,45.3,25.8,35.6,2026-03-07T07:08,2026-03-07T18:40,41472.54,37553.95,4.5,4.95,0.0,0.0,0.0,0.0,0.0,1,0,0,21.5,31.3,320,15.54,2.42
43,Mountain Home Air Force Base,,43.04361111111111,-115.8725,act,xlsx,,2026-03-08,3,60.1,40.6,49.4,54.5,33.8,43.3,2026-03-08T07:07,2026-03-08T18:41,41649.12,37772.45,4.85,4.95,0.0,0.0,0.0,0.0,0.0,1,1,1,8.0,12.2,82,16.28,2.8
43,Mountain Home Air Force Base,,43.04361111111111,-115.8725,act,xlsx,,2026-03-09,3,64.5,46.2,54.0,55.7,39.1,46.9,2026-03-09T07:05,2026-03-09T18:42,41826.32,38516.11,5.0,5.0,0.0,0.0,0.0,0.0,0.0,6,4,1,32.6,32.0,322,17.02,3.59
44,Nellis Air Force Base,,36.23611111111112,-115.03416666666666,act,xlsx,,2026-03-03,0,75.6,56.6,64.8,67.5,50.0,57.2,2026-03-03T06:07,2026-03-03T17:36,41369.77,37877.18,6.2,6.2,0.0,0.0,0.0,0.0,0.0,0,0,0,22.3,37.8,29,20.35,5.24
44,Nellis Air Force Base,,36.23611111111112,-115.03416666666666,act,xlsx,,2026-03-04,3,79.4,50.8,64.4,72.7,44.5,57.2,2026-03-04T06:05,2026-03-04T17:37,41505.23,30525.81,6.25,6.25,0.0,0.0,0.0,0.0,0.0,2,0,0,21.4,36.0,204,19.79,5.4
44,Nellis Air Force Base,,36.23611111111112,-115.03416666666666,act,xlsx,,2026-03-05,3,64.5,53.3,58.5,50.5,40.4,45.9,2026-03-05T06:04,2026-03-05T17:38,41641.6,36998.24,6.1,6.1,0.0,0.0,0.0,0.0,0.0,3,1,0,50.7,52.2,312,20.38,6.28
44,Nellis Air Force Base,,36.23611111111112,-115.03416666666666,act,xlsx,,2026-03-06,3,59.5,48.8,54.3,51.7,38.9,44.9,2026-03-06T06:03,2026-03-06T17:39,41778.77,37879.02,5.4,5.95,0.0,0.0,0.0,0.0,0.0,0,0,0,37.6,52.6,3,18.29,4.79
44,Nellis Air Force Base,,36.23611111111112,-115.03416666666666,act,xlsx,,2026-03-07,3,71.7,48.3,59.7,57.3,37.8,46.4,2026-03-07T06:01,2026-03-07T17:40,41916.65,38572.94,5.9,6.0,0.0,0.0,0.0,0.0,0.0,0,0,0,45.7,68.8,23,19.75,7.16
44,Nellis Air Force Base,,36.23611111111112,-115.03416666666666,act,xlsx,,2026-03-08,1,78.3,55.8,67.2,70.3,48.9,59.0,2026-03-08T06:00,2026-03-08T17:41,42055.14,39050.75,6.0,6.0,0.0,0.0,0.0,0.0,0.0,1,0,0,19.3,34.9,19,20.74,6.23
44,Nellis Air Force Base,,36.23611111111112,-115.03416666666666,act,xlsx,,2026-03-09,3,75.2,62.2,67.9,71.6,55.0,62.6,2026-03-09T05:58,2026-03-09T17:42,42194.15,38974.14,6.05,6.05,0.0,0.0,0.0,0.0,0.0,2,1,0,17.8,20.2,140,19.36,4.91
45,North Auxiliary Airfield,,33.61694444444444,-81.08305555555555,act,xlsx,,2026-03-03,45,62.6,47.4,53.4,61.2,43.3,50.8,2026-03-03T06:49,2026-03-03T18:22,41555.66,13383.81,5.7,6.05,0.0,0.0,0.0,0.0,0.0,1,1,0,12.9,31.0,54,11.01,1.69
45,North Auxiliary Airfield,,33.61694444444444,-81.08305555555555,act,xlsx,,2026-03-04,45,70.3,48.5,57.8,70.8,47.3,57.9,2026-03-04T06:48,2026-03-04T18:23,41678.34,18743.94,6.05,6.2,0.0,0.0,0.0,0.0,0.0,1,1,0,10.6,15.1,210,14.94,2.38
45,North Auxiliary Airfield,,33.61694444444444,-81.08305555555555,act,xlsx,,2026-03-05,45,79.6,53.4,66.5,79.5,51.9,66.3,2026-03-05T06:47,2026-03-05T18:24,41801.86,38886.45,6.3,6.3,0.0,0.0,0.0,0.0,0.0,3,1,0,15.1,34.6,183,20.0,3.94
45,North Auxiliary Airfield,,33.61694444444444,-81.08305555555555,act,xlsx,,2026-03-06,80,79.8,65.2,70.7,82.7,65.1,72.3,2026-03-06T06:46,2026-03-06T18:24,41926.13,31241.05,6.35,6.45,2.7,0.0,2.7,0.0,4.0,17,9,1,14.3,34.2,178,16.12,3.38
45,North Auxiliary Airfield,,33.61694444444444,-81.08305555555555,act,xlsx,,2026-03-07,3,80.7,61.4,70.1,81.5,62.6,70.8,2026-03-07T06:44,2026-03-07T18:25,42051.06,39041.68,6.5,6.5,0.0,0.0,0.0,0.0,0.0,23,12,2,19.1,37.8,181,20.21,4.18
45,North Auxiliary Airfield,,33.61694444444444,-81.08305555555555,act,xlsx,,2026-03-08,51,81.2,61.0,70.6,82.5,60.8,70.5,2026-03-08T06:43,2026-03-08T18:26,42176.57,39120.53,5.95,6.1,0.3,0.0,0.3,0.0,3.0,38,20,7,18.4,40.3,206,17.96,4.09
45,North Auxiliary Airfield,,33.61694444444444,-81.08305555555555,act,xlsx,,2026-03-09,51,82.3,61.4,71.5,82.2,61.6,71.6,2026-03-09T06:42,2026-03-09T18:27,42302.55,39407.67,6.1,6.1,0.3,0.0,0.3,0.0,3.0,37,24,13,22.2,41.4,220,19.79,4.4
46,Offutt Air Force Base,,41.11944444444445,-95.90861111111111,act,xlsx,,2026-03-03,3,49.1,38.1,43.5,43.4,33.3,38.1,2026-03-03T06:54,2026-03-03T18:16,40944.7,7200.0,4.75,5.0,0.0,0.0,0.0,0.0,0.0,4,1,0,17.1,35.3,68,9.09,1.32
46,Offutt Air Force Base,,41.11944444444445,-95.90861111111111,act,xlsx,,2026-03-04,3,46.6,41.7,44.0,43.7,36.2,39.5,2026-03-04T06:52,2026-03-04T18:17,41106.22,0.0,3.3,5.05,0.0,0.0,0.0,0.0,0.0,16,4,1,12.4,24.8,46,3.08,0.59
46,Offutt Air Force Base,,41.11944444444445,-95.90861111111111,act,xlsx,,2026-03-05,51,68.1,42.2,54.4,61.0,37.7,48.8,2026-03-05T06:51,2026-03-05T18:18,41268.81,38034.69,5.25,5.25,0.3,0.0,0.3,0.0,1.0,47,14,2,28.6,61.9,152,17.56,3.4
46,Offutt Air Force Base,,41.11944444444445,-95.90861111111111,act,xlsx,,2026-03-06,80,69.9,49.0,63.5,62.9,36.4,56.5,2026-03-06T06:49,2026-03-06T18:20,41432.35,16474.89,3.6,5.35,6.1,2.1,4.0,0.0,9.0,91,69,47,40.0,73.8,188,5.85,2.69
46,Offutt Air Force Base,,41.11944444444445,-95.90861111111111,act,xlsx,,2026-03-07,0,55.4,36.4,45.5,46.7,24.4,35.4,2026-03-07T06:47,2026-03-07T18:21,41596.72,38371.7,5.3,5.3,0.0,0.0,0.0,0.0,0.0,54,8,0,31.8,62.3,289,18.76,3.48
46,Offutt Air Force Base,,41.11944444444445,-95.90861111111111,act,xlsx,,2026-03-08,3,70.8,41.2,54.4,59.4,31.8,45.4,2026-03-08T06:46,2026-03-08T18:22,41761.8,39027.02,4.8,4.85,0.0,0.0,0.0,0.0,0.0,1,0,0,30.4,61.6,222,18.66,4.38
46,Offutt Air Force Base,,41.11944444444445,-95.90861111111111,act,xlsx,,2026-03-09,3,76.6,49.3,61.4,67.5,42.1,54.0,2026-03-09T06:44,2026-03-09T18:23,41927.48,38982.43,4.9,4.95,0.0,0.0,0.0,0.0,0.0,6,3,1,23.0,36.0,264,17.72,4.85
47,Pope Field,,35.170833333333334,-79.01444444444445,act,xlsx,,2026-03-03,45,57.0,43.4,48.6,55.0,37.5,44.8,2026-03-03T06:42,2026-03-03T18:13,41436.18,6805.1,5.8,5.8,0.0,0.0,0.0,0.0,0.0,10,1,0,12.5,23.8,44,8.33,1.34
47,Pope Field,,35.170833333333334,-79.01444444444445,act,xlsx,,2026-03-04,3,70.7,45.3,57.2,69.7,41.3,55.6,2026-03-04T06:41,2026-03-04T18:14,41566.3,35618.32,5.7,5.9,0.0,0.0,0.0,0.0,0.0,1,1,0,17.3,29.5,216,17.72,2.76
47,Pope Field,,35.170833333333334,-79.01444444444445,act,xlsx,,2026-03-05,45,78.3,53.3,65.8,76.6,51.4,64.5,2026-03-05T06:40,2026-03-05T18:15,41697.32,38726.3,5.95,6.05,0.0,0.0,0.0,0.0,0.0,1,0,0,17.5,43.9,204,18.99,3.87
47,Pope Field,,35.170833333333334,-79.01444444444445,act,xlsx,,2026-03-06,3,81.4,61.0,70.7,82.1,60.7,70.7,2026-03-06T06:38,2026-03-06T18:15,41829.14,38069.28,6.15,6.15,0.0,0.0,0.0,0.0,0.0,10,5,1,16.4,44.6,205,17.99,4.1
47,Pope Field,,35.170833333333334,-79.01444444444445,act,xlsx,,2026-03-07,3,81.0,62.1,70.8,80.8,63.4,70.8,2026-03-07T06:37,2026-03-07T18:16,41961.64,32553.61,6.25,6.25,0.0,0.0,0.0,0.0,0.0,14,8,2,19.6,49.3,199,17.53,4.09
47,Pope Field,,35.170833333333334,-79.01444444444445,act,xlsx,,2026-03-08,51,78.8,62.5,69.6,79.5,62.3,69.5,2026-03-08T06:36,2026-03-08T18:17,42094.75,36589.09,5.35,5.85,0.6,0.0,0.6,0.0,6.0,47,27,11,18.6,48.6,211,15.52,3.5
47,Pope Field,,35.170833333333334,-79.01444444444445,act,xlsx,,2026-03-09,51,79.6,63.3,69.2,77.3,62.3,68.4,2026-03-09T06:34,2026-03-09T18:18,42228.37,37062.75,3.9,5.8,0.3,0.0,0.3,0.0,3.0,46,32,21,21.9,51.1,214,10.03,2.68
48,Robins Air Force Base,,32.64,-83.59166666666667,act,xlsx,,2026-03-03,3,68.3,53.8,60.0,67.3,51.2,58.5,2026-03-03T06:59,2026-03-03T18:33,41628.87,14660.76,6.25,6.25,0.0,0.0,0.0,0.0,0.0,0,0,0,11.9,38.2,90,11.08,2.03
48,Robins Air Force Base,,32.64,-83.59166666666667,act,xlsx,,2026-03-04,45,76.3,51.0,61.6,78.0,49.8,62.3,2026-03-04T06:58,2026-03-04T18:33,41746.99,18445.09,6.35,6.35,0.0,0.0,0.0,0.0,0.0,1,1,0,7.3,17.3,121,13.9,2.57
48,Robins Air Force Base,,32.64,-83.59166666666667,act,xlsx,,2026-03-05,45,81.0,56.1,68.1,83.0,55.6,68.9,2026-03-05T06:56,2026-03-05T18:34,41865.93,27570.98,6.45,6.45,0.0,0.0,0.0,0.0,0.0,5,2,0,12.6,26.3,167,15.87,3.32
48,Robins Air Force Base,,32.64,-83.59166666666667,act,xlsx,,2026-03-06,80,82.4,63.3,71.5,85.2,65.6,73.7,2026-03-06T06:55,2026-03-06T18:35,41985.59,28358.26,6.3,6.55,4.6,0.0,4.6,0.0,6.0,26,13,2,14.3,38.2,146,15.87,3.39
48,Robins Air Force Base,,32.64,-83.59166666666667,act,xlsx,,2026-03-07,51,84.0,64.2,73.7,86.5,66.1,75.5,2026-03-07T06:54,2026-03-07T18:36,42105.9,31293.23,6.6,6.65,0.1,0.0,0.1,0.0,1.0,30,17,4,12.7,34.6,174,17.69,3.96
48,Robins Air Force Base,,32.64,-83.59166666666667,act,xlsx,,2026-03-08,3,80.2,65.3,73.3,82.0,66.5,75.2,2026-03-08T06:53,2026-03-08T18:36,42226.75,38229.58,4.4,6.2,0.0,0.0,0.0,0.0,0.0,30,18,9,9.1,15.1,191,14.59,3.23
48,Robins Air Force Base,,32.64,-83.59166666666667,act,xlsx,,2026-03-09,3,84.4,63.8,72.7,84.6,64.8,73.5,2026-03-09T06:51,2026-03-09T18:37,42348.08,39481.93,6.25,6.25,0.0,0.0,0.0,0.0,0.0,36,23,15,16.6,23.8,245,20.73,4.51
49,Rome Research Site,,43.22111111111112,-10.256666666666666,act,xlsx,,2026-03-03,3,56.2,55.3,55.9,54.4,49.6,51.9,2026-03-03T06:13,2026-03-03T17:32,40710.84,36538.22,4.55,4.55,0.0,0.0,0.0,0.0,0.0,33,3,0,26.8,36.4,27,15.72,1.87
49,Rome Research Site,,43.22111111111112,-10.256666666666666,act,xlsx,,2026-03-04,3,55.8,53.7,55.2,52.2,49.4,51.4,2026-03-04T06:11,2026-03-04T17:33,40884.7,36558.31,4.4,4.65,0.0,0.0,0.0,0.0,0.0,0,0,0,20.2,27.0,353,13.91,1.59
49,Rome Research Site,,43.22111111111112,-10.256666666666666,act,xlsx,,2026-03-05,80,55.0,50.2,52.1,50.3,35.1,40.0,2026-03-05T06:10,2026-03-05T17:34,41059.73,3531.77,0.7,4.55,14.6,10.2,4.2,0.0,18.0,65,46,8,55.5,81.0,333,4.8,1.51
49,Rome Research Site,,43.22111111111112,-10.256666666666666,act,xlsx,,2026-03-06,3,53.4,50.1,52.2,40.3,33.8,37.4,2026-03-06T06:08,2026-03-06T17:35,41235.79,36795.11,3.65,4.65,0.5,0.0,0.4,0.0,4.0,49,18,8,56.5,82.4,1,14.04,3.22
49,Rome Research Site,,43.22111111111112,-10.256666666666666,act,xlsx,,2026-03-07,3,53.3,52.1,52.6,46.2,39.8,42.2,2026-03-07T06:06,2026-03-07T17:37,41412.75,38033.15,4.75,4.75,0.0,0.0,0.0,0.0,0.0,9,6,0,40.7,56.2,354,13.09,2.63
49,Rome Research Site,,43.22111111111112,-10.256666666666666,act,xlsx,,2026-03-08,3,55.8,52.8,54.6,48.4,45.6,47.4,2026-03-08T06:05,2026-03-08T17:38,41590.5,34971.73,3.8,4.5,0.0,0.0,0.0,0.0,0.0,30,16,6,36.5,50.0,205,14.0,2.36
49,Rome Research Site,,43.22111111111112,-10.256666666666666,act,xlsx,,2026-03-09,80,55.2,53.4,54.2,50.1,42.1,45.2,2026-03-09T06:03,2026-03-09T17:39,41768.91,0.0,4.6,4.6,15.0,7.5,7.2,0.0,24.0,38,34,25,47.9,67.7,165,3.19,1.16
50,Joint Base San Antonio,,29.448888888888888,-98.44888888888887,act,xlsx,,2026-03-03,3,86.6,66.8,74.0,86.8,66.8,74.3,2026-03-03T06:56,2026-03-03T18:34,41860.52,28982.98,6.9,6.9,0.0,0.0,0.0,0.0,0.0,0,0,0,21.2,48.2,164,18.03,4.57
50,Joint Base San Antonio,,29.448888888888888,-98.44888888888887,act,xlsx,,2026-03-04,3,85.9,67.7,74.3,85.7,67.7,74.8,2026-03-04T06:55,2026-03-04T18:35,41964.6,18000.0,3.8,6.9,0.0,0.0,0.0,0.0,0.0,35,9,0,25.7,53.3,161,13.8,3.89
50,Joint Base San Antonio,,29.448888888888888,-98.44888888888887,act,xlsx,,2026-03-05,51,87.5,67.9,74.3,83.1,66.9,72.3,2026-03-05T06:54,2026-03-05T18:35,42069.41,26712.47,6.85,7.0,0.3,0.3,0.0,0.0,3.0,48,25,7,34.0,52.9,154,14.84,4.79
50,Joint Base San Antonio,,29.448888888888888,-98.44888888888887,act,xlsx,,2026-03-06,55,88.5,68.9,75.0,85.1,67.9,74.1,2026-03-06T06:53,2026-03-06T18:36,42174.86,22260.03,4.15,7.0,4.1,0.0,4.1,0.0,7.0,46,39,7,30.8,55.8,161,7.65,3.51
50,Joint Base San Antonio,,29.448888888888888,-98.44888888888887,act,xlsx,,2026-03-07,3,89.8,66.8,76.1,88.1,70.0,76.4,2026-03-07T06:52,2026-03-07T18:37,42280.87,38038.29,7.0,7.05,0.0,0.0,0.0,0.0,0.0,68,52,35,27.8,42.1,142,17.61,4.94
50,Joint Base San Antonio,,29.448888888888888,-98.44888888888887,act,xlsx,,2026-03-08,3,82.4,68.3,74.7,83.1,68.8,75.9,2026-03-08T06:51,2026-03-08T18:37,42387.38,30165.69,3.8,6.65,0.0,0.0,0.0,0.0,0.0,68,49,26,19.7,33.1,119,11.2,3.19
50,Joint Base San Antonio,,29.448888888888888,-98.44888888888887,act,xlsx,,2026-03-09,3,87.5,65.4,73.6,86.5,67.2,74.4,2026-03-09T06:50,2026-03-09T18:38,42494.3,27001.5,5.1,6.7,0.0,0.0,0.0,0.0,0.0,28,25,20,19.1,38.5,168,11.21,3.3
51,Scott Air Force Base,,38.54527777777778,-89.83527777777778,act,xlsx,,2026-03-03,61,50.0,39.3,44.6,48.7,34.8,41.3,2026-03-03T06:28,2026-03-03T17:54,41169.98,0.0,3.25,5.15,5.6,5.6,0.0,0.0,7.0,75,25,0,10.9,23.0,109,2.73,0.46
51,Scott Air Force Base,,38.54527777777778,-89.83527777777778,act,xlsx,,2026-03-04,65,59.1,47.3,53.9,60.3,42.2,51.8,2026-03-04T06:26,2026-03-04T17:55,41317.23,0.0,2.0,5.25,23.55,23.55,0.0,0.0,6.0,86,41,14,19.7,40.7,87,3.22,0.58
51,Scott Air Force Base,,38.54527777777778,-89.83527777777778,act,xlsx,,2026-03-05,63,65.7,54.8,60.1,65.9,50.8,59.3,2026-03-05T06:25,2026-03-05T17:56,41465.48,18665.25,5.15,5.2,10.6,9.55,1.05,0.0,6.0,86,58,31,25.7,44.5,207,7.7,1.37
51,Scott Air Force Base,,38.54527777777778,-89.83527777777778,act,xlsx,,2026-03-06,80,76.6,60.3,67.7,73.6,58.7,65.6,2026-03-06T06:23,2026-03-06T17:57,41614.59,37202.84,5.45,5.55,4.5,0.0,4.5,0.0,6.0,45,30,13,34.0,64.1,181,15.26,3.16
51,Scott Air Force Base,,38.54527777777778,-89.83527777777778,act,xlsx,,2026-03-07,80,67.4,48.5,60.3,66.1,43.7,55.7,2026-03-07T06:22,2026-03-07T17:58,41764.48,27898.65,4.55,5.5,4.1,2.5,1.6,0.0,3.0,80,41,5,29.6,66.6,263,9.77,2.44
51,Scott Air Force Base,,38.54527777777778,-89.83527777777778,act,xlsx,,2026-03-08,3,65.1,44.9,55.2,61.3,40.1,51.3,2026-03-08T06:20,2026-03-08T17:59,41915.03,38811.01,4.4,5.15,0.0,0.0,0.0,0.0,0.0,8,7,5,14.5,38.5,193,15.57,2.6
51,Scott Air Force Base,,38.54527777777778,-89.83527777777778,act,xlsx,,2026-03-09,51,78.2,53.9,65.5,74.7,51.5,63.2,2026-03-09T06:19,2026-03-09T18:00,42066.14,38965.6,5.1,5.1,0.2,0.0,0.2,0.0,2.0,19,12,8,28.4,50.4,214,18.77,3.73
52,Seymour Johnson Air Force Base,,35.339444444444446,-77.96055555555556,act,xlsx,,2026-03-03,3,56.4,41.9,47.5,55.6,36.5,44.0,2026-03-03T06:38,2026-03-03T18:08,41424.45,13845.7,5.6,5.75,0.0,0.0,0.0,0.0,0.0,3,2,1,12.7,23.4,19,9.52,1.31
52,Seymour Johnson Air Force Base,,35.339444444444446,-77.96055555555556,act,xlsx,,2026-03-04,45,71.1,43.8,56.9,68.8,41.7,55.4,2026-03-04T06:37,2026-03-04T18:09,41555.3,35861.83,5.95,5.95,0.0,0.0,0.0,0.0,0.0,2,1,0,19.6,33.8,220,18.42,2.82
52,Seymour Johnson Air Force Base,,35.339444444444446,-77.96055555555556,act,xlsx,,2026-03-05,45,77.5,52.1,64.7,75.7,50.2,63.3,2026-03-05T06:35,2026-03-05T18:10,41687.06,38713.94,6.05,6.05,0.0,0.0,0.0,0.0,0.0,1,0,0,19.9,45.4,203,18.92,3.76
52,Seymour Johnson Air Force Base,,35.339444444444446,-77.96055555555556,act,xlsx,,2026-03-06,3,80.5,59.8,69.1,81.7,59.9,69.4,2026-03-06T06:34,2026-03-06T18:11,41819.61,38813.68,6.15,6.15,0.0,0.0,0.0,0.0,0.0,8,5,1,17.4,45.4,213,19.34,3.88
52,Seymour Johnson Air Force Base,,35.339444444444446,-77.96055555555556,act,xlsx,,2026-03-07,3,80.5,63.7,69.9,80.1,62.9,69.6,2026-03-07T06:33,2026-03-07T18:12,41952.87,38867.58,6.25,6.25,0.0,0.0,0.0,0.0,0.0,10,7,2,21.5,49.3,205,19.03,4.14
52,Seymour Johnson Air Force Base,,35.339444444444446,-77.96055555555556,act,xlsx,,2026-03-08,51,78.2,61.9,68.8,77.9,60.9,68.0,2026-03-08T06:31,2026-03-08T18:13,42086.72,37361.75,5.35,5.85,1.0,0.0,1.0,0.0,7.0,46,28,7,22.1,50.8,215,15.12,3.4
52,Seymour Johnson Air Force Base,,35.339444444444446,-77.96055555555556,act,xlsx,,2026-03-09,51,77.9,63.1,68.6,77.6,61.4,67.4,2026-03-09T06:30,2026-03-09T18:14,42221.09,39078.12,3.05,5.85,0.8,0.0,0.8,0.0,8.0,46,33,24,23.4,54.7,215,11.61,2.71
53,Shaw Air Force Base,,33.973055555555554,-80.47277777777778,act,xlsx,,2026-03-03,3,60.9,47.3,52.3,59.3,42.3,48.8,2026-03-03T06:47,2026-03-03T18:19,41527.64,14136.05,5.7,6.0,0.0,0.0,0.0,0.0,0.0,1,1,1,13.5,29.9,40,10.97,1.73
53,Shaw Air Force Base,,33.973055555555554,-80.47277777777778,act,xlsx,,2026-03-04,45,73.5,46.9,59.2,73.4,44.0,58.4,2026-03-04T06:46,2026-03-04T18:20,41652.06,25651.83,6.15,6.15,0.0,0.0,0.0,0.0,0.0,2,1,0,13.6,18.4,210,16.73,3.03
53,Shaw Air Force Base,,33.973055555555554,-80.47277777777778,act,xlsx,,2026-03-05,45,79.5,54.8,66.8,79.5,53.3,66.5,2026-03-05T06:45,2026-03-05T18:21,41777.34,38859.36,6.25,6.25,0.0,0.0,0.0,0.0,0.0,3,1,0,14.1,35.6,196,19.86,3.94
53,Shaw Air Force Base,,33.973055555555554,-80.47277777777778,act,xlsx,,2026-03-06,51,80.5,61.8,70.5,83.5,64.0,72.1,2026-03-06T06:43,2026-03-06T18:22,41903.38,38988.15,6.35,6.35,0.7,0.0,0.7,0.0,3.0,15,7,1,13.8,37.4,186,17.94,3.69
53,Shaw Air Force Base,,33.973055555555554,-80.47277777777778,act,xlsx,,2026-03-07,3,81.4,61.4,70.5,82.3,62.9,71.3,2026-03-07T06:42,2026-03-07T18:23,42030.09,39117.45,6.45,6.45,0.0,0.0,0.0,0.0,0.0,21,10,3,19.1,40.3,189,20.02,4.23
53,Shaw Air Force Base,,33.973055555555554,-80.47277777777778,act,xlsx,,2026-03-08,51,81.0,61.1,70.4,81.9,61.2,70.5,2026-03-08T06:41,2026-03-08T18:23,42157.37,39245.88,5.8,6.05,0.6,0.0,0.6,0.0,6.0,45,22,9,17.1,42.1,209,17.67,3.95
53,Shaw Air Force Base,,33.973055555555554,-80.47277777777778,act,xlsx,,2026-03-09,51,83.6,61.5,70.8,83.7,62.7,71.6,2026-03-09T06:39,2026-03-09T18:24,42285.14,39326.28,6.0,6.05,1.2,0.0,1.2,0.0,6.0,42,26,17,20.1,41.0,223,19.22,4.12
54,Sheppard Air Force Base,,33.98888888888889,-98.49194444444444,act,xlsx,,2026-03-03,3,84.5,52.8,68.6,82.3,49.9,65.8,2026-03-03T06:59,2026-03-03T18:31,41532.33,38141.9,6.1,6.1,0.0,0.0,0.0,0.0,0.0,5,1,0,29.3,53.3,178,19.39,4.62
54,Sheppard Air Force Base,,33.98888888888889,-98.49194444444444,act,xlsx,,2026-03-04,3,66.9,53.7,59.5,64.5,50.0,57.0,2026-03-04T06:58,2026-03-04T18:32,41656.82,3600.0,3.9,6.1,0.0,0.0,0.0,0.0,0.0,61,16,1,21.0,27.7,359,5.34,1.46
54,Sheppard Air Force Base,,33.98888888888889,-98.49194444444444,act,xlsx,,2026-03-05,55,74.6,52.5,65.4,70.4,49.1,62.5,2026-03-05T06:57,2026-03-05T18:33,41782.16,27791.12,3.55,6.15,4.87,0.8,4.07,0.0,13.0,61,46,30,37.0,71.6,164,9.01,2.5
54,Sheppard Air Force Base,,33.98888888888889,-98.49194444444444,act,xlsx,,2026-03-06,81,83.8,64.3,72.3,76.1,59.6,67.1,2026-03-06T06:55,2026-03-06T18:34,41908.26,38524.37,6.3,6.3,8.7,0.0,8.7,0.0,5.0,51,38,32,44.6,68.0,186,18.88,5.4
54,Sheppard Air Force Base,,33.98888888888889,-98.49194444444444,act,xlsx,,2026-03-07,51,65.8,53.1,59.9,64.6,40.8,52.2,2026-03-07T06:54,2026-03-07T18:35,42035.02,37341.12,5.7,6.3,0.7,0.0,0.7,0.0,5.0,33,30,25,34.1,59.4,25,15.38,4.13
54,Sheppard Air Force Base,,33.98888888888889,-98.49194444444444,act,xlsx,,2026-03-08,3,72.1,53.2,61.9,68.4,46.7,57.6,2026-03-08T06:53,2026-03-08T18:35,42162.36,38753.41,5.15,5.95,0.0,0.0,0.0,0.0,0.0,33,15,8,24.0,49.7,220,16.2,3.71
54,Sheppard Air Force Base,,33.98888888888889,-98.49194444444444,act,xlsx,,2026-03-09,3,82.8,59.3,70.4,79.2,57.9,67.7,2026-03-09T06:51,2026-03-09T18:36,42290.18,39375.13,5.9,5.9,0.0,0.0,0.0,0.0,0.0,29,21,9,33.6,58.3,207,19.92,4.73
55,Tinker Air Force Base,,35.414722222222224,-97.38666666666668,act,xlsx,,2026-03-03,45,80.6,53.0,65.8,78.0,48.6,61.4,2026-03-03T06:56,2026-03-03T18:26,41422.61,25200.0,5.7,5.9,0.0,0.0,0.0,0.0,0.0,18,3,0,38.5,63.0,202,17.55,4.31
55,Tinker Air Force Base,,35.414722222222224,-97.38666666666668,act,xlsx,,2026-03-04,51,55.3,49.2,51.7,53.4,43.4,47.8,2026-03-04T06:54,2026-03-04T18:27,41553.97,0.0,4.65,5.8,0.4,0.4,0.0,0.0,1.0,44,14,1,21.3,28.8,3,2.93,0.71
55,Tinker Air Force Base,,35.414722222222224,-97.38666666666668,act,xlsx,,2026-03-05,81,69.4,47.6,61.6,66.4,45.2,58.7,2026-03-05T06:53,2026-03-05T18:28,41686.23,14409.82,2.35,5.95,3.0,0.0,3.0,0.0,4.0,49,43,36,35.0,65.9,174,5.61,1.67
55,Tinker Air Force Base,,35.414722222222224,-97.38666666666668,act,xlsx,,2026-03-06,81,77.2,63.1,68.3,71.2,55.9,62.6,2026-03-06T06:52,2026-03-06T18:29,41819.27,28895.48,5.55,6.0,9.5,0.7,8.8,0.0,12.0,61,48,42,45.9,72.4,184,12.09,3.28
55,Tinker Air Force Base,,35.414722222222224,-97.38666666666668,act,xlsx,,2026-03-07,3,63.7,47.6,55.5,64.4,36.1,47.3,2026-03-07T06:50,2026-03-07T18:30,41953.01,33376.66,5.6,6.15,0.0,0.0,0.0,0.0,0.0,43,21,14,34.3,54.7,10,15.22,3.67
55,Tinker Air Force Base,,35.414722222222224,-97.38666666666668,act,xlsx,,2026-03-08,3,71.0,48.8,59.2,65.7,43.3,54.0,2026-03-08T06:49,2026-03-08T18:30,42087.35,39076.87,5.35,5.8,0.0,0.0,0.0,0.0,0.0,18,9,4,21.4,50.0,217,17.87,3.85
55,Tinker Air Force Base,,35.414722222222224,-97.38666666666668,act,xlsx,,2026-03-09,3,81.4,59.7,70.3,76.4,54.6,65.1,2026-03-09T06:48,2026-03-09T18:31,42222.2,39393.85,5.7,5.7,0.0,0.0,0.0,0.0,0.0,21,15,6,41.9,64.8,211,19.77,5.01
56,Tonopah Test Range Airport,,37.79472222222222,-116.7786111111111,act,xlsx,,2026-03-03,0,59.6,32.8,45.3,53.0,23.8,37.4,2026-03-03T06:15,2026-03-03T17:42,41243.96,37676.36,6.05,6.05,0.0,0.0,0.0,0.0,0.0,0,0,0,15.5,24.1,314,20.22,3.5
56,Tonopah Test Range Airport,,37.79472222222222,-116.7786111111111,act,xlsx,,2026-03-04,3,61.6,32.6,46.6,51.7,24.1,36.6,2026-03-04T06:13,2026-03-04T17:43,41387.38,32267.33,4.4,6.1,0.0,0.0,0.0,0.0,0.0,8,2,0,30.3,59.4,237,18.52,4.33
56,Tonopah Test Range Airport,,37.79472222222222,-116.7786111111111,act,xlsx,,2026-03-05,3,44.3,31.9,37.8,30.2,18.8,23.9,2026-03-05T06:12,2026-03-05T17:44,41531.76,38457.62,5.9,5.95,0.0,0.0,0.0,0.0,0.0,5,2,0,40.8,51.5,316,20.2,3.26
56,Tonopah Test Range Airport,,37.79472222222222,-116.7786111111111,act,xlsx,,2026-03-06,85,41.1,30.9,36.2,29.7,17.3,23.5,2026-03-06T06:10,2026-03-06T17:45,41676.98,37908.21,4.9,5.8,0.3,0.0,0.3,0.14,1.0,0,0,0,32.9,51.5,342,16.21,2.89
56,Tonopah Test Range Airport,,37.79472222222222,-116.7786111111111,act,xlsx,,2026-03-07,0,49.7,31.4,40.3,36.4,19.9,29.2,2026-03-07T06:09,2026-03-07T17:46,41822.95,38755.69,5.95,5.95,0.0,0.0,0.0,0.0,0.0,0,0,0,29.7,39.2,29,20.79,3.56
56,Tonopah Test Range Airport,,37.79472222222222,-116.7786111111111,act,xlsx,,2026-03-08,0,60.6,35.9,47.7,54.3,26.1,39.5,2026-03-08T06:08,2026-03-08T17:47,41969.56,38905.43,5.9,5.9,0.0,0.0,0.0,0.0,0.0,0,0,0,16.6,19.8,12,20.67,3.95
56,Tonopah Test Range Airport,,37.79472222222222,-116.7786111111111,act,xlsx,,2026-03-09,3,66.0,44.8,54.3,58.2,38.2,46.9,2026-03-09T06:06,2026-03-09T17:48,42116.71,39055.52,5.9,5.9,0.0,0.0,0.0,0.0,0.0,0,0,0,26.1,23.0,167,20.07,4.27
57,Travis Air Force Base,,38.26277777777778,-121.9275,act,xlsx,,2026-03-03,3,66.9,45.5,55.3,66.8,42.3,52.8,2026-03-03T06:36,2026-03-03T18:02,41205.7,38104.93,5.55,5.55,0.0,0.0,0.0,0.0,0.0,0,0,0,17.3,30.6,244,18.57,2.91
57,Travis Air Force Base,,38.26277777777778,-121.9275,act,xlsx,,2026-03-04,3,66.1,47.8,55.7,63.4,42.7,51.0,2026-03-04T06:34,2026-03-04T18:03,41351.55,32400.0,5.5,5.5,0.0,0.0,0.0,0.0,0.0,3,1,0,20.8,33.8,283,18.32,3.19
57,Travis Air Force Base,,38.26277777777778,-121.9275,act,xlsx,,2026-03-05,0,63.7,41.0,51.5,56.5,35.8,45.6,2026-03-05T06:33,2026-03-05T18:04,41498.37,38352.91,5.45,5.45,0.0,0.0,0.0,0.0,0.0,0,0,0,26.6,31.0,318,19.36,3.18
57,Travis Air Force Base,,38.26277777777778,-121.9275,act,xlsx,,2026-03-06,3,62.6,47.1,54.6,52.8,38.5,44.8,2026-03-06T06:31,2026-03-06T18:05,41646.05,38421.07,5.2,5.4,0.0,0.0,0.0,0.0,0.0,0,0,0,36.4,53.6,350,18.72,4.3
57,Travis Air Force Base,,38.26277777777778,-121.9275,act,xlsx,,2026-03-07,0,67.1,47.2,54.7,60.6,35.9,45.9,2026-03-07T06:30,2026-03-07T18:06,41794.48,38482.65,5.55,5.55,0.0,0.0,0.0,0.0,0.0,0,0,0,33.8,58.3,358,19.9,4.17
57,Travis Air Force Base,,38.26277777777778,-121.9275,act,xlsx,,2026-03-08,2,71.6,46.0,57.0,69.2,40.5,53.1,2026-03-08T06:28,2026-03-08T18:07,41943.56,38573.8,5.3,5.35,0.0,0.0,0.0,0.0,0.0,0,0,0,15.8,18.7,6,19.48,3.56
57,Travis Air Force Base,,38.26277777777778,-121.9275,act,xlsx,,2026-03-09,1,67.9,48.5,56.8,62.2,45.1,52.1,2026-03-09T06:27,2026-03-09T18:08,42093.18,38637.22,5.4,5.4,0.0,0.0,0.0,0.0,0.0,0,0,0,32.9,41.4,250,19.08,3.06
58,Tyndall Air Force Base,,30.078611111111112,-85.57638888888889,act,xlsx,,2026-03-03,2,77.0,60.1,66.5,78.6,56.8,65.5,2026-03-03T06:05,2026-03-03T17:42,41815.9,38403.64,6.6,6.6,0.0,0.0,0.0,0.0,0.0,0,0,0,20.2,36.7,112,15.97,3.25
58,Tyndall Air Force Base,,30.078611111111112,-85.57638888888889,act,xlsx,,2026-03-04,45,76.3,61.4,67.3,81.4,59.7,68.9,2026-03-04T06:04,2026-03-04T17:43,41922.74,37912.73,6.7,6.7,0.0,0.0,0.0,0.0,0.0,1,1,0,17.5,28.8,142,20.75,3.51
58,Tyndall Air Force Base,,30.078611111111112,-85.57638888888889,act,xlsx,,2026-03-05,45,78.6,61.9,69.4,80.2,63.8,71.0,2026-03-05T06:03,2026-03-05T17:43,42030.33,31435.35,6.8,6.8,0.0,0.0,0.0,0.0,0.0,5,2,0,20.1,33.8,157,18.18,3.55
58,Tyndall Air Force Base,,30.078611111111112,-85.57638888888889,act,xlsx,,2026-03-06,3,79.7,64.0,70.9,81.4,66.1,72.9,2026-03-06T06:02,2026-03-06T17:44,42138.57,39027.44,6.85,6.85,0.0,0.0,0.0,0.0,0.0,8,4,1,21.3,25.6,151,21.05,4.03
58,Tyndall Air Force Base,,30.078611111111112,-85.57638888888889,act,xlsx,,2026-03-07,0,80.0,64.9,70.4,82.7,66.5,72.4,2026-03-07T06:01,2026-03-07T17:45,42247.39,39206.83,6.95,6.95,0.0,0.0,0.0,0.0,0.0,10,4,1,19.9,33.5,166,21.34,3.97
58,Tyndall Air Force Base,,30.078611111111112,-85.57638888888889,act,xlsx,,2026-03-08,0,78.1,62.7,69.7,80.4,63.2,71.8,2026-03-08T05:59,2026-03-08T17:45,42356.72,39554.35,6.5,6.5,0.0,0.0,0.0,0.0,0.0,8,4,1,17.8,19.1,181,21.71,3.96
58,Tyndall Air Force Base,,30.078611111111112,-85.57638888888889,act,xlsx,,2026-03-09,3,79.7,61.4,69.9,81.0,63.9,71.8,2026-03-09T05:58,2026-03-09T17:46,42466.47,39666.66,6.55,6.55,0.0,0.0,0.0,0.0,0.0,12,7,4,15.1,16.2,205,21.77,4.13
59,United States Air Force Academy,,38.99027777777778,-104.85833333333332,act,xlsx,,2026-03-03,73,48.5,34.6,40.2,40.1,25.6,31.9,2026-03-03T06:28,2026-03-03T17:54,41137.99,21768.16,5.8,5.95,15.27,11.82,0.0,2.41,10.0,36,10,0,31.3,50.8,353,12.45,1.9
59,United States Air Force Academy,,38.99027777777778,-104.85833333333332,act,xlsx,,2026-03-04,45,50.7,28.9,39.3,43.5,23.1,32.9,2026-03-04T06:27,2026-03-04T17:55,41287.7,27618.94,6.05,6.05,0.0,0.0,0.0,0.0,0.0,10,1,0,22.0,26.6,167,18.65,2.42
59,United States Air Force Academy,,38.99027777777778,-104.85833333333332,act,xlsx,,2026-03-05,3,58.8,35.7,46.6,51.9,28.8,38.7,2026-03-05T06:25,2026-03-05T17:56,41438.41,38057.82,6.15,6.15,0.0,0.0,0.0,0.0,0.0,9,3,0,20.2,37.8,210,19.73,3.74
59,United States Air Force Academy,,38.99027777777778,-104.85833333333332,act,xlsx,,2026-03-06,73,47.4,28.9,37.7,36.7,20.9,28.4,2026-03-06T06:24,2026-03-06T17:57,41590.0,37620.05,6.0,6.05,1.1,0.3,0.0,0.56,2.0,70,50,29,32.2,46.1,310,16.96,2.58
59,United States Air Force Academy,,38.99027777777778,-104.85833333333332,act,xlsx,,2026-03-07,3,51.5,24.9,36.7,43.9,16.6,28.9,2026-03-07T06:22,2026-03-07T17:58,41742.37,38296.1,6.0,6.0,0.0,0.0,0.0,0.0,0.0,17,5,0,15.8,36.0,190,20.67,2.99
59,United States Air Force Academy,,38.99027777777778,-104.85833333333332,act,xlsx,,2026-03-08,2,62.3,36.7,48.4,55.2,26.4,39.1,2026-03-08T06:21,2026-03-08T17:59,41895.41,38781.66,5.9,5.9,0.0,0.0,0.0,0.0,0.0,1,0,0,17.3,39.2,265,20.95,4.51
59,United States Air Force Academy,,38.99027777777778,-104.85833333333332,act,xlsx,,2026-03-09,3,67.5,41.6,53.3,61.1,32.0,44.8,2026-03-09T06:19,2026-03-09T18:00,42049.0,38938.25,5.85,5.9,0.0,0.0,0.0,0.0,0.0,3,2,1,15.2,30.2,265,20.13,4.63
60,Vance Air Force Base,,36.339444444444446,-97.91722222222222,act,xlsx,,2026-03-03,3,71.9,42.8,54.0,70.8,37.2,49.1,2026-03-03T06:58,2026-03-03T18:28,41350.5,36402.01,5.35,5.8,0.0,0.0,0.0,0.0,0.0,3,0,0,28.3,41.8,347,18.23,3.05
60,Vance Air Force Base,,36.339444444444446,-97.91722222222222,act,xlsx,,2026-03-04,51,50.0,46.8,48.7,47.5,38.6,44.4,2026-03-04T06:57,2026-03-04T18:29,41486.38,0.0,3.9,5.65,0.8,0.8,0.0,0.0,2.0,34,12,0,26.7,41.0,353,2.8,0.58
60,Vance Air Force Base,,36.339444444444446,-97.91722222222222,act,xlsx,,2026-03-05,53,72.0,44.8,59.3,71.2,41.4,56.3,2026-03-05T06:56,2026-03-05T18:29,41623.18,27569.59,2.9,5.85,2.6,0.0,2.6,0.0,9.0,66,31,15,32.3,63.4,163,6.93,1.64
60,Vance Air Force Base,,36.339444444444446,-97.91722222222222,act,xlsx,,2026-03-06,80,81.2,58.3,67.4,73.4,49.8,60.3,2026-03-06T06:54,2026-03-06T18:30,41760.8,30583.61,6.0,6.0,2.5,0.0,2.5,0.0,3.0,66,41,30,48.3,80.6,191,13.89,4.19
60,Vance Air Force Base,,36.339444444444446,-97.91722222222222,act,xlsx,,2026-03-07,3,58.6,44.1,51.9,50.8,32.8,43.1,2026-03-07T06:53,2026-03-07T18:31,41899.15,38460.8,5.35,6.0,0.0,0.0,0.0,0.0,0.0,31,10,5,28.1,52.9,4,16.37,3.74
60,Vance Air Force Base,,36.339444444444446,-97.91722222222222,act,xlsx,,2026-03-08,3,73.1,44.8,57.6,67.2,39.5,52.0,2026-03-08T06:51,2026-03-08T18:32,42038.1,39033.9,5.65,5.65,0.0,0.0,0.0,0.0,0.0,8,4,2,20.2,50.4,199,20.08,4.18
60,Vance Air Force Base,,36.339444444444446,-97.91722222222222,act,xlsx,,2026-03-09,3,84.8,55.2,69.2,78.0,50.6,64.2,2026-03-09T06:50,2026-03-09T18:33,42177.59,39176.45,5.6,5.6,0.0,0.0,0.0,0.0,0.0,16,9,5,33.9,67.0,206,20.05,5.51
61,Whiteman Air Force Base,,38.73027777777778,-93.54805555555556,act,xlsx,,2026-03-03,53,55.7,38.9,45.7,54.6,33.6,41.4,2026-03-03T06:43,2026-03-03T18:09,41154.5,0.0,2.1,5.05,2.8,2.8,0.0,0.0,10.0,48,28,4,19.7,35.6,66,5.9,0.84
61,Whiteman Air Force Base,,38.73027777777778,-93.54805555555556,act,xlsx,,2026-03-04,53,54.1,44.1,47.0,55.2,38.3,43.3,2026-03-04T06:41,2026-03-04T18:10,41302.74,3346.33,0.65,5.2,2.15,2.15,0.0,0.0,6.0,70,30,6,17.3,35.6,26,6.09,0.81
61,Whiteman Air Force Base,,38.73027777777778,-93.54805555555556,act,xlsx,,2026-03-05,53,67.2,46.2,56.7,65.3,43.5,54.9,2026-03-05T06:40,2026-03-05T18:11,41451.96,38115.68,5.0,5.55,1.5,0.1,1.4,0.0,4.0,70,27,15,19.2,46.8,181,16.27,2.57
61,Whiteman Air Force Base,,38.73027777777778,-93.54805555555556,act,xlsx,,2026-03-06,80,68.9,61.7,65.6,63.7,56.6,61.0,2026-03-06T06:38,2026-03-06T18:12,41602.07,17521.09,2.7,5.6,4.2,0.1,4.2,0.0,10.0,83,61,33,39.1,68.8,189,5.13,1.91
61,Whiteman Air Force Base,,38.73027777777778,-93.54805555555556,act,xlsx,,2026-03-07,51,64.0,45.8,51.9,61.0,36.2,45.6,2026-03-07T06:37,2026-03-07T18:13,41752.95,38648.03,5.7,5.7,0.5,0.0,0.5,0.0,3.0,83,23,1,26.5,56.2,300,18.48,2.81
61,Whiteman Air Force Base,,38.73027777777778,-93.54805555555556,act,xlsx,,2026-03-08,3,66.9,42.6,54.1,60.7,36.5,48.3,2026-03-08T06:35,2026-03-08T18:14,41904.49,38906.92,5.2,5.25,0.0,0.0,0.0,0.0,0.0,5,4,2,21.4,49.3,210,18.87,3.37
61,Whiteman Air Force Base,,38.73027777777778,-93.54805555555556,act,xlsx,,2026-03-09,1,76.8,52.3,63.6,71.4,46.9,59.1,2026-03-09T06:34,2026-03-09T18:15,42056.6,39228.38,5.2,5.25,0.0,0.0,0.0,0.0,0.0,17,9,5,33.4,60.5,219,18.98,3.82
62,Wright-Patterson Air Force Base,,39.82305555555556,-84.04944444444445,act,xlsx,,2026-03-03,63,50.0,34.4,42.6,47.8,28.2,38.7,2026-03-03T07:05,2026-03-03T18:30,41054.43,0.0,1.15,4.4,20.4,20.4,0.0,0.0,11.0,87,44,2,15.8,36.7,167,3.31,0.51
62,Wright-Patterson Air Force Base,,39.82305555555556,-84.04944444444445,act,xlsx,,2026-03-04,65,49.6,41.7,45.7,47.3,36.6,42.0,2026-03-04T07:04,2026-03-04T18:31,41208.55,0.0,1.3,4.55,17.6,17.6,0.0,0.0,11.0,82,45,27,13.3,27.7,79,3.97,0.55
62,Wright-Patterson Air Force Base,,39.82305555555556,-84.04944444444445,act,xlsx,,2026-03-05,80,62.8,49.3,56.9,59.4,46.6,54.2,2026-03-05T07:02,2026-03-05T18:32,41363.69,12701.46,1.8,4.85,6.38,1.8,4.57,0.0,16.0,86,79,50,26.4,57.2,215,3.57,0.8
62,Wright-Patterson Air Force Base,,39.82305555555556,-84.04944444444445,act,xlsx,,2026-03-06,51,73.7,55.4,62.9,72.1,55.3,62.4,2026-03-06T07:01,2026-03-06T18:33,41519.74,26695.12,5.2,5.2,1.1,0.2,0.9,0.0,6.0,50,30,11,21.3,51.1,195,12.18,2.24
62,Wright-Patterson Air Force Base,,39.82305555555556,-84.04944444444445,act,xlsx,,2026-03-07,80,68.6,50.9,62.8,64.1,43.6,58.7,2026-03-07T06:59,2026-03-07T18:34,41676.61,26364.78,4.15,5.1,2.7,1.3,1.4,0.0,9.0,82,49,11,33.4,65.2,227,7.03,1.78
62,Wright-Patterson Air Force Base,,39.82305555555556,-84.04944444444445,act,xlsx,,2026-03-08,3,60.5,43.2,51.2,53.5,39.6,46.0,2026-03-08T06:58,2026-03-08T18:35,41834.16,38479.73,4.5,4.95,0.0,0.0,0.0,0.0,0.0,19,10,7,18.1,37.4,228,16.06,2.54
62,Wright-Patterson Air Force Base,,39.82305555555556,-84.04944444444445,act,xlsx,,2026-03-09,51,67.3,53.1,59.2,62.9,50.3,55.9,2026-03-09T06:56,2026-03-09T18:36,41992.3,23221.22,2.7,4.6,0.4,0.1,0.3,0.0,4.0,16,13,7,27.8,58.3,221,7.14,1.5
63,Abston Air National Guard Station,,32.35611111111111,-86.34666666666666,act,xlsx,,2026-03-03,3,73.6,56.1,64.7,72.6,53.4,62.7,2026-03-03T06:10,2026-03-03T17:44,41654.16,18061.64,6.25,6.25,0.0,0.0,0.0,0.0,0.0,1,0,0,19.3,37.1,115,12.18,2.79
63,Abston Air National Guard Station,,32.35611111111111,-86.34666666666666,act,xlsx,,2026-03-04,3,81.1,55.8,68.3,80.8,55.1,67.8,2026-03-04T06:08,2026-03-04T17:45,41771.05,37616.09,6.35,6.35,0.0,0.0,0.0,0.0,0.0,1,0,0,14.1,25.6,148,17.64,3.78
63,Abston Air National Guard Station,,32.35611111111111,-86.34666666666666,act,xlsx,,2026-03-05,3,82.9,61.2,70.2,82.7,62.7,71.4,2026-03-05T06:07,2026-03-05T17:45,41888.74,29826.49,6.45,6.45,0.0,0.0,0.0,0.0,0.0,16,6,0,16.9,30.2,177,14.72,3.43
63,Abston Air National Guard Station,,32.35611111111111,-86.34666666666666,act,xlsx,,2026-03-06,55,82.0,63.2,71.4,84.5,65.1,73.5,2026-03-06T06:06,2026-03-06T17:46,42007.15,31223.54,6.45,6.55,3.0,0.0,3.0,0.0,7.0,37,14,1,16.6,34.6,164,17.24,3.66
63,Abston Air National Guard Station,,32.35611111111111,-86.34666666666666,act,xlsx,,2026-03-07,80,84.7,63.6,72.7,86.8,65.9,74.8,2026-03-07T06:05,2026-03-07T17:47,42126.19,32592.05,6.6,6.6,4.8,0.0,4.8,0.0,8.0,34,18,2,15.5,31.3,176,18.16,3.96
63,Abston Air National Guard Station,,32.35611111111111,-86.34666666666666,act,xlsx,,2026-03-08,51,84.0,62.4,72.0,84.7,64.5,73.6,2026-03-08T06:03,2026-03-08T17:48,42245.77,39377.52,6.2,6.2,0.4,0.0,0.4,0.0,1.0,40,26,14,12.8,39.6,205,20.52,4.22
63,Abston Air National Guard Station,,32.35611111111111,-86.34666666666666,act,xlsx,,2026-03-09,51,78.0,64.9,69.1,80.3,66.2,71.4,2026-03-09T06:02,2026-03-09T17:48,42365.81,28711.3,4.65,6.15,0.6,0.0,0.6,0.0,3.0,37,28,13,13.0,33.8,243,11.08,2.31
64,Atlantic City Air National Guard Base,,39.44805555555556,-74.58166666666666,act,xlsx,,2026-03-03,53,42.8,31.9,38.8,40.5,25.2,33.8,2026-03-03T06:27,2026-03-03T17:52,41085.92,2276.17,1.75,4.75,1.7,1.7,0.0,0.0,7.0,42,18,0,13.8,33.8,81,2.42,0.36
64,Atlantic City Air National Guard Base,,39.44805555555556,-74.58166666666666,act,xlsx,,2026-03-04,63,50.6,37.4,45.6,47.3,33.2,41.3,2026-03-04T06:26,2026-03-04T17:53,41238.05,0.0,3.95,5.0,8.05,8.05,0.0,0.0,11.0,54,25,11,18.2,43.2,239,3.1,0.46
64,Atlantic City Air National Guard Base,,39.44805555555556,-74.58166666666666,act,xlsx,,2026-03-05,51,64.2,35.0,49.2,62.4,30.1,46.1,2026-03-05T06:24,2026-03-05T17:54,41391.19,34164.82,4.65,5.15,0.6,0.0,0.6,0.0,4.0,61,39,20,14.2,43.6,184,13.35,1.84
64,Atlantic City Air National Guard Base,,39.44805555555556,-74.58166666666666,act,xlsx,,2026-03-06,53,58.8,39.8,48.3,56.9,31.7,43.5,2026-03-06T06:23,2026-03-06T17:55,41545.24,35153.16,3.9,5.2,1.8,0.1,1.7,0.0,4.0,48,22,3,21.4,41.4,66,9.52,1.05
64,Atlantic City Air National Guard Base,,39.44805555555556,-74.58166666666666,act,xlsx,,2026-03-07,55,56.3,40.0,46.9,54.1,32.9,42.5,2026-03-07T06:21,2026-03-07T17:56,41700.09,14835.65,2.05,5.3,4.0,0.1,3.9,0.0,6.0,36,13,3,22.1,70.2,140,5.2,0.7
64,Atlantic City Air National Guard Base,,39.44805555555556,-74.58166666666666,act,xlsx,,2026-03-08,53,62.2,50.9,57.7,58.8,45.9,53.5,2026-03-08T06:20,2026-03-08T17:57,41855.62,37291.79,5.05,5.25,1.5,0.3,1.2,0.0,5.0,36,22,15,21.8,67.7,264,16.55,2.84
64,Atlantic City Air National Guard Base,,39.44805555555556,-74.58166666666666,act,xlsx,,2026-03-09,45,65.2,47.7,53.8,64.3,43.5,51.3,2026-03-09T06:18,2026-03-09T17:58,42011.72,27841.36,3.6,5.0,0.0,0.0,0.0,0.0,0.0,23,19,13,12.3,37.4,197,9.08,1.51
65,Bangor Air National Guard Base,,44.814166666666665,-68.83083333333333,act,xlsx,,2026-03-03,73,38.4,-1.5,20.8,26.4,-9.3,11.3,2026-03-03T06:08,2026-03-03T17:25,40584.73,30391.17,4.05,4.45,1.1,0.4,0.0,0.49,1.0,86,8,0,23.8,41.8,185,15.54,1.59
65,Bangor Air National Guard Base,,44.814166666666665,-68.83083333333333,act,xlsx,,2026-03-04,73,48.9,21.8,35.2,39.5,14.6,28.1,2026-03-04T06:07,2026-03-04T17:26,40768.68,32294.4,4.6,4.6,5.08,1.55,0.0,2.47,5.0,93,15,0,25.3,44.6,270,15.42,1.74
65,Bangor Air National Guard Base,,44.814166666666665,-68.83083333333333,act,xlsx,,2026-03-05,51,41.0,23.1,31.8,36.2,16.9,25.8,2026-03-05T06:05,2026-03-05T17:27,40953.82,23545.05,4.1,4.55,0.2,0.2,0.0,0.0,2.0,12,3,0,12.8,31.3,64,10.13,1.02
65,Bangor Air National Guard Base,,44.814166666666665,-68.83083333333333,act,xlsx,,2026-03-06,71,32.7,23.7,28.0,26.1,15.0,20.5,2026-03-06T06:03,2026-03-06T17:29,41140.02,26664.54,3.2,4.6,0.5,0.3,0.0,0.14,5.0,37,26,12,14.3,32.0,54,7.01,0.63
65,Bangor Air National Guard Base,,44.814166666666665,-68.83083333333333,act,xlsx,,2026-03-07,75,41.9,27.0,32.8,34.3,20.6,25.0,2026-03-07T06:01,2026-03-07T17:30,41327.14,0.0,0.85,5.0,9.5,4.0,0.0,3.85,11.0,53,32,19,21.4,74.2,172,1.06,0.19
65,Bangor Air National Guard Base,,44.814166666666665,-68.83083333333333,act,xlsx,,2026-03-08,61,46.3,31.9,40.0,40.0,25.4,33.0,2026-03-08T06:00,2026-03-08T17:31,41515.07,38026.71,4.65,4.65,1.9,1.9,0.0,0.0,1.0,53,14,3,21.1,68.8,253,17.15,1.64
65,Bangor Air National Guard Base,,44.814166666666665,-68.83083333333333,act,xlsx,,2026-03-09,3,52.5,32.3,41.0,48.0,25.6,35.5,2026-03-09T05:58,2026-03-09T17:33,41703.65,37914.4,4.2,4.6,0.0,0.0,0.0,0.0,0.0,8,5,3,15.0,47.5,210,13.99,1.66
66,Barnes Air National Guard Base,,42.16555555555556,-72.72055555555556,act,xlsx,,2026-03-03,73,30.6,9.3,22.4,24.9,1.4,15.9,2026-03-03T06:22,2026-03-03T17:43,40843.43,7761.7,2.8,4.95,12.2,7.5,0.0,3.29,11.0,94,34,0,8.1,19.1,105,7.61,0.68
66,Barnes Air National Guard Base,,42.16555555555556,-72.72055555555556,act,xlsx,,2026-03-04,57,50.3,26.5,37.0,46.2,19.5,31.8,2026-03-04T06:20,2026-03-04T17:44,41010.9,36000.0,4.65,5.05,1.0,1.0,0.0,0.0,3.0,57,6,0,11.1,20.2,290,17.42,1.85
66,Barnes Air National Guard Base,,42.16555555555556,-72.72055555555556,act,xlsx,,2026-03-05,71,35.0,32.4,34.0,30.8,27.2,29.1,2026-03-05T06:19,2026-03-05T17:45,41179.48,0.0,0.65,4.85,17.65,17.35,0.0,0.21,19.0,72,32,2,9.4,31.7,67,0.94,0.22
66,Barnes Air National Guard Base,,42.16555555555556,-72.72055555555556,act,xlsx,,2026-03-06,71,34.1,31.9,33.3,28.7,26.3,27.1,2026-03-06T06:17,2026-03-06T17:46,41349.04,0.0,0.6,5.0,9.1,8.9,0.0,0.14,10.0,80,40,4,13.2,32.0,28,1.12,0.23
66,Barnes Air National Guard Base,,42.16555555555556,-72.72055555555556,act,xlsx,,2026-03-07,56,47.4,31.9,36.6,42.8,26.3,31.5,2026-03-07T06:15,2026-03-07T17:47,41519.46,0.0,1.0,5.25,2.5,1.8,0.6,0.07,6.0,52,17,4,14.7,57.6,186,1.83,0.27
66,Barnes Air National Guard Base,,42.16555555555556,-72.72055555555556,act,xlsx,,2026-03-08,80,51.9,37.3,45.3,48.5,31.9,39.9,2026-03-08T06:14,2026-03-08T17:49,41690.62,37868.73,4.85,4.95,2.3,1.6,0.7,0.0,2.0,52,15,6,18.6,61.2,286,17.85,2.03
66,Barnes Air National Guard Base,,42.16555555555556,-72.72055555555556,act,xlsx,,2026-03-09,3,65.5,37.6,50.6,62.9,32.0,47.3,2026-03-09T06:12,2026-03-09T17:50,41862.4,38245.65,4.9,4.9,0.0,0.0,0.0,0.0,0.0,10,9,8,12.2,23.0,215,17.7,2.66
67,Battle Creek Air National Guard Base,,42.30722222222222,-3.420833333333334,act,xlsx,,2026-03-03,3,54.4,38.1,46.2,51.6,35.0,42.7,2026-03-03T07:45,2026-03-03T19:05,40787.29,32282.55,4.1,4.55,0.0,0.0,0.0,0.0,0.0,45,6,0,12.2,27.7,79,13.41,2.11
67,Battle Creek Air National Guard Base,,42.30722222222222,-3.420833333333334,act,xlsx,,2026-03-04,3,58.8,38.9,46.4,55.6,34.2,42.5,2026-03-04T07:43,2026-03-04T19:06,40955.37,37668.18,4.55,4.75,0.0,0.0,0.0,0.0,0.0,38,5,0,7.9,23.0,88,16.39,2.35
67,Battle Creek Air National Guard Base,,42.30722222222222,-3.420833333333334,act,xlsx,,2026-03-05,81,55.7,38.1,45.5,52.9,34.9,42.1,2026-03-05T07:42,2026-03-05T19:07,41124.59,21107.81,4.4,4.75,7.3,7.77,0.0,0.0,9.0,91,36,0,13.2,28.4,57,10.39,1.43
67,Battle Creek Air National Guard Base,,42.30722222222222,-3.420833333333334,act,xlsx,,2026-03-06,61,44.8,40.7,42.2,39.9,34.0,36.3,2026-03-06T07:40,2026-03-06T19:09,41294.83,0.0,4.5,4.65,7.4,7.4,0.0,0.0,21.0,78,68,60,17.6,37.8,49,3.63,0.43
67,Battle Creek Air National Guard Base,,42.30722222222222,-3.420833333333334,act,xlsx,,2026-03-07,61,48.6,38.1,43.1,44.5,32.3,38.0,2026-03-07T07:39,2026-03-07T19:10,41465.96,28997.51,1.4,4.6,3.55,3.4,0.15,0.0,8.0,58,42,28,13.1,30.3,84,11.54,1.45
67,Battle Creek Air National Guard Base,,42.30722222222222,-3.420833333333334,act,xlsx,,2026-03-08,85,45.4,35.6,40.6,39.5,30.0,35.0,2026-03-08T07:37,2026-03-08T19:11,41637.87,30558.07,3.1,4.45,4.3,0.3,3.1,0.0,16.0,24,18,15,12.7,32.4,196,10.68,1.29
67,Battle Creek Air National Guard Base,,42.30722222222222,-3.420833333333334,act,xlsx,,2026-03-09,45,51.4,35.0,42.8,45.4,30.1,37.9,2026-03-09T07:35,2026-03-09T19:12,41810.43,38687.95,3.15,4.5,0.2,0.0,0.2,0.0,2.0,26,12,5,10.3,23.4,178,12.72,1.7
68,Berry Field Air National Guard Base,,36.126666666666665,-86.68194444444445,act,xlsx,,2026-03-03,3,71.6,50.6,60.8,67.4,47.2,56.6,2026-03-03T06:13,2026-03-03T17:43,41367.72,22898.38,4.75,5.35,0.0,0.0,0.0,0.0,0.0,2,1,0,26.8,57.6,182,12.06,2.81
68,Berry Field Air National Guard Base,,36.126666666666665,-86.68194444444445,act,xlsx,,2026-03-04,3,78.2,58.9,66.7,76.0,56.0,64.7,2026-03-04T06:12,2026-03-04T17:44,41502.52,21975.9,4.9,5.5,0.0,0.0,0.0,0.0,0.0,6,3,1,22.1,50.8,193,12.26,3.06
68,Berry Field Air National Guard Base,,36.126666666666665,-86.68194444444445,act,xlsx,,2026-03-05,53,73.9,61.8,67.4,72.7,59.4,65.4,2026-03-05T06:11,2026-03-05T17:45,41638.24,30387.46,4.3,5.6,0.8,0.0,0.8,0.0,3.0,19,12,5,18.6,56.2,195,10.0,2.91
68,Berry Field Air National Guard Base,,36.126666666666665,-86.68194444444445,act,xlsx,,2026-03-06,3,78.8,61.9,69.3,77.8,60.7,68.9,2026-03-06T06:09,2026-03-06T17:45,41774.77,35750.53,5.7,5.7,0.0,0.0,0.0,0.0,0.0,23,9,1,20.6,53.3,183,15.52,3.47
68,Berry Field Air National Guard Base,,36.126666666666665,-86.68194444444445,act,xlsx,,2026-03-07,81,76.3,61.2,67.4,75.5,63.1,67.6,2026-03-07T06:08,2026-03-07T17:46,41912.01,28210.32,4.85,5.7,12.7,9.8,2.9,0.0,5.0,84,47,8,22.4,54.4,211,11.18,2.4
68,Berry Field Air National Guard Base,,36.126666666666665,-86.68194444444445,act,xlsx,,2026-03-08,3,68.2,58.5,62.9,68.5,59.2,64.2,2026-03-08T06:06,2026-03-08T17:47,42049.87,23853.65,2.5,5.2,0.0,0.0,0.0,0.0,0.0,48,39,33,10.4,32.8,195,6.29,1.26
68,Berry Field Air National Guard Base,,36.126666666666665,-86.68194444444445,act,xlsx,,2026-03-09,3,72.0,60.7,65.5,71.1,61.7,65.6,2026-03-09T06:05,2026-03-09T17:48,42188.23,34761.55,3.05,5.2,0.0,0.0,0.0,0.0,0.0,41,35,27,19.5,53.3,209,8.61,1.8
69,Biddle Air National Guard Base,,40.19972222222222,-75.14805555555556,act,xlsx,,2026-03-03,73,38.2,30.2,34.0,33.4,23.9,28.5,2026-03-03T06:30,2026-03-03T17:54,41020.18,0.0,0.4,4.55,8.0,7.3,0.0,0.49,11.0,87,35,0,13.0,34.2,87,1.39,0.26
69,Biddle Air National Guard Base,,40.19972222222222,-75.14805555555556,act,xlsx,,2026-03-04,55,54.6,38.6,45.9,51.6,33.1,42.0,2026-03-04T06:29,2026-03-04T17:55,41176.46,17395.22,3.25,4.8,2.7,2.7,0.0,0.0,4.0,50,16,2,15.3,30.2,60,13.89,1.69
69,Biddle Air National Guard Base,,40.19972222222222,-75.14805555555556,act,xlsx,,2026-03-05,80,59.9,36.4,47.6,59.3,32.9,45.3,2026-03-05T06:27,2026-03-05T17:56,41333.78,28832.76,3.4,4.65,12.42,10.02,2.4,0.0,10.0,71,53,35,9.3,20.5,131,9.06,1.27
69,Biddle Air National Guard Base,,40.19972222222222,-75.14805555555556,act,xlsx,,2026-03-06,80,51.5,38.8,47.0,51.2,31.7,42.9,2026-03-06T06:26,2026-03-06T17:57,41492.02,18941.47,3.05,4.7,2.4,2.2,0.2,0.0,2.0,72,31,4,17.2,33.8,88,6.47,0.92
69,Biddle Air National Guard Base,,40.19972222222222,-75.14805555555556,act,xlsx,,2026-03-07,53,56.7,38.1,43.7,54.3,31.7,39.6,2026-03-07T06:24,2026-03-07T17:58,41651.08,5682.47,1.4,4.8,2.1,0.0,2.1,0.0,5.0,53,19,3,15.8,65.2,132,3.12,0.49
69,Biddle Air National Guard Base,,40.19972222222222,-75.14805555555556,act,xlsx,,2026-03-08,51,60.5,49.7,54.3,58.5,43.4,49.0,2026-03-08T06:22,2026-03-08T17:59,41810.84,38041.86,3.85,4.85,0.4,0.0,0.4,0.0,2.0,53,20,9,19.6,63.0,274,13.93,2.38
69,Biddle Air National Guard Base,,40.19972222222222,-75.14805555555556,act,xlsx,,2026-03-09,51,66.2,48.9,57.0,64.7,45.6,54.9,2026-03-09T06:21,2026-03-09T18:00,41971.19,37944.86,4.2,4.55,0.3,0.0,0.3,0.0,3.0,22,16,13,14.7,38.2,217,14.71,2.33
70,Bradley Air National Guard Base,,41.93888888888888,-72.68333333333334,act,xlsx,,2026-03-03,73,32.0,12.2,23.7,26.9,5.5,17.5,2026-03-03T06:22,2026-03-03T17:43,40862.35,6663.31,2.55,5.0,10.4,6.9,0.0,2.45,9.0,93,33,0,6.5,18.0,275,6.67,0.63
70,Bradley Air National Guard Base,,41.93888888888888,-72.68333333333334,act,xlsx,,2026-03-04,57,51.8,27.1,37.9,47.9,20.9,32.6,2026-03-04T06:20,2026-03-04T17:44,41028.62,25200.0,4.4,5.2,1.08,1.08,0.0,0.0,3.0,54,6,0,11.2,24.5,305,16.48,1.83
70,Bradley Air National Guard Base,,41.93888888888888,-72.68333333333334,act,xlsx,,2026-03-05,63,34.6,32.2,33.6,30.7,26.9,28.8,2026-03-05T06:18,2026-03-05T17:45,41195.99,0.0,0.6,4.8,18.85,18.85,0.0,0.0,19.0,74,34,2,8.6,27.0,51,0.62,0.2
70,Bradley Air National Guard Base,,41.93888888888888,-72.68333333333334,act,xlsx,,2026-03-06,61,34.7,32.4,33.6,28.6,26.6,27.3,2026-03-06T06:17,2026-03-06T17:46,41364.33,0.0,0.8,4.95,3.7,3.7,0.0,0.0,5.0,81,41,4,12.5,32.8,21,1.29,0.25
70,Bradley Air National Guard Base,,41.93888888888888,-72.68333333333334,act,xlsx,,2026-03-07,56,40.9,32.4,35.5,36.5,27.0,30.8,2026-03-07T06:15,2026-03-07T17:47,41533.54,0.0,1.0,5.2,2.0,1.5,0.5,0.0,6.0,53,17,4,9.6,60.1,185,1.88,0.28
70,Bradley Air National Guard Base,,41.93888888888888,-72.68333333333334,act,xlsx,,2026-03-08,55,52.9,40.1,45.9,47.4,34.3,40.7,2026-03-08T06:13,2026-03-08T17:49,41703.47,37861.25,4.75,4.95,1.5,0.9,0.6,0.0,2.0,53,17,6,17.2,60.1,276,17.31,2.15
70,Bradley Air National Guard Base,,41.93888888888888,-72.68333333333334,act,xlsx,,2026-03-09,3,65.7,36.6,50.0,62.7,31.7,46.2,2026-03-09T06:12,2026-03-09T17:50,41874.03,37950.31,4.9,4.9,0.0,0.0,0.0,0.0,0.0,12,10,9,13.7,27.7,191,17.72,2.62
71,Brunswick Air National Guard Station,,31.2475,-10.358055555555556,act,xlsx,,2026-03-03,95,57.0,53.6,55.3,52.0,45.1,48.9,2026-03-03T06:05,2026-03-03T17:40,41710.21,34538.6,5.75,6.0,13.3,0.0,13.3,0.0,19.0,90,59,30,37.8,51.8,270,15.16,2.39
71,Brunswick Air National Guard Station,,31.2475,-10.358055555555556,act,xlsx,,2026-03-04,95,60.7,55.3,58.3,57.9,47.2,53.2,2026-03-04T06:04,2026-03-04T17:41,41822.0,23467.82,6.25,6.25,6.5,0.0,6.5,0.0,9.0,55,27,0,29.9,46.8,218,10.25,2.07
71,Brunswick Air National Guard Station,,31.2475,-10.358055555555556,act,xlsx,,2026-03-05,80,61.9,60.2,61.0,59.1,54.9,57.2,2026-03-05T06:03,2026-03-05T17:42,41934.58,36148.24,6.45,6.5,2.3,0.0,2.3,0.0,14.0,50,23,0,29.3,38.2,0,17.05,2.69
71,Brunswick Air National Guard Station,,31.2475,-10.358055555555556,act,xlsx,,2026-03-06,80,61.8,59.2,59.8,54.2,44.6,47.5,2026-03-06T06:02,2026-03-06T17:43,42047.86,37806.86,6.5,6.6,0.4,0.0,0.4,0.0,2.0,13,3,0,55.1,79.2,26,20.62,3.7
71,Brunswick Air National Guard Station,,31.2475,-10.358055555555556,act,xlsx,,2026-03-07,2,59.5,57.1,58.4,47.7,44.3,45.8,2026-03-07T06:01,2026-03-07T17:43,42161.77,39328.43,6.55,6.55,0.0,0.0,0.0,0.0,0.0,5,2,0,51.5,73.8,28,21.61,3.84
71,Brunswick Air National Guard Station,,31.2475,-10.358055555555556,act,xlsx,,2026-03-08,0,61.2,58.2,59.7,51.3,46.7,48.9,2026-03-08T05:59,2026-03-08T17:44,42276.22,39445.34,6.3,6.3,0.0,0.0,0.0,0.0,0.0,5,1,0,46.3,66.6,25,22.08,3.78
71,Brunswick Air National Guard Station,,31.2475,-10.358055555555556,act,xlsx,,2026-03-09,3,61.6,59.5,60.5,58.9,50.9,54.8,2026-03-09T05:58,2026-03-09T17:45,42391.12,39562.56,6.3,6.3,0.0,0.0,0.0,0.0,0.0,0,0,0,42.8,60.1,5,21.32,3.42
72,Burlington Air National Guard Base,,44.47277777777778,-73.14666666666668,act,xlsx,,2026-03-03,73,37.6,7.4,25.0,26.2,-1.4,15.4,2026-03-03T06:26,2026-03-03T17:42,40619.29,24898.8,4.3,5.0,0.7,0.1,0.0,0.42,2.0,68,12,0,29.0,52.9,163,13.8,1.27
72,Burlington Air National Guard Base,,44.47277777777778,-73.14666666666668,act,xlsx,,2026-03-04,73,45.0,29.7,35.8,38.6,23.8,29.8,2026-03-04T06:24,2026-03-04T17:44,40801.02,36000.0,3.85,5.0,0.48,0.0,0.0,0.33,2.0,30,2,0,14.9,30.2,264,15.94,1.57
72,Burlington Air National Guard Base,,44.47277777777778,-73.14666666666668,act,xlsx,,2026-03-05,73,36.7,25.0,31.7,32.4,19.0,26.5,2026-03-05T06:22,2026-03-05T17:45,40983.95,29056.62,3.9,4.9,2.1,1.2,0.0,0.63,3.0,36,10,0,7.3,9.0,344,10.65,0.96
72,Burlington Air National Guard Base,,44.47277777777778,-73.14666666666668,act,xlsx,,2026-03-06,73,34.1,25.6,30.0,28.0,19.3,24.3,2026-03-06T06:20,2026-03-06T17:46,41167.92,24231.98,3.2,5.0,2.0,1.0,0.0,0.7,6.0,51,30,10,10.0,20.9,256,6.69,0.59
72,Burlington Air National Guard Base,,44.47277777777778,-73.14666666666668,act,xlsx,,2026-03-07,81,44.9,32.2,39.1,35.6,24.4,29.7,2026-03-07T06:19,2026-03-07T17:48,41352.8,5939.1,2.1,5.1,19.4,17.7,0.2,1.05,10.0,62,51,14,36.0,71.6,170,3.46,0.47
72,Burlington Air National Guard Base,,44.47277777777778,-73.14666666666668,act,xlsx,,2026-03-08,53,45.3,35.9,40.4,38.4,27.2,32.1,2026-03-08T06:17,2026-03-08T17:49,41538.48,37283.3,4.55,4.55,0.8,0.8,0.0,0.0,2.0,62,12,4,28.1,61.6,216,16.33,1.92
72,Burlington Air National Guard Base,,44.47277777777778,-73.14666666666668,act,xlsx,,2026-03-09,45,51.7,37.1,44.5,45.8,29.2,38.0,2026-03-09T06:15,2026-03-09T17:50,41724.82,36535.14,3.9,4.55,0.0,0.0,0.0,0.0,0.0,11,8,5,22.8,49.7,167,12.46,1.72
73,Camp Murray Air National Guard Station,,47.11805555555556,-122.56,act,xlsx,,2026-03-03,51,53.2,41.1,47.7,48.7,37.9,43.9,2026-03-03T06:45,2026-03-03T17:58,40367.44,0.0,0.85,3.9,0.3,0.3,0.0,0.0,2.0,52,19,5,17.2,38.2,210,3.97,0.74
73,Camp Murray Air National Guard Station,,47.11805555555556,-122.56,act,xlsx,,2026-03-04,63,49.8,42.0,46.3,45.4,34.9,40.7,2026-03-04T06:43,2026-03-04T17:59,40567.07,143.55,3.6,3.9,4.0,4.0,0.0,0.0,3.0,70,44,16,18.8,44.3,241,7.23,1.0
73,Camp Murray Air National Guard Station,,47.11805555555556,-122.56,act,xlsx,,2026-03-05,3,49.6,41.8,45.2,44.0,34.8,39.0,2026-03-05T06:41,2026-03-05T18:01,40767.95,33004.74,2.8,4.0,0.0,0.0,0.0,0.0,0.0,59,53,47,17.8,46.1,244,7.98,1.33
73,Camp Murray Air National Guard Station,,47.11805555555556,-122.56,act,xlsx,,2026-03-06,51,54.5,42.0,47.7,50.7,39.0,44.6,2026-03-06T06:40,2026-03-06T18:02,40969.93,27581.94,3.45,4.1,0.9,0.2,0.7,0.0,7.0,82,64,47,6.9,22.0,230,8.21,1.25
73,Camp Murray Air National Guard Station,,47.11805555555556,-122.56,act,xlsx,,2026-03-07,51,49.9,47.3,48.7,45.5,43.9,44.7,2026-03-07T06:38,2026-03-07T18:04,41172.88,0.0,0.5,4.2,0.1,0.1,0.0,0.0,1.0,56,52,43,14.5,29.5,202,0.83,0.4
73,Camp Murray Air National Guard Station,,47.11805555555556,-122.56,act,xlsx,,2026-03-08,3,52.8,42.8,49.5,47.2,34.5,43.7,2026-03-08T06:36,2026-03-08T18:05,41376.65,1941.93,1.2,3.95,0.0,0.0,0.0,0.0,0.0,64,56,43,22.7,43.9,212,2.44,0.72
73,Camp Murray Air National Guard Station,,47.11805555555556,-122.56,act,xlsx,,2026-03-09,3,52.5,36.5,43.0,44.5,30.8,36.4,2026-03-09T06:34,2026-03-09T18:07,41581.12,34420.94,3.5,4.05,0.0,0.0,0.0,0.0,0.0,70,60,43,16.9,38.5,224,10.64,1.74
74,Camp Rilea,,46.12916666666667,-123.94388888888888,act,xlsx,,2026-03-03,63,50.3,47.3,49.2,45.7,41.2,43.4,2026-03-03T06:50,2026-03-03T18:04,40471.06,0.0,3.15,4.15,8.68,8.68,0.0,0.0,6.0,70,21,0,28.8,55.1,212,2.5,0.4
74,Camp Rilea,,46.12916666666667,-123.94388888888888,act,xlsx,,2026-03-04,53,49.8,44.4,47.2,45.2,35.7,40.2,2026-03-04T06:48,2026-03-04T18:06,40663.98,244.54,1.75,4.0,1.35,1.35,0.0,0.0,3.0,87,46,11,35.4,64.1,287,5.3,0.91
74,Camp Rilea,,46.12916666666667,-123.94388888888888,act,xlsx,,2026-03-05,61,47.3,43.6,45.4,43.0,35.1,38.7,2026-03-05T06:46,2026-03-05T18:07,40858.12,18077.17,1.6,4.1,4.85,1.5,3.35,0.0,20.0,81,75,68,25.7,43.9,288,4.35,0.83
74,Camp Rilea,,46.12916666666667,-123.94388888888888,act,xlsx,,2026-03-06,55,51.1,45.8,48.4,48.6,42.2,45.7,2026-03-06T06:44,2026-03-06T18:09,41053.34,24072.32,2.4,4.25,4.4,3.5,0.9,0.0,14.0,89,84,71,9.7,8.6,225,5.94,0.87
74,Camp Rilea,,46.12916666666667,-123.94388888888888,act,xlsx,,2026-03-07,51,50.2,47.9,49.3,47.9,44.3,46.8,2026-03-07T06:42,2026-03-07T18:10,41249.5,0.0,0.9,4.35,1.5,1.5,0.0,0.0,15.0,76,70,63,10.8,9.7,220,1.68,0.35
74,Camp Rilea,,46.12916666666667,-123.94388888888888,act,xlsx,,2026-03-08,51,50.1,45.3,48.6,47.0,40.0,44.7,2026-03-08T06:41,2026-03-08T18:11,41446.47,0.0,0.5,4.1,1.5,1.5,0.0,0.0,12.0,71,65,58,18.2,16.9,232,0.99,0.31
74,Camp Rilea,,46.12916666666667,-123.94388888888888,act,xlsx,,2026-03-09,3,47.9,40.8,44.8,41.1,34.3,38.1,2026-03-09T06:39,2026-03-09T18:13,41644.11,38161.02,3.6,4.25,0.0,0.0,0.0,0.0,0.0,73,65,58,17.6,16.6,318,12.37,1.8
75,Capital Airport Air National Guard Station,,39.844166666666666,-89.67805555555556,act,xlsx,,2026-03-03,63,45.0,37.9,41.1,41.9,32.5,36.7,2026-03-03T06:28,2026-03-03T17:52,41059.73,0.0,0.85,4.65,22.5,22.5,0.0,0.0,12.0,84,39,1,13.6,28.4,90,3.14,0.46
75,Capital Airport Air National Guard Station,,39.844166666666666,-89.67805555555556,act,xlsx,,2026-03-04,63,49.2,42.1,45.1,45.3,36.0,40.4,2026-03-04T06:26,2026-03-04T17:53,41213.96,0.0,1.25,4.85,11.2,11.2,0.0,0.0,9.0,81,36,3,16.4,37.8,88,2.47,0.37
75,Capital Airport Air National Guard Station,,39.844166666666666,-89.67805555555556,act,xlsx,,2026-03-05,65,64.6,48.4,55.9,61.9,44.6,52.9,2026-03-05T06:25,2026-03-05T17:54,41369.21,32592.64,4.25,5.1,19.93,19.85,0.08,0.0,5.0,83,46,18,19.1,29.2,225,11.51,1.85
75,Capital Airport Air National Guard Station,,39.844166666666666,-89.67805555555556,act,xlsx,,2026-03-06,81,75.1,54.7,65.5,70.6,52.8,62.2,2026-03-06T06:23,2026-03-06T17:55,41525.38,35411.39,4.9,5.35,11.4,0.0,11.4,0.0,8.0,61,46,18,31.9,64.4,184,12.08,2.81
75,Capital Airport Air National Guard Station,,39.844166666666666,-89.67805555555556,act,xlsx,,2026-03-07,81,65.4,46.3,57.5,62.3,40.9,50.9,2026-03-07T06:22,2026-03-07T17:56,41682.34,34822.47,4.6,5.4,13.3,8.5,4.8,0.0,6.0,82,34,1,34.5,68.8,259,14.99,2.85
75,Capital Airport Air National Guard Station,,39.844166666666666,-89.67805555555556,act,xlsx,,2026-03-08,3,63.8,41.9,52.4,55.8,35.4,46.5,2026-03-08T06:20,2026-03-08T17:58,41839.99,38677.21,4.7,4.9,0.0,0.0,0.0,0.0,0.0,5,3,1,22.7,36.0,214,17.43,2.94
75,Capital Airport Air National Guard Station,,39.844166666666666,-89.67805555555556,act,xlsx,,2026-03-09,2,75.3,51.3,62.5,70.3,47.5,58.6,2026-03-09T06:19,2026-03-09T17:59,41998.23,38839.17,4.85,4.95,0.0,0.0,0.0,0.0,0.0,16,8,4,28.5,53.6,220,17.9,3.53
76,Channel Islands Air National Guard Station,,34.115,-119.11027777777775,act,xlsx,,2026-03-03,3,63.6,48.2,56.5,65.5,44.7,55.6,2026-03-03T06:22,2026-03-03T17:54,41533.78,36506.28,5.85,6.2,0.0,0.0,0.0,0.0,0.0,1,0,0,14.1,22.3,177,19.46,2.68
76,Channel Islands Air National Guard Station,,34.115,-119.11027777777775,act,xlsx,,2026-03-04,45,62.6,51.2,56.4,63.7,49.5,55.3,2026-03-04T06:20,2026-03-04T17:55,41658.91,30596.72,5.25,6.2,0.0,0.0,0.0,0.0,0.0,0,0,0,17.6,23.8,166,16.66,2.13
76,Channel Islands Air National Guard Station,,34.115,-119.11027777777775,act,xlsx,,2026-03-05,45,70.4,49.9,58.6,66.0,43.0,53.3,2026-03-05T06:19,2026-03-05T17:56,41784.88,38524.65,6.15,6.15,0.0,0.0,0.0,0.0,0.0,0,0,0,18.1,22.3,26,21.28,4.41
76,Channel Islands Air National Guard Station,,34.115,-119.11027777777775,act,xlsx,,2026-03-06,3,72.6,49.4,59.9,69.0,41.5,53.1,2026-03-06T06:18,2026-03-06T17:56,41911.6,38219.74,5.95,5.95,0.0,0.0,0.0,0.0,0.0,0,0,0,43.6,63.7,52,20.93,5.08
76,Channel Islands Air National Guard Station,,34.115,-119.11027777777775,act,xlsx,,2026-03-07,3,73.6,58.5,64.7,62.5,39.1,50.2,2026-03-07T06:17,2026-03-07T17:57,42038.98,38848.82,5.95,5.95,0.0,0.0,0.0,0.0,0.0,1,0,0,64.9,80.6,52,21.05,7.92
76,Channel Islands Air National Guard Station,,34.115,-119.11027777777775,act,xlsx,,2026-03-08,3,72.0,54.8,61.3,68.6,51.1,57.9,2026-03-08T06:15,2026-03-08T17:58,42166.93,38835.29,5.65,5.75,0.0,0.0,0.0,0.0,0.0,3,2,1,18.4,46.4,173,19.26,3.81
76,Channel Islands Air National Guard Station,,34.115,-119.11027777777775,act,xlsx,,2026-03-09,51,67.5,53.1,59.4,64.5,51.3,57.4,2026-03-09T06:14,2026-03-09T17:59,42295.36,38100.81,5.65,5.65,1.5,0.3,1.2,0.0,6.0,3,2,2,22.3,15.8,177,19.84,3.29
77,Charlotte Air National Guard Base,,35.21611111111111,-80.93194444444445,act,xlsx,,2026-03-03,45,59.0,40.5,48.1,56.2,35.1,44.3,2026-03-03T06:50,2026-03-03T18:20,41434.16,19875.93,4.65,5.55,0.0,0.0,0.0,0.0,0.0,6,1,0,12.1,26.3,65,12.09,1.8
77,Charlotte Air National Guard Base,,35.21611111111111,-80.93194444444445,act,xlsx,,2026-03-04,3,74.1,48.4,60.0,72.9,45.9,58.6,2026-03-04T06:48,2026-03-04T18:21,41564.41,30376.32,5.2,5.8,0.0,0.0,0.0,0.0,0.0,1,1,0,15.8,30.6,204,16.49,2.88
77,Charlotte Air National Guard Base,,35.21611111111111,-80.93194444444445,act,xlsx,,2026-03-05,3,75.7,52.2,62.9,75.7,50.2,62.3,2026-03-05T06:47,2026-03-05T18:22,41695.55,29345.08,5.3,5.85,0.0,0.0,0.0,0.0,0.0,1,1,0,15.3,39.2,210,14.27,2.73
77,Charlotte Air National Guard Base,,35.21611111111111,-80.93194444444445,act,xlsx,,2026-03-06,3,79.9,57.6,66.9,81.1,57.9,67.9,2026-03-06T06:46,2026-03-06T18:23,41827.5,34883.77,6.0,6.0,0.0,0.0,0.0,0.0,0.0,12,6,1,12.3,29.5,208,16.83,3.27
77,Charlotte Air National Guard Base,,35.21611111111111,-80.93194444444445,act,xlsx,,2026-03-07,3,79.2,59.3,67.9,79.3,60.0,68.7,2026-03-07T06:45,2026-03-07T18:24,41960.13,35171.95,6.05,6.05,0.0,0.0,0.0,0.0,0.0,26,14,5,17.3,38.5,209,17.8,3.57
77,Charlotte Air National Guard Base,,35.21611111111111,-80.93194444444445,act,xlsx,,2026-03-08,53,79.2,59.0,67.4,78.9,60.2,68.2,2026-03-08T06:43,2026-03-08T18:25,42093.37,37699.15,5.5,5.7,0.5,0.0,0.5,0.0,1.0,44,26,15,12.1,45.0,218,17.69,3.42
77,Charlotte Air National Guard Base,,35.21611111111111,-80.93194444444445,act,xlsx,,2026-03-09,3,79.9,63.0,69.8,78.5,63.4,69.0,2026-03-09T06:42,2026-03-09T18:26,42227.11,31673.43,5.3,5.7,0.0,0.0,0.0,0.0,0.0,41,31,21,22.8,48.6,224,14.76,3.58
78,Dallas Air Guard Station,,32.74,-96.97,act,xlsx,,2026-03-03,3,82.4,66.8,73.5,80.8,64.8,71.6,2026-03-03T06:52,2026-03-03T18:26,41626.15,25200.0,5.05,6.1,0.0,0.0,0.0,0.0,0.0,0,0,0,27.3,56.9,182,15.19,4.45
78,Dallas Air Guard Station,,32.74,-96.97,act,xlsx,,2026-03-04,81,79.5,68.1,72.0,82.7,66.9,73.5,2026-03-04T06:51,2026-03-04T18:27,41744.78,7487.3,2.35,6.1,69.1,69.1,0.0,0.0,4.0,73,18,0,22.7,57.2,193,8.05,2.29
78,Dallas Air Guard Station,,32.74,-96.97,act,xlsx,,2026-03-05,80,76.3,66.1,70.5,76.4,66.4,70.2,2026-03-05T06:50,2026-03-05T18:28,41864.23,12685.65,3.05,6.15,4.28,0.1,4.18,0.0,10.0,73,32,7,28.3,55.8,172,5.71,2.18
78,Dallas Air Guard Station,,32.74,-96.97,act,xlsx,,2026-03-06,81,76.6,67.7,71.4,76.2,66.0,71.1,2026-03-06T06:49,2026-03-06T18:28,41984.41,11295.96,3.4,6.3,12.3,0.2,12.1,0.0,13.0,70,38,7,27.2,58.3,177,5.34,2.16
78,Dallas Air Guard Station,,32.74,-96.97,act,xlsx,,2026-03-07,81,76.4,61.8,68.1,81.3,60.7,69.3,2026-03-07T06:47,2026-03-07T18:29,42105.21,31381.72,5.65,6.35,28.2,0.5,27.7,0.0,17.0,64,56,46,21.3,51.8,135,12.36,2.57
78,Dallas Air Guard Station,,32.74,-96.97,act,xlsx,,2026-03-08,81,65.4,59.5,62.7,67.9,58.4,64.2,2026-03-08T06:46,2026-03-08T18:30,42226.58,11391.21,2.15,5.9,14.6,11.2,3.4,0.0,7.0,47,35,15,14.6,24.8,53,3.96,0.88
78,Dallas Air Guard Station,,32.74,-96.97,act,xlsx,,2026-03-09,3,80.9,63.0,71.2,81.1,65.2,72.7,2026-03-09T06:45,2026-03-09T18:31,42348.41,39640.98,6.1,6.05,0.0,0.0,0.0,0.0,0.0,33,25,15,22.4,40.7,198,19.78,4.01
79,Des Moines Air National Guard Base,,41.53833333333333,-93.65944444444445,act,xlsx,,2026-03-03,45,44.5,38.2,40.8,40.0,32.3,35.8,2026-03-03T06:45,2026-03-03T18:07,40907.57,0.0,2.1,4.7,0.0,0.0,0.0,0.0,0.0,2,1,0,11.0,29.5,83,2.6,0.51
79,Des Moines Air National Guard Base,,41.53833333333333,-93.65944444444445,act,xlsx,,2026-03-04,45,44.3,31.7,39.4,38.4,25.2,34.0,2026-03-04T06:43,2026-03-04T18:08,41071.46,6516.56,2.2,4.8,0.0,0.0,0.0,0.0,0.0,30,7,1,13.0,29.5,82,4.22,0.66
79,Des Moines Air National Guard Base,,41.53833333333333,-93.65944444444445,act,xlsx,,2026-03-05,45,63.8,40.4,50.5,58.9,36.3,46.5,2026-03-05T06:42,2026-03-05T18:09,41236.42,37988.8,5.1,5.1,0.0,0.0,0.0,0.0,0.0,37,18,3,17.4,48.2,150,17.36,2.79
79,Des Moines Air National Guard Base,,41.53833333333333,-93.65944444444445,act,xlsx,,2026-03-06,80,67.3,51.7,62.0,62.1,45.4,56.7,2026-03-06T06:40,2026-03-06T18:10,41402.34,10417.75,3.2,5.15,10.2,2.1,8.1,0.0,16.0,92,72,16,38.4,70.6,179,4.67,1.71
79,Des Moines Air National Guard Base,,41.53833333333333,-93.65944444444445,act,xlsx,,2026-03-07,1,58.3,36.3,45.3,46.0,24.0,34.9,2026-03-07T06:39,2026-03-07T18:11,41569.11,38330.09,5.2,5.2,0.0,0.0,0.0,0.0,0.0,66,12,0,35.3,60.1,273,18.32,3.12
79,Des Moines Air National Guard Base,,41.53833333333333,-93.65944444444445,act,xlsx,,2026-03-08,3,65.6,39.5,51.1,55.5,30.2,42.0,2026-03-08T06:37,2026-03-08T18:13,41736.59,38786.38,4.55,4.7,0.0,0.0,0.0,0.0,0.0,1,1,0,34.4,64.4,221,17.83,3.88
79,Des Moines Air National Guard Base,,41.53833333333333,-93.65944444444445,act,xlsx,,2026-03-09,3,72.7,47.1,58.6,64.1,41.2,51.8,2026-03-09T06:35,2026-03-09T18:14,41904.68,38807.36,4.7,4.85,0.0,0.0,0.0,0.0,0.0,6,3,1,25.7,43.6,247,16.93,4.2
80,Dobbins Air Reserve Base,,33.915277777777774,-84.51638888888888,act,xlsx,,2026-03-03,45,61.9,48.0,53.1,58.7,41.5,48.6,2026-03-03T07:03,2026-03-03T18:36,41533.22,13448.2,5.0,6.0,0.0,0.0,0.0,0.0,0.0,1,0,0,19.9,50.4,100,11.27,1.92
80,Dobbins Air Reserve Base,,33.915277777777774,-84.51638888888888,act,xlsx,,2026-03-04,45,73.1,50.2,59.3,72.8,48.1,58.6,2026-03-04T07:02,2026-03-04T18:36,41657.29,17223.75,5.95,6.2,0.0,0.0,0.0,0.0,0.0,2,1,0,10.8,21.6,128,13.92,2.47
80,Dobbins Air Reserve Base,,33.915277777777774,-84.51638888888888,act,xlsx,,2026-03-05,51,78.3,55.8,66.4,77.4,54.4,65.5,2026-03-05T07:01,2026-03-05T18:37,41782.22,27720.32,6.25,6.3,0.1,0.0,0.1,0.0,1.0,5,3,0,15.8,32.0,180,12.7,2.99
80,Dobbins Air Reserve Base,,33.915277777777774,-84.51638888888888,act,xlsx,,2026-03-06,51,81.8,62.2,71.2,81.3,62.9,71.5,2026-03-06T07:00,2026-03-06T18:38,41907.91,38431.39,5.85,6.4,0.2,0.0,0.2,0.0,2.0,25,13,4,16.3,29.2,171,16.69,3.84
80,Dobbins Air Reserve Base,,33.915277777777774,-84.51638888888888,act,xlsx,,2026-03-07,80,79.9,63.2,70.7,80.4,61.4,71.7,2026-03-07T06:58,2026-03-07T18:39,42034.26,38144.27,6.45,6.5,7.2,0.3,6.9,0.0,8.0,42,25,11,20.3,43.2,194,19.23,3.97
80,Dobbins Air Reserve Base,,33.915277777777774,-84.51638888888888,act,xlsx,,2026-03-08,53,77.2,61.5,68.3,78.8,62.9,70.0,2026-03-08T06:57,2026-03-08T18:40,42161.19,39249.23,5.95,6.05,2.9,0.0,3.2,0.0,14.0,49,36,25,15.1,24.5,266,18.49,3.38
80,Dobbins Air Reserve Base,,33.915277777777774,-84.51638888888888,act,xlsx,,2026-03-09,81,78.3,62.2,67.6,78.7,62.6,68.7,2026-03-09T06:56,2026-03-09T18:41,42288.61,35897.51,5.65,6.05,9.3,7.8,1.5,0.0,12.0,43,38,20,17.3,23.4,247,15.88,3.06
81,Duke Field,,30.650277777777777,-86.52277777777778,act,xlsx,,2026-03-03,3,76.6,54.5,64.8,76.2,54.1,64.4,2026-03-03T06:09,2026-03-03T17:46,41776.6,38175.46,6.5,6.5,0.0,0.0,0.0,0.0,0.0,0,0,0,21.0,34.2,132,17.34,3.26
81,Duke Field,,30.650277777777777,-86.52277777777778,act,xlsx,,2026-03-04,45,77.6,57.1,65.9,82.4,55.7,67.0,2026-03-04T06:08,2026-03-04T17:46,41885.88,36924.55,6.6,6.6,0.0,0.0,0.0,0.0,0.0,1,1,0,17.6,27.7,148,18.93,3.24
81,Duke Field,,30.650277777777777,-86.52277777777778,act,xlsx,,2026-03-05,45,78.7,63.0,69.2,80.3,64.2,70.8,2026-03-05T06:07,2026-03-05T17:47,41995.92,38207.17,6.7,6.7,0.0,0.0,0.0,0.0,0.0,13,4,0,20.9,30.6,156,20.59,3.86
81,Duke Field,,30.650277777777777,-86.52277777777778,act,xlsx,,2026-03-06,3,80.1,62.9,69.9,81.8,65.0,71.7,2026-03-06T06:06,2026-03-06T17:48,42106.62,39156.63,6.65,6.75,0.0,0.0,0.0,0.0,0.0,21,8,2,20.9,34.9,149,20.45,3.91
81,Duke Field,,30.650277777777777,-86.52277777777778,act,xlsx,,2026-03-07,3,80.4,63.5,70.1,83.3,65.6,72.3,2026-03-07T06:05,2026-03-07T17:48,42217.93,39113.68,6.8,6.85,0.0,0.0,0.0,0.0,0.0,17,6,2,18.2,29.5,160,20.49,3.96
81,Duke Field,,30.650277777777777,-86.52277777777778,act,xlsx,,2026-03-08,0,82.4,60.7,70.1,83.9,62.4,71.7,2026-03-08T06:04,2026-03-08T17:49,42329.75,39518.12,6.45,6.45,0.0,0.0,0.0,0.0,0.0,20,9,3,15.5,20.5,182,21.61,4.29
81,Duke Field,,30.650277777777777,-86.52277777777778,act,xlsx,,2026-03-09,3,81.8,61.8,70.1,83.0,65.1,71.8,2026-03-09T06:02,2026-03-09T17:50,42441.99,39632.56,6.3,6.45,0.0,0.0,0.0,0.0,0.0,22,12,5,15.3,23.8,199,20.92,4.16
82,Duluth Air National Guard Base,,46.84222222222223,-92.19361111111112,act,xlsx,,2026-03-03,45,37.0,30.6,33.7,32.5,23.5,27.6,2026-03-03T06:44,2026-03-03T17:57,40380.77,0.0,3.45,4.3,0.0,0.0,0.0,0.0,0.0,2,0,0,12.3,28.8,232,5.57,0.56
82,Duluth Air National Guard Base,,46.84222222222223,-92.19361111111112,act,xlsx,,2026-03-04,45,44.6,28.5,37.7,36.0,20.9,30.1,2026-03-04T06:42,2026-03-04T17:58,40578.35,7307.23,3.85,4.45,0.0,0.0,0.0,0.0,0.0,2,1,0,28.5,54.4,228,8.11,0.67
82,Duluth Air National Guard Base,,46.84222222222223,-92.19361111111112,act,xlsx,,2026-03-05,45,39.2,25.1,29.0,34.6,13.4,19.4,2026-03-05T06:40,2026-03-05T18:00,40777.2,16876.09,1.95,4.25,0.0,0.0,0.0,0.0,0.0,5,3,0,26.8,47.9,82,4.51,0.27
82,Duluth Air National Guard Base,,46.84222222222223,-92.19361111111112,act,xlsx,,2026-03-06,71,34.3,28.3,31.5,26.6,18.8,22.9,2026-03-06T06:38,2026-03-06T18:01,40977.15,0.0,0.9,4.3,11.7,10.9,0.7,0.07,14.0,58,41,3,20.9,40.7,86,1.08,0.16
82,Duluth Air National Guard Base,,46.84222222222223,-92.19361111111112,act,xlsx,,2026-03-07,80,40.7,27.8,32.4,31.0,14.7,22.5,2026-03-07T06:36,2026-03-07T18:02,41178.08,35026.14,4.3,4.3,2.4,0.8,1.3,0.21,7.0,40,15,4,32.9,68.0,274,14.05,1.13
82,Duluth Air National Guard Base,,46.84222222222223,-92.19361111111112,act,xlsx,,2026-03-08,3,46.5,34.0,39.0,37.7,23.8,29.8,2026-03-08T06:34,2026-03-08T18:04,41379.84,33864.27,3.4,3.85,0.0,0.0,0.0,0.0,0.0,18,13,5,27.3,72.7,250,9.14,1.35
82,Duluth Air National Guard Base,,46.84222222222223,-92.19361111111112,act,xlsx,,2026-03-09,3,54.9,26.4,39.7,44.3,12.1,30.4,2026-03-09T06:32,2026-03-09T18:05,41582.29,38061.62,3.35,3.95,0.0,0.0,0.0,0.0,0.0,23,17,10,35.3,78.5,259,11.04,1.76
83,Eastern Air Defense Sector,,43.21638888888889,-9.256666666666666,act,xlsx,,2026-03-03,3,67.1,48.0,55.9,68.2,45.3,54.4,2026-03-03T08:09,2026-03-03T19:27,40708.65,36794.45,4.5,4.5,0.0,0.0,0.0,0.0,0.0,20,2,0,9.1,20.5,57,15.66,2.38
83,Eastern Air Defense Sector,,43.21638888888889,-9.256666666666666,act,xlsx,,2026-03-04,45,65.2,50.2,55.6,66.4,48.4,54.7,2026-03-04T08:07,2026-03-04T19:29,40881.64,36815.95,4.4,4.6,0.0,0.0,0.0,0.0,0.0,0,0,0,6.4,15.8,24,16.08,2.37
83,Eastern Air Defense Sector,,43.21638888888889,-9.256666666666666,act,xlsx,,2026-03-05,80,53.5,48.7,50.7,52.4,39.6,45.6,2026-03-05T08:05,2026-03-05T19:30,41055.8,0.0,3.45,4.5,19.9,17.6,2.1,0.0,13.0,73,41,0,29.6,63.0,328,2.09,0.7
83,Eastern Air Defense Sector,,43.21638888888889,-9.256666666666666,act,xlsx,,2026-03-06,80,52.8,48.8,50.6,41.9,37.9,40.0,2026-03-06T08:04,2026-03-06T19:31,41231.01,27852.69,0.85,4.45,1.2,0.0,1.2,0.0,3.0,74,44,25,36.0,73.4,7,12.64,2.76
83,Eastern Air Defense Sector,,43.21638888888889,-9.256666666666666,act,xlsx,,2026-03-07,61,51.8,50.8,51.2,46.7,42.1,44.9,2026-03-07T08:02,2026-03-07T19:32,41407.13,0.0,1.5,4.5,3.1,2.8,0.0,0.0,16.0,30,25,17,24.6,49.0,3,2.56,1.15
83,Eastern Air Defense Sector,,43.21638888888889,-9.256666666666666,act,xlsx,,2026-03-08,3,55.9,48.6,52.6,50.1,45.8,48.0,2026-03-08T08:00,2026-03-08T19:34,41584.04,37649.06,4.45,4.45,0.2,0.2,0.0,0.0,2.0,33,21,18,23.6,37.8,211,13.23,1.9
83,Eastern Air Defense Sector,,43.21638888888889,-9.256666666666666,act,xlsx,,2026-03-09,80,54.1,53.4,53.7,52.1,45.4,48.1,2026-03-09T07:59,2026-03-09T19:35,41761.61,0.0,4.5,4.5,7.5,6.6,0.6,0.0,21.0,40,35,33,27.1,43.9,155,4.09,1.25
84,Ebbing Air National Guard Base,,35.336666666666666,-94.3675,act,xlsx,,2026-03-03,3,80.3,51.5,64.5,77.3,47.2,62.5,2026-03-03T06:44,2026-03-03T18:14,41430.18,33338.31,5.65,5.8,0.0,0.0,0.0,0.0,0.0,2,1,0,27.1,37.1,160,16.49,3.57
84,Ebbing Air National Guard Base,,35.336666666666666,-94.3675,act,xlsx,,2026-03-04,61,75.7,61.9,68.2,75.2,62.5,69.0,2026-03-04T06:42,2026-03-04T18:15,41561.07,4183.2,1.35,5.55,1.8,1.8,0.0,0.0,1.0,84,27,3,25.3,40.0,214,7.49,1.99
84,Ebbing Air National Guard Base,,35.336666666666666,-94.3675,act,xlsx,,2026-03-05,80,71.6,60.3,65.3,75.0,58.6,67.5,2026-03-05T06:41,2026-03-05T18:16,41692.84,21078.17,2.1,5.75,26.73,23.0,3.73,0.0,8.0,84,59,15,18.3,41.8,170,5.5,1.14
84,Ebbing Air National Guard Base,,35.336666666666666,-94.3675,act,xlsx,,2026-03-06,81,75.2,61.7,67.5,75.6,62.1,68.2,2026-03-06T06:40,2026-03-06T18:17,41825.4,20255.24,2.2,5.75,15.8,0.4,15.4,0.0,8.0,80,37,6,19.7,54.0,161,5.77,1.55
84,Ebbing Air National Guard Base,,35.336666666666666,-94.3675,act,xlsx,,2026-03-07,81,68.7,57.0,63.0,68.9,54.4,63.4,2026-03-07T06:38,2026-03-07T18:18,41958.66,21416.49,3.75,5.85,8.5,0.6,7.9,0.0,11.0,82,48,22,15.5,47.5,327,6.38,1.42
84,Ebbing Air National Guard Base,,35.336666666666666,-94.3675,act,xlsx,,2026-03-08,51,65.1,57.0,60.9,68.0,55.9,61.8,2026-03-08T06:37,2026-03-08T18:18,42092.52,7506.11,1.85,5.3,0.3,0.0,0.3,0.0,3.0,29,20,8,8.3,20.9,130,4.29,0.91
84,Ebbing Air National Guard Base,,35.336666666666666,-94.3675,act,xlsx,,2026-03-09,3,78.4,58.0,68.3,78.9,59.2,69.5,2026-03-09T06:36,2026-03-09T18:19,42226.89,39579.96,4.65,5.45,0.0,0.0,0.0,0.0,0.0,26,20,8,19.9,46.1,210,16.49,3.22
85,Ellington Field Joint Reserve Base,,29.607222222222223,-95.1588888888889,act,xlsx,,2026-03-03,51,79.9,68.3,72.2,79.4,70.5,74.2,2026-03-03T06:43,2026-03-03T18:21,41849.14,21234.15,6.55,6.75,0.4,0.4,0.0,0.0,3.0,8,1,0,26.8,38.2,157,12.39,2.62
85,Ellington Field Joint Reserve Base,,29.607222222222223,-95.1588888888889,act,xlsx,,2026-03-04,51,76.6,66.7,70.2,80.5,68.9,73.1,2026-03-04T06:42,2026-03-04T18:21,41953.93,10284.96,6.85,6.85,0.4,0.4,0.0,0.0,1.0,2,1,0,21.2,39.6,151,8.85,1.83
85,Ellington Field Joint Reserve Base,,29.607222222222223,-95.1588888888889,act,xlsx,,2026-03-05,61,79.9,66.7,72.1,81.0,70.0,74.0,2026-03-05T06:41,2026-03-05T18:22,42059.44,39274.69,6.75,6.9,1.05,1.05,0.0,0.0,1.0,3,2,0,23.9,43.2,149,20.58,3.94
85,Ellington Field Joint Reserve Base,,29.607222222222223,-95.1588888888889,act,xlsx,,2026-03-06,3,81.4,69.3,73.9,83.1,71.1,76.0,2026-03-06T06:40,2026-03-06T18:23,42165.6,39371.89,7.0,7.0,0.0,0.0,0.0,0.0,0.0,17,10,0,25.3,50.8,155,21.03,4.11
85,Ellington Field Joint Reserve Base,,29.607222222222223,-95.1588888888889,act,xlsx,,2026-03-07,3,82.7,69.2,74.4,86.4,72.3,77.4,2026-03-07T06:39,2026-03-07T18:23,42272.33,39440.74,7.0,7.0,0.0,0.0,0.0,0.0,0.0,54,33,15,19.9,45.0,142,20.96,4.19
85,Ellington Field Joint Reserve Base,,29.607222222222223,-95.1588888888889,act,xlsx,,2026-03-08,3,83.0,68.2,74.3,85.9,73.3,77.6,2026-03-08T06:38,2026-03-08T18:24,42379.56,39648.79,6.55,6.55,0.0,0.0,0.0,0.0,0.0,48,34,17,16.6,36.0,138,20.87,4.22
85,Ellington Field Joint Reserve Base,,29.607222222222223,-95.1588888888889,act,xlsx,,2026-03-09,3,82.7,69.0,73.9,85.0,70.7,76.5,2026-03-09T06:36,2026-03-09T18:25,42487.2,38718.52,5.8,6.55,0.0,0.0,0.0,0.0,0.0,21,15,10,18.5,40.7,152,17.31,3.74
86,Fargo Air National Guard Base,,46.92055555555555,-96.81583333333332,act,xlsx,,2026-03-03,45,36.0,24.5,28.6,30.5,16.3,21.5,2026-03-03T07:02,2026-03-03T18:15,40372.52,8830.19,3.75,4.25,0.0,0.0,0.0,0.0,0.0,0,0,0,16.4,29.5,30,9.9,0.61
86,Fargo Air National Guard Base,,46.92055555555555,-96.81583333333332,act,xlsx,,2026-03-04,45,55.1,25.4,39.3,47.5,19.3,31.2,2026-03-04T07:00,2026-03-04T18:16,40570.63,28800.0,4.3,4.3,0.0,0.0,0.0,0.0,0.0,0,0,0,30.3,53.3,198,13.55,1.54
86,Fargo Air National Guard Base,,46.92055555555555,-96.81583333333332,act,xlsx,,2026-03-05,45,50.3,29.1,37.6,46.0,20.8,30.9,2026-03-05T06:58,2026-03-05T18:18,40770.01,29480.05,3.35,4.15,0.0,0.0,0.0,0.0,0.0,10,3,0,22.7,50.0,79,7.91,1.02
86,Fargo Air National Guard Base,,46.92055555555555,-96.81583333333332,act,xlsx,,2026-03-06,85,45.2,25.5,36.5,38.4,10.1,27.4,2026-03-06T06:56,2026-03-06T18:19,40970.5,385.89,0.35,4.15,8.2,4.0,1.7,1.75,17.0,26,23,10,40.1,65.5,22,0.78,0.26
86,Fargo Air National Guard Base,,46.92055555555555,-96.81583333333332,act,xlsx,,2026-03-07,75,37.0,20.6,28.5,26.4,7.6,17.4,2026-03-07T06:55,2026-03-07T18:21,41171.96,37612.2,5.4,5.4,13.9,4.3,0.0,6.72,5.0,19,6,2,41.9,70.9,275,16.06,1.13
86,Fargo Air National Guard Base,,46.92055555555555,-96.81583333333332,act,xlsx,,2026-03-08,51,46.0,34.7,38.1,40.7,25.7,31.5,2026-03-08T06:53,2026-03-08T18:22,41374.26,33607.43,4.5,4.8,0.3,0.3,0.0,0.0,3.0,18,14,8,26.8,60.5,232,13.23,1.18
86,Fargo Air National Guard Base,,46.92055555555555,-96.81583333333332,act,xlsx,,2026-03-09,45,55.1,28.1,39.8,42.6,19.2,29.6,2026-03-09T06:51,2026-03-09T18:24,41577.26,38302.27,3.95,4.2,0.0,0.0,0.0,0.0,0.0,21,16,11,43.2,77.4,269,14.02,1.67
87,Forbes Field Air National Guard Base,,38.95111111111111,-95.66583333333334,act,xlsx,,2026-03-03,51,44.7,39.7,42.3,39.9,33.9,37.2,2026-03-03T06:51,2026-03-03T18:17,41136.41,0.0,0.75,5.1,1.2,1.2,0.0,0.0,7.0,30,11,0,22.5,38.2,44,2.68,0.38
87,Forbes Field Air National Guard Base,,38.95111111111111,-95.66583333333334,act,xlsx,,2026-03-04,45,48.3,42.4,45.0,45.7,36.4,41.0,2026-03-04T06:50,2026-03-04T18:18,41285.79,0.0,0.95,5.25,0.0,0.0,0.0,0.0,0.0,25,9,1,16.2,30.6,8,4.28,0.57
87,Forbes Field Air National Guard Base,,38.95111111111111,-95.66583333333334,act,xlsx,,2026-03-05,55,65.8,43.3,55.6,60.8,38.7,51.4,2026-03-05T06:48,2026-03-05T18:19,41436.16,38311.77,4.65,5.55,2.0,0.0,2.0,0.0,2.0,45,17,4,28.5,55.1,161,15.15,2.53
87,Forbes Field Air National Guard Base,,38.95111111111111,-95.66583333333334,act,xlsx,,2026-03-06,81,68.6,53.7,64.2,62.0,45.9,57.3,2026-03-06T06:47,2026-03-06T18:20,41587.43,17273.62,1.6,5.55,14.0,0.1,14.0,0.0,11.0,81,68,45,45.3,78.1,190,4.43,1.9
87,Forbes Field Air National Guard Base,,38.95111111111111,-95.66583333333334,act,xlsx,,2026-03-07,3,55.7,40.1,48.2,48.4,30.1,40.3,2026-03-07T06:45,2026-03-07T18:21,41739.46,38622.78,5.65,5.65,0.0,0.0,0.0,0.0,0.0,67,10,0,25.3,44.3,311,18.95,3.11
87,Forbes Field Air National Guard Base,,38.95111111111111,-95.66583333333334,act,xlsx,,2026-03-08,3,67.8,41.8,54.0,58.8,34.2,46.4,2026-03-08T06:44,2026-03-08T18:22,41892.17,39415.97,5.15,5.15,0.0,0.0,0.0,0.0,0.0,2,2,1,27.5,53.6,211,19.66,3.98
87,Forbes Field Air National Guard Base,,38.95111111111111,-95.66583333333334,act,xlsx,,2026-03-09,1,77.9,51.7,63.1,70.3,46.1,57.2,2026-03-09T06:42,2026-03-09T18:23,42045.45,39493.04,5.25,5.25,0.0,0.0,0.0,0.0,0.0,12,6,2,25.1,52.2,220,19.42,4.57
88,Fort Bliss,,31.801944444444445,-106.42472222222224,act,xlsx,,2026-03-03,3,81.4,54.5,68.2,73.4,46.1,60.4,2026-03-03T06:29,2026-03-03T18:04,41698.5,38738.67,6.95,6.95,0.0,0.0,0.0,0.0,0.0,0,0,0,21.3,42.5,253,22.49,5.98
88,Fort Bliss,,31.801944444444445,-106.42472222222224,act,xlsx,,2026-03-04,3,79.6,49.7,65.1,72.6,42.5,57.5,2026-03-04T06:28,2026-03-04T18:05,41812.96,36202.36,7.0,7.0,0.0,0.0,0.0,0.0,0.0,0,0,0,15.2,26.3,203,22.51,5.62
88,Fort Bliss,,31.801944444444445,-106.42472222222224,act,xlsx,,2026-03-05,3,76.8,55.9,66.9,63.9,47.3,55.6,2026-03-05T06:27,2026-03-05T18:06,41928.21,38606.43,7.05,7.05,0.0,0.0,0.0,0.0,0.0,0,0,0,39.1,54.4,240,22.19,7.9
88,Fort Bliss,,31.801944444444445,-106.42472222222224,act,xlsx,,2026-03-06,0,65.4,53.3,60.2,56.5,44.9,50.5,2026-03-06T06:26,2026-03-06T18:07,42044.15,38755.26,7.0,7.0,0.0,0.0,0.0,0.0,0.0,1,0,0,33.8,56.2,265,22.79,5.85
88,Fort Bliss,,31.801944444444445,-106.42472222222224,act,xlsx,,2026-03-07,3,69.3,53.5,61.9,55.1,47.3,51.4,2026-03-07T06:25,2026-03-07T18:07,42160.71,38748.08,6.0,7.05,0.0,0.0,0.0,0.0,0.0,14,8,4,40.2,40.0,107,18.44,6.02
88,Fort Bliss,,31.801944444444445,-106.42472222222224,act,xlsx,,2026-03-08,3,74.7,55.9,64.0,68.0,49.9,58.0,2026-03-08T06:24,2026-03-08T18:08,42277.79,39430.22,6.75,6.75,0.0,0.0,0.0,0.0,0.0,21,14,8,25.2,31.7,97,20.97,5.13
88,Fort Bliss,,31.801944444444445,-106.42472222222224,act,xlsx,,2026-03-09,3,77.6,58.2,67.5,74.8,57.6,65.4,2026-03-09T06:22,2026-03-09T18:09,42395.33,39550.1,6.15,6.85,0.0,0.0,0.0,0.0,0.0,27,24,21,16.8,31.0,180,19.45,4.17
89,Fort Dodge Air National Guard Station,,42.55055555555556,-6.569444444444445,act,xlsx,,2026-03-03,2,62.8,45.1,52.8,56.3,41.1,47.8,2026-03-03T07:58,2026-03-03T19:17,40763.14,37455.49,4.35,4.55,0.0,0.0,0.0,0.0,0.0,0,0,0,16.8,37.1,90,15.61,2.71
89,Fort Dodge Air National Guard Station,,42.55055555555556,-6.569444444444445,act,xlsx,,2026-03-04,2,64.4,43.0,52.6,58.8,39.0,48.1,2026-03-04T07:56,2026-03-04T19:19,40932.72,37630.39,4.7,4.7,0.0,0.0,0.0,0.0,0.0,0,0,0,14.2,30.2,90,16.75,2.79
89,Fort Dodge Air National Guard Station,,42.55055555555556,-6.569444444444445,act,xlsx,,2026-03-05,95,59.7,41.0,48.6,57.1,37.1,45.0,2026-03-05T07:55,2026-03-05T19:20,41103.46,23900.06,4.1,4.7,10.3,7.7,2.5,0.0,10.0,63,24,0,14.8,31.3,243,12.07,1.88
89,Fort Dodge Air National Guard Station,,42.55055555555556,-6.569444444444445,act,xlsx,,2026-03-06,61,46.4,40.1,43.1,40.5,34.1,37.3,2026-03-06T07:53,2026-03-06T19:21,41275.22,0.0,0.5,4.45,10.5,10.5,0.0,0.0,15.0,68,41,21,14.6,29.5,231,4.28,0.85
89,Fort Dodge Air National Guard Station,,42.55055555555556,-6.569444444444445,act,xlsx,,2026-03-07,63,53.9,42.0,46.5,50.3,38.6,43.5,2026-03-07T07:51,2026-03-07T19:22,41447.88,29732.71,3.7,4.7,8.4,8.0,0.1,0.0,10.0,28,23,17,7.2,20.5,149,9.56,1.36
89,Fort Dodge Air National Guard Station,,42.55055555555556,-6.569444444444445,act,xlsx,,2026-03-08,61,50.8,41.3,45.6,49.1,37.7,42.9,2026-03-08T07:50,2026-03-08T19:23,41621.33,6182.26,4.55,4.5,11.1,10.3,0.5,0.0,11.0,15,11,8,7.3,14.8,329,6.25,0.93
89,Fort Dodge Air National Guard Station,,42.55055555555556,-6.569444444444445,act,xlsx,,2026-03-09,3,54.8,37.7,45.7,50.7,33.9,42.0,2026-03-09T07:48,2026-03-09T19:25,41795.43,29684.11,3.6,4.5,0.0,0.0,0.0,0.0,0.0,23,16,8,7.2,16.6,30,11.94,1.73
90,Fort Wayne Air National Guard Base,,40.97833333333333,-85.19500000000001,act,xlsx,,2026-03-03,51,43.9,28.8,35.6,39.7,19.3,29.5,2026-03-03T07:11,2026-03-03T18:33,40951.73,0.0,1.55,4.35,0.2,0.2,0.0,0.0,1.0,9,4,0,16.1,31.0,69,4.72,0.71
90,Fort Wayne Air National Guard Base,,40.97833333333333,-85.19500000000001,act,xlsx,,2026-03-04,63,55.7,33.2,44.2,48.6,27.3,38.5,2026-03-04T07:09,2026-03-04T18:35,41112.33,21600.0,0.95,4.45,4.0,4.0,0.0,0.0,3.0,56,15,3,20.0,35.6,99,14.14,1.78
90,Fort Wayne Air National Guard Base,,40.97833333333333,-85.19500000000001,act,xlsx,,2026-03-05,80,62.1,48.1,54.5,57.4,44.8,51.5,2026-03-05T07:08,2026-03-05T18:36,41274.01,16708.56,3.3,4.6,14.8,12.17,2.63,0.0,12.0,84,69,31,27.5,46.4,220,6.33,1.04
90,Fort Wayne Air National Guard Base,,40.97833333333333,-85.19500000000001,act,xlsx,,2026-03-06,53,71.7,47.7,58.2,69.3,44.4,55.9,2026-03-06T07:06,2026-03-06T18:37,41436.63,18344.35,4.25,4.9,2.1,0.0,2.1,0.0,5.0,39,28,22,25.3,64.1,186,7.15,1.57
90,Fort Wayne Air National Guard Base,,40.97833333333333,-85.19500000000001,act,xlsx,,2026-03-07,81,68.7,45.9,60.8,63.0,39.8,54.9,2026-03-07T07:05,2026-03-07T18:38,41600.08,26466.71,3.9,4.95,7.0,4.6,2.4,0.0,10.0,81,46,8,35.7,69.5,234,7.96,2.21
90,Fort Wayne Air National Guard Base,,40.97833333333333,-85.19500000000001,act,xlsx,,2026-03-08,3,58.8,39.5,48.3,49.8,33.5,41.3,2026-03-08T07:03,2026-03-08T18:39,41764.25,38562.86,4.5,4.65,0.0,0.0,0.0,0.0,0.0,8,4,3,24.0,51.8,229,18.07,2.81
90,Fort Wayne Air National Guard Base,,40.97833333333333,-85.19500000000001,act,xlsx,,2026-03-09,51,69.2,47.2,57.4,62.0,43.0,51.9,2026-03-09T07:01,2026-03-09T18:40,41929.03,34922.72,4.15,4.55,0.2,0.0,0.2,0.0,1.0,14,8,5,30.8,66.2,219,12.39,2.59
91,Naval Air Station Joint Reserve Base Fort Worth,,32.76916666666666,-97.44166666666668,act,xlsx,,2026-03-03,3,84.2,66.1,73.5,81.9,64.9,71.7,2026-03-03T06:54,2026-03-03T18:28,41624.08,25200.0,6.25,6.25,0.0,0.0,0.0,0.0,0.0,0,0,0,24.4,54.4,179,15.37,4.55
91,Naval Air Station Joint Reserve Base Fort Worth,,32.76916666666666,-97.44166666666668,act,xlsx,,2026-03-04,53,77.5,64.0,70.5,80.3,65.2,71.6,2026-03-04T06:53,2026-03-04T18:29,41742.84,351.03,2.5,6.15,1.4,1.4,0.0,0.0,2.0,77,20,1,23.1,54.4,192,7.52,2.11
91,Naval Air Station Joint Reserve Base Fort Worth,,32.76916666666666,-97.44166666666668,act,xlsx,,2026-03-05,80,75.3,63.6,69.8,74.5,65.1,68.4,2026-03-05T06:52,2026-03-05T18:30,41862.42,20781.95,3.45,6.25,4.3,0.0,4.3,0.0,6.0,77,36,12,36.9,66.2,173,6.63,2.44
91,Naval Air Station Joint Reserve Base Fort Worth,,32.76916666666666,-97.44166666666668,act,xlsx,,2026-03-06,55,74.2,66.7,70.4,71.4,61.2,67.7,2026-03-06T06:51,2026-03-06T18:30,41982.73,5276.32,2.4,6.25,3.1,0.1,3.0,0.0,10.0,71,40,7,38.9,73.8,178,3.89,2.18
91,Naval Air Station Joint Reserve Base Fort Worth,,32.76916666666666,-97.44166666666668,act,xlsx,,2026-03-07,81,75.3,59.0,65.2,79.3,55.1,64.3,2026-03-07T06:49,2026-03-07T18:31,42103.67,18032.77,3.2,6.15,23.3,6.2,17.1,0.0,17.0,61,51,44,27.8,52.9,46,7.16,1.74
91,Naval Air Station Joint Reserve Base Fort Worth,,32.76916666666666,-97.44166666666668,act,xlsx,,2026-03-08,81,64.7,57.6,61.3,65.8,55.7,61.4,2026-03-08T06:48,2026-03-08T18:32,42225.16,13864.56,2.4,5.95,22.7,21.0,1.7,0.0,7.0,44,31,14,17.0,31.7,285,4.76,1.03
91,Naval Air Station Joint Reserve Base Fort Worth,,32.76916666666666,-97.44166666666668,act,xlsx,,2026-03-09,3,81.4,62.3,70.9,80.6,63.1,70.8,2026-03-09T06:47,2026-03-09T18:33,42347.12,39196.39,6.05,6.1,0.0,0.0,0.0,0.0,0.0,34,26,14,30.0,45.0,203,19.06,4.08
92,Francis S. Gabreski Air National Guard Base,,40.83694444444445,-72.64222222222223,act,xlsx,,2026-03-03,73,34.5,15.5,27.8,27.6,8.1,20.6,2026-03-03T06:21,2026-03-03T17:43,40965.04,3600.0,2.6,4.65,7.0,6.1,0.0,0.63,11.0,76,30,0,14.8,31.7,78,4.27,0.48
92,Francis S. Gabreski Air National Guard Base,,40.83694444444445,-72.64222222222223,act,xlsx,,2026-03-04,63,50.6,34.4,41.3,46.9,28.4,36.7,2026-03-04T06:19,2026-03-04T17:44,41124.8,32400.0,4.4,4.9,8.7,8.7,0.0,0.0,5.0,84,17,0,14.8,25.9,285,17.1,1.74
92,Francis S. Gabreski Air National Guard Base,,40.83694444444445,-72.64222222222223,act,xlsx,,2026-03-05,81,39.8,30.4,36.4,34.2,25.2,30.4,2026-03-05T06:18,2026-03-05T17:46,41285.63,2411.74,1.95,4.8,6.95,6.85,0.1,0.0,10.0,61,39,8,20.9,35.3,82,2.51,0.32
92,Francis S. Gabreski Air National Guard Base,,40.83694444444445,-72.64222222222223,act,xlsx,,2026-03-06,81,39.2,36.2,37.5,31.7,26.0,29.4,2026-03-06T06:16,2026-03-06T17:47,41447.4,14088.6,2.85,4.95,11.8,11.5,0.3,0.0,4.0,74,37,3,25.6,42.5,45,5.16,0.53
92,Francis S. Gabreski Air National Guard Base,,40.83694444444445,-72.64222222222223,act,xlsx,,2026-03-07,53,46.2,36.3,40.9,38.3,27.1,34.3,2026-03-07T06:14,2026-03-07T17:48,41610.0,984.73,1.55,5.15,2.9,1.9,1.0,0.0,12.0,40,12,3,28.9,72.7,162,2.8,0.36
92,Francis S. Gabreski Air National Guard Base,,40.83694444444445,-72.64222222222223,act,xlsx,,2026-03-08,53,49.8,42.7,46.7,46.7,34.8,40.2,2026-03-08T06:13,2026-03-08T17:49,41773.31,37186.19,4.85,5.1,1.3,0.7,0.6,0.0,5.0,40,21,8,35.2,75.2,247,14.85,1.92
92,Francis S. Gabreski Air National Guard Base,,40.83694444444445,-72.64222222222223,act,xlsx,,2026-03-09,51,50.2,42.7,45.3,44.3,35.0,39.2,2026-03-09T06:11,2026-03-09T17:50,41937.22,36364.27,3.35,4.9,0.3,0.0,0.3,0.0,3.0,20,15,11,18.4,30.6,214,10.34,1.24
93,Fresno Air National Guard Base,,36.77611111111111,-119.73055555555555,act,xlsx,,2026-03-03,0,70.2,46.9,57.6,69.4,44.7,56.2,2026-03-03T06:26,2026-03-03T17:55,41326.16,37806.18,5.85,5.85,0.0,0.0,0.0,0.0,0.0,0,0,0,8.4,20.5,330,18.95,3.07
93,Fresno Air National Guard Base,,36.77611111111111,-119.73055555555555,act,xlsx,,2026-03-04,3,68.3,49.5,57.5,64.1,44.7,53.1,2026-03-04T06:25,2026-03-04T17:56,41464.38,32660.93,5.5,5.8,0.0,0.0,0.0,0.0,0.0,1,0,0,21.5,50.0,329,18.18,3.31
93,Fresno Air National Guard Base,,36.77611111111111,-119.73055555555555,act,xlsx,,2026-03-05,0,64.0,46.3,54.7,58.2,38.6,48.4,2026-03-05T06:23,2026-03-05T17:57,41603.52,38140.68,5.75,5.75,0.0,0.0,0.0,0.0,0.0,0,0,0,20.6,40.7,316,19.9,3.72
93,Fresno Air National Guard Base,,36.77611111111111,-119.73055555555555,act,xlsx,,2026-03-06,51,63.2,47.5,55.9,58.6,42.4,51.9,2026-03-06T06:22,2026-03-06T17:58,41743.48,38210.38,5.55,5.55,0.1,0.0,0.1,0.0,1.0,0,0,0,13.6,12.6,309,19.76,3.15
93,Fresno Air National Guard Base,,36.77611111111111,-119.73055555555555,act,xlsx,,2026-03-07,0,70.2,48.2,59.0,63.0,41.2,52.5,2026-03-07T06:20,2026-03-07T17:58,41884.17,38489.46,5.75,5.75,0.0,0.0,0.0,0.0,0.0,0,0,0,20.7,36.4,310,20.48,4.64
93,Fresno Air National Guard Base,,36.77611111111111,-119.73055555555555,act,xlsx,,2026-03-08,0,74.4,49.9,61.8,69.1,42.7,56.1,2026-03-08T06:19,2026-03-08T17:59,42025.46,38569.73,5.55,5.55,0.0,0.0,0.0,0.0,0.0,0,0,0,12.4,27.0,311,20.23,4.53
93,Fresno Air National Guard Base,,36.77611111111111,-119.73055555555555,act,xlsx,,2026-03-09,3,74.2,55.0,63.8,71.9,52.2,60.1,2026-03-09T06:18,2026-03-09T18:00,42167.29,38646.42,5.6,5.6,0.0,0.0,0.0,0.0,0.0,0,0,0,16.1,22.7,312,19.74,4.07
94,General Mitchell Air National Guard Base,,42.947222222222216,-87.89666666666668,act,xlsx,,2026-03-03,3,41.0,28.3,33.8,35.1,20.8,27.6,2026-03-03T06:23,2026-03-03T17:43,40775.29,10293.0,2.75,4.2,0.0,0.0,0.0,0.0,0.0,12,2,0,10.6,24.5,121,8.82,1.03
94,General Mitchell Air National Guard Base,,42.947222222222216,-87.89666666666668,act,xlsx,,2026-03-04,3,46.0,27.0,37.2,39.5,20.6,31.3,2026-03-04T06:22,2026-03-04T17:44,40947.6,32889.81,4.45,4.45,0.0,0.0,0.0,0.0,0.0,11,2,0,14.0,24.1,141,16.83,1.79
94,General Mitchell Air National Guard Base,,42.947222222222216,-87.89666666666668,act,xlsx,,2026-03-05,53,38.7,36.9,37.9,34.1,30.1,31.8,2026-03-05T06:20,2026-03-05T17:45,41121.03,0.0,0.65,4.1,6.25,5.95,0.3,0.0,10.0,63,38,11,18.4,28.4,19,1.29,0.22
94,General Mitchell Air National Guard Base,,42.947222222222216,-87.89666666666668,act,xlsx,,2026-03-06,63,59.7,37.6,43.9,54.4,31.3,39.0,2026-03-06T06:18,2026-03-06T17:46,41295.46,6963.06,0.9,4.35,6.0,5.8,0.2,0.0,6.0,84,51,11,28.6,63.7,144,1.93,0.28
94,General Mitchell Air National Guard Base,,42.947222222222216,-87.89666666666668,act,xlsx,,2026-03-07,53,61.5,38.5,51.2,54.1,30.1,40.2,2026-03-07T06:16,2026-03-07T17:48,41470.77,37313.24,4.8,4.8,1.3,0.3,1.0,0.0,3.0,73,28,1,47.1,78.1,248,16.5,2.61
94,General Mitchell Air National Guard Base,,42.947222222222216,-87.89666666666668,act,xlsx,,2026-03-08,3,56.9,36.7,46.8,44.4,26.6,36.2,2026-03-08T06:15,2026-03-08T17:49,41646.82,38333.69,4.2,4.25,0.0,0.0,0.0,0.0,0.0,3,1,0,38.5,60.5,230,17.16,3.25
94,General Mitchell Air National Guard Base,,42.947222222222216,-87.89666666666668,act,xlsx,,2026-03-09,3,64.6,45.2,55.0,53.6,40.3,46.9,2026-03-09T06:13,2026-03-09T17:50,41823.52,38514.28,4.2,4.35,0.0,0.0,0.0,0.0,0.0,8,5,3,33.9,61.9,235,15.47,3.48
95,Gowen Field Air National Guard Base,,43.56444444444444,-116.22277777777778,act,xlsx,,2026-03-03,3,58.9,34.5,45.6,52.7,27.1,40.0,2026-03-03T07:17,2026-03-03T18:36,40724.36,36091.44,4.7,4.75,0.0,0.0,0.0,0.0,0.0,0,0,0,14.0,23.0,162,16.8,2.65
95,Gowen Field Air National Guard Base,,43.56444444444444,-116.22277777777778,act,xlsx,,2026-03-04,75,55.0,37.5,45.3,49.0,30.7,38.1,2026-03-04T07:15,2026-03-04T18:37,40900.43,0.0,2.4,4.7,22.7,21.3,0.0,0.98,4.0,78,31,0,38.4,60.5,248,9.3,1.67
95,Gowen Field Air National Guard Base,,43.56444444444444,-116.22277777777778,act,xlsx,,2026-03-05,3,46.8,37.3,40.9,34.1,25.3,30.1,2026-03-05T07:13,2026-03-05T18:38,41077.64,36783.0,3.7,4.6,0.28,0.28,0.0,0.0,2.0,28,10,2,33.7,51.5,316,12.61,2.12
95,Gowen Field Air National Guard Base,,43.56444444444444,-116.22277777777778,act,xlsx,,2026-03-06,3,50.6,32.4,40.8,38.0,22.1,29.5,2026-03-06T07:12,2026-03-06T18:39,41255.87,37304.81,4.65,4.65,0.0,0.0,0.0,0.0,0.0,2,1,1,35.1,49.3,316,17.23,2.69
95,Gowen Field Air National Guard Base,,43.56444444444444,-116.22277777777778,act,xlsx,,2026-03-07,3,52.4,34.0,42.9,47.0,27.7,36.7,2026-03-07T07:10,2026-03-07T18:41,41434.98,37422.19,4.7,4.85,0.0,0.0,0.0,0.0,0.0,1,1,1,10.6,13.7,103,15.78,2.36
95,Gowen Field Air National Guard Base,,43.56444444444444,-116.22277777777778,act,xlsx,,2026-03-08,3,59.2,42.0,50.3,54.0,34.7,43.7,2026-03-08T07:08,2026-03-08T18:42,41614.85,37806.08,4.6,4.85,0.0,0.0,0.0,0.0,0.0,2,1,1,11.6,11.2,101,16.07,3.06
95,Gowen Field Air National Guard Base,,43.56444444444444,-116.22277777777778,act,xlsx,,2026-03-09,3,61.9,46.0,53.3,55.2,41.3,48.2,2026-03-09T07:06,2026-03-09T18:43,41795.36,38244.9,4.85,4.9,0.0,0.0,0.0,0.0,0.0,7,5,2,18.4,27.0,344,17.03,2.78
96,Great Falls Air National Guard Base,,47.48194444444445,-21.85611111111111,act,xlsx,,2026-03-03,61,54.0,48.4,51.4,48.5,34.8,40.0,2026-03-03T07:03,2026-03-03T18:14,40268.0,0.0,0.7,3.8,12.4,12.4,0.0,0.0,16.0,100,77,20,57.2,73.4,193,0.39,1.07
96,Great Falls Air National Guard Base,,47.48194444444445,-21.85611111111111,act,xlsx,,2026-03-04,51,52.3,45.1,49.0,44.1,29.1,37.0,2026-03-04T07:01,2026-03-04T18:16,40469.86,7904.81,3.2,3.9,0.5,0.5,0.0,0.0,4.0,65,52,24,50.0,73.8,307,9.96,2.51
96,Great Falls Air National Guard Base,,47.48194444444445,-21.85611111111111,act,xlsx,,2026-03-05,51,52.9,46.0,49.8,40.3,31.4,37.0,2026-03-05T06:59,2026-03-05T18:17,40673.04,7200.0,3.45,3.95,0.2,0.0,0.2,0.0,1.0,20,14,4,46.8,68.4,257,11.85,3.02
96,Great Falls Air National Guard Base,,47.48194444444445,-21.85611111111111,act,xlsx,,2026-03-06,51,54.8,52.6,53.7,41.1,38.3,39.8,2026-03-06T06:57,2026-03-06T18:19,40877.37,28934.05,1.1,3.95,1.0,0.3,0.7,0.0,10.0,41,14,3,54.6,73.8,212,9.42,2.06
96,Great Falls Air National Guard Base,,47.48194444444445,-21.85611111111111,act,xlsx,,2026-03-07,63,54.7,46.8,49.5,46.9,34.1,39.0,2026-03-07T06:56,2026-03-07T18:20,41082.72,12172.22,3.25,4.05,18.3,15.9,2.4,0.0,15.0,77,57,39,58.2,78.1,265,5.67,1.64
96,Great Falls Air National Guard Base,,47.48194444444445,-21.85611111111111,act,xlsx,,2026-03-08,71,47.6,41.4,44.5,34.3,25.2,29.4,2026-03-08T06:54,2026-03-08T18:22,41288.95,36359.73,1.4,3.9,6.3,0.3,6.0,0.63,21.0,65,48,27,50.2,72.0,279,12.1,2.14
96,Great Falls Air National Guard Base,,47.48194444444445,-21.85611111111111,act,xlsx,,2026-03-09,61,54.0,45.7,49.8,40.0,29.2,37.3,2026-03-09T06:52,2026-03-09T18:23,41495.91,0.0,0.65,3.8,10.5,6.0,4.5,0.0,15.0,73,50,27,58.7,79.6,255,5.37,2.07
97,Greeley Air National Guard Station,,40.42361111111111,-9.74388888888889,act,xlsx,,2026-03-03,80,59.1,55.7,58.0,57.3,47.4,53.1,2026-03-03T06:09,2026-03-03T17:32,40973.93,36895.18,4.55,4.9,3.5,0.3,3.2,0.0,5.0,80,17,0,34.2,48.2,31,16.78,2.42
97,Greeley Air National Guard Station,,40.42361111111111,-9.74388888888889,act,xlsx,,2026-03-04,2,58.7,55.2,57.4,58.9,48.4,53.5,2026-03-04T06:07,2026-03-04T17:33,41131.29,37468.25,5.0,5.0,0.0,0.0,0.0,0.0,0.0,0,0,0,30.6,40.7,352,17.11,2.23
97,Greeley Air National Guard Station,,40.42361111111111,-9.74388888888889,act,xlsx,,2026-03-05,80,56.8,51.3,54.2,52.2,36.6,43.5,2026-03-05T06:06,2026-03-05T17:34,41289.72,13562.49,4.5,5.05,3.1,2.2,0.7,0.0,6.0,58,33,0,55.6,80.3,334,5.85,1.66
97,Greeley Air National Guard Station,,40.42361111111111,-9.74388888888889,act,xlsx,,2026-03-06,80,54.3,52.0,53.1,38.6,35.4,36.9,2026-03-06T06:04,2026-03-06T17:35,41449.11,36240.89,3.45,5.0,4.5,0.0,4.5,0.0,10.0,56,38,20,59.8,89.6,354,15.07,2.97
97,Greeley Air National Guard Station,,40.42361111111111,-9.74388888888889,act,xlsx,,2026-03-07,61,54.5,54.0,54.3,44.9,38.9,42.6,2026-03-07T06:03,2026-03-07T17:36,41609.32,0.0,3.3,5.05,0.9,0.9,0.0,0.0,6.0,25,19,13,51.8,75.2,349,4.43,2.01
97,Greeley Air National Guard Station,,40.42361111111111,-9.74388888888889,act,xlsx,,2026-03-08,3,56.5,54.6,55.5,51.9,45.6,49.4,2026-03-08T06:01,2026-03-08T17:37,41770.27,32412.69,4.85,4.85,0.0,0.0,0.0,0.0,0.0,23,14,10,29.7,39.2,247,13.22,2.71
97,Greeley Air National Guard Station,,40.42361111111111,-9.74388888888889,act,xlsx,,2026-03-09,80,56.6,53.0,54.8,48.3,43.1,46.4,2026-03-09T06:00,2026-03-09T17:38,41931.82,0.0,4.2,4.9,24.3,20.1,3.6,0.0,21.0,40,35,24,43.8,60.1,175,3.33,1.35
98,Grissom Air Reserve Base,,40.64805555555556,-86.15222222222222,act,xlsx,,2026-03-03,51,45.4,32.8,38.5,40.7,24.6,32.7,2026-03-03T07:14,2026-03-03T18:37,40982.36,1223.64,1.85,4.4,0.1,0.1,0.0,0.0,1.0,34,9,0,15.8,37.4,97,3.89,0.66
98,Grissom Air Reserve Base,,40.64805555555556,-86.15222222222222,act,xlsx,,2026-03-04,53,49.8,37.7,44.5,44.3,31.4,38.5,2026-03-04T07:13,2026-03-04T18:39,41141.03,7640.33,0.65,4.5,1.57,1.57,0.0,0.0,4.0,59,19,7,24.9,40.3,92,7.74,0.89
98,Grissom Air Reserve Base,,40.64805555555556,-86.15222222222222,act,xlsx,,2026-03-05,81,61.2,48.6,54.8,55.9,44.8,51.6,2026-03-05T07:11,2026-03-05T18:40,41300.75,9234.83,2.75,4.55,22.25,17.6,4.65,0.0,12.0,82,65,24,27.9,46.1,221,4.27,0.83
98,Grissom Air Reserve Base,,40.64805555555556,-86.15222222222222,act,xlsx,,2026-03-06,53,72.7,49.5,60.6,69.2,46.9,57.7,2026-03-06T07:10,2026-03-06T18:41,41461.41,29889.38,4.55,5.1,3.2,0.0,3.2,0.0,6.0,46,29,22,30.0,67.7,186,10.89,2.18
98,Grissom Air Reserve Base,,40.64805555555556,-86.15222222222222,act,xlsx,,2026-03-07,81,67.7,45.0,60.3,61.9,39.3,54.0,2026-03-07T07:08,2026-03-07T18:42,41622.9,24027.29,4.2,5.1,17.3,14.4,2.9,0.0,9.0,79,44,4,36.2,75.6,232,8.06,2.18
98,Grissom Air Reserve Base,,40.64805555555556,-86.15222222222222,act,xlsx,,2026-03-08,3,59.1,39.2,48.4,50.3,32.9,41.5,2026-03-08T07:07,2026-03-08T18:43,41785.1,38601.49,4.55,4.7,0.0,0.0,0.0,0.0,0.0,5,3,3,23.4,51.5,226,17.73,2.76
98,Grissom Air Reserve Base,,40.64805555555556,-86.15222222222222,act,xlsx,,2026-03-09,51,70.4,49.6,59.2,63.0,44.6,53.8,2026-03-09T07:05,2026-03-09T18:44,41947.89,34179.18,4.55,4.65,0.4,0.0,0.4,0.0,4.0,13,7,5,31.1,61.9,217,14.68,2.93
99,Goldwater Air National Guard Base,,33.42666666666666,-112.01194444444444,act,xlsx,,2026-03-03,3,86.2,61.3,73.3,82.7,56.5,67.4,2026-03-03T06:53,2026-03-03T18:26,41580.45,38526.32,6.5,6.5,0.0,0.0,0.0,0.0,0.0,0,0,0,15.6,19.4,256,21.02,5.47
99,Goldwater Air National Guard Base,,33.42666666666666,-112.01194444444444,act,xlsx,,2026-03-04,3,85.1,54.1,69.2,79.6,46.3,61.9,2026-03-04T06:52,2026-03-04T18:27,41702.29,37680.67,5.55,6.55,0.0,0.0,0.0,0.0,0.0,0,0,0,14.8,20.9,189,20.67,5.66
99,Goldwater Air National Guard Base,,33.42666666666666,-112.01194444444444,act,xlsx,,2026-03-05,3,76.8,56.9,68.4,67.6,48.6,58.4,2026-03-05T06:50,2026-03-05T18:28,41824.95,38678.89,6.55,6.55,0.0,0.0,0.0,0.0,0.0,0,0,0,38.4,44.3,275,21.36,7.2
99,Goldwater Air National Guard Base,,33.42666666666666,-112.01194444444444,act,xlsx,,2026-03-06,3,70.3,59.8,65.5,63.9,53.0,58.2,2026-03-06T06:49,2026-03-06T18:28,41948.36,38784.26,6.4,6.4,0.0,0.0,0.0,0.0,0.0,0,0,0,15.5,24.1,290,21.86,5.07
99,Goldwater Air National Guard Base,,33.42666666666666,-112.01194444444444,act,xlsx,,2026-03-07,3,79.6,60.6,70.1,72.2,52.2,62.4,2026-03-07T06:48,2026-03-07T18:29,42072.41,38828.54,6.0,6.4,0.0,0.0,0.0,0.0,0.0,2,1,0,16.0,31.0,96,19.58,5.77
99,Goldwater Air National Guard Base,,33.42666666666666,-112.01194444444444,act,xlsx,,2026-03-08,3,83.2,66.2,73.3,77.9,62.2,68.6,2026-03-08T06:47,2026-03-08T18:30,42197.03,39300.0,5.65,6.3,0.0,0.0,0.0,0.0,0.0,4,2,1,14.5,23.8,290,18.58,4.53
99,Goldwater Air National Guard Base,,33.42666666666666,-112.01194444444444,act,xlsx,,2026-03-09,3,78.8,65.5,71.0,76.3,62.1,66.7,2026-03-09T06:45,2026-03-09T18:31,42322.11,39446.03,6.4,6.4,0.0,0.0,0.0,0.0,0.0,9,6,4,29.0,23.0,262,20.98,5.71
100,Gulfport Combat Readiness Training Center,,30.40722222222222,-89.07,act,xlsx,,2026-03-03,45,72.3,65.2,67.8,73.3,65.3,68.8,2026-03-03T06:19,2026-03-03T17:56,41792.36,10440.53,6.55,6.55,0.0,0.0,0.0,0.0,0.0,2,0,0,21.9,40.7,119,10.72,1.86
100,Gulfport Combat Readiness Training Center,,30.40722222222222,-89.07,act,xlsx,,2026-03-04,45,74.6,61.1,67.5,77.5,62.5,69.5,2026-03-04T06:18,2026-03-04T17:57,41900.66,37055.77,6.7,6.7,0.0,0.0,0.0,0.0,0.0,2,1,0,18.4,37.1,125,20.51,3.38
100,Gulfport Combat Readiness Training Center,,30.40722222222222,-89.07,act,xlsx,,2026-03-05,45,76.1,62.4,69.9,78.9,64.4,72.5,2026-03-05T06:17,2026-03-05T17:57,42009.71,38646.32,6.35,6.75,0.0,0.0,0.0,0.0,0.0,25,9,0,15.4,30.2,124,19.42,3.46
100,Gulfport Combat Readiness Training Center,,30.40722222222222,-89.07,act,xlsx,,2026-03-06,51,77.3,66.7,71.3,80.4,69.4,73.7,2026-03-06T06:16,2026-03-06T17:58,42119.43,38696.89,6.8,6.85,0.5,0.0,0.5,0.0,3.0,47,21,6,21.1,36.4,125,20.7,3.58
100,Gulfport Combat Readiness Training Center,,30.40722222222222,-89.07,act,xlsx,,2026-03-07,3,78.6,67.3,72.0,83.1,70.8,75.2,2026-03-07T06:15,2026-03-07T17:59,42229.74,38941.25,6.85,6.85,0.0,0.0,0.0,0.0,0.0,33,16,4,16.1,32.8,132,21.08,3.82
100,Gulfport Combat Readiness Training Center,,30.40722222222222,-89.07,act,xlsx,,2026-03-08,3,78.2,65.8,71.5,82.3,69.9,74.5,2026-03-08T06:14,2026-03-08T17:59,42340.56,39536.3,6.45,6.45,0.0,0.0,0.0,0.0,0.0,36,19,7,11.8,16.9,148,20.69,3.9
100,Gulfport Combat Readiness Training Center,,30.40722222222222,-89.07,act,xlsx,,2026-03-09,3,77.9,65.8,71.4,81.5,70.1,74.3,2026-03-09T06:12,2026-03-09T18:00,42451.8,39649.68,6.05,6.45,0.0,0.0,0.0,0.0,0.0,27,15,8,11.7,25.9,179,19.89,3.77
101,Hall Air Guard Station,,31.329444444444444,-8.424166666666666,act,xlsx,,2026-03-03,80,53.9,42.7,48.0,47.7,35.0,42.1,2026-03-03T06:58,2026-03-03T18:33,41701.04,36031.15,4.6,6.3,13.2,11.0,2.3,0.0,11.0,100,37,0,26.0,53.6,296,17.42,2.48
101,Hall Air Guard Station,,31.329444444444444,-8.424166666666666,act,xlsx,,2026-03-04,3,53.4,40.0,47.2,48.2,35.2,43.3,2026-03-04T06:56,2026-03-04T18:33,41813.07,26130.51,6.4,6.5,0.0,0.0,0.0,0.0,0.0,25,11,0,13.1,24.1,277,12.1,1.83
101,Hall Air Guard Station,,31.329444444444444,-8.424166666666666,act,xlsx,,2026-03-05,3,60.6,46.1,52.5,57.7,42.6,49.4,2026-03-05T06:55,2026-03-05T18:34,41925.9,38110.93,6.8,6.8,0.3,0.0,0.3,0.0,3.0,57,16,2,12.7,22.3,314,17.6,2.67
101,Hall Air Guard Station,,31.329444444444444,-8.424166666666666,act,xlsx,,2026-03-06,3,57.3,47.9,51.7,52.6,42.5,48.0,2026-03-06T06:54,2026-03-06T18:35,42039.43,28890.26,2.4,6.8,0.2,0.0,0.2,0.0,2.0,53,11,0,14.7,25.2,39,12.68,1.94
101,Hall Air Guard Station,,31.329444444444444,-8.424166666666666,act,xlsx,,2026-03-07,3,55.0,44.5,48.9,49.7,40.2,44.1,2026-03-07T06:53,2026-03-07T18:36,42153.6,37161.0,6.85,6.85,0.0,0.0,0.0,0.0,0.0,8,2,0,13.7,24.1,55,12.67,1.89
101,Hall Air Guard Station,,31.329444444444444,-8.424166666666666,act,xlsx,,2026-03-08,2,59.0,42.3,50.6,54.9,39.4,47.2,2026-03-08T06:52,2026-03-08T18:36,42268.31,39422.83,6.45,6.45,0.0,0.0,0.0,0.0,0.0,0,0,0,14.5,24.8,53,20.84,2.88
101,Hall Air Guard Station,,31.329444444444444,-8.424166666666666,act,xlsx,,2026-03-09,3,64.9,43.9,53.1,62.9,39.5,49.5,2026-03-09T06:51,2026-03-09T18:37,42383.48,39507.29,6.5,6.5,0.0,0.0,0.0,0.0,0.0,0,0,0,17.8,28.8,313,21.91,3.45
102,Hancock Field Air National Guard Base,,43.11138888888889,-76.1236111111111,act,xlsx,,2026-03-03,55,38.1,15.7,28.7,31.2,7.0,21.6,2026-03-03T06:36,2026-03-03T17:56,40753.66,9378.87,2.85,4.55,3.8,3.8,0.0,0.0,8.0,80,21,0,13.6,31.0,101,4.27,0.61
102,Hancock Field Air National Guard Base,,43.11138888888889,-76.1236111111111,act,xlsx,,2026-03-04,53,43.8,31.9,36.5,40.0,25.6,31.4,2026-03-04T06:35,2026-03-04T17:57,40926.84,3600.0,4.6,4.6,0.5,0.5,0.0,0.0,1.0,24,2,0,10.3,21.6,287,9.81,1.03
102,Hancock Field Air National Guard Base,,43.11138888888889,-76.1236111111111,act,xlsx,,2026-03-05,63,38.0,31.6,34.9,32.4,25.3,28.6,2026-03-05T06:33,2026-03-05T17:58,41101.16,1296.03,1.5,4.2,13.75,13.75,0.0,0.0,16.0,71,34,3,15.5,17.3,72,1.6,0.25
102,Hancock Field Air National Guard Base,,43.11138888888889,-76.1236111111111,act,xlsx,,2026-03-06,55,39.8,34.0,36.2,34.5,27.3,30.3,2026-03-06T06:31,2026-03-06T17:59,41276.48,13809.68,2.05,4.5,2.6,2.6,0.0,0.0,6.0,71,35,5,20.4,36.0,76,4.54,0.52
102,Hancock Field Air National Guard Base,,43.11138888888889,-76.1236111111111,act,xlsx,,2026-03-07,81,60.5,38.4,53.2,55.0,30.5,46.8,2026-03-07T06:30,2026-03-07T18:00,41452.68,32654.21,4.75,4.8,10.0,4.9,5.1,0.0,16.0,77,54,21,35.5,84.6,197,13.69,2.04
102,Hancock Field Air National Guard Base,,43.11138888888889,-76.1236111111111,act,xlsx,,2026-03-08,3,53.3,35.9,44.8,45.4,28.6,36.7,2026-03-08T06:28,2026-03-08T18:02,41629.65,38122.55,4.3,4.3,0.0,0.0,0.0,0.0,0.0,59,13,4,36.3,60.1,262,17.09,2.55
102,Hancock Field Air National Guard Base,,43.11138888888889,-76.1236111111111,act,xlsx,,2026-03-09,3,60.7,44.9,52.9,58.6,37.3,47.3,2026-03-09T06:26,2026-03-09T18:03,41807.26,35566.48,3.05,4.4,0.0,0.0,0.0,0.0,0.0,13,9,6,20.9,60.5,221,9.36,2.12
103,Harrisburg Air Station Middletown,,40.19361111111111,-76.76333333333334,act,xlsx,,2026-03-03,73,38.7,30.1,33.8,34.3,23.2,27.8,2026-03-03T06:36,2026-03-03T18:00,41021.35,0.0,0.7,4.8,6.8,6.0,0.0,0.56,13.0,84,38,0,12.3,24.8,119,2.06,0.3
103,Harrisburg Air Station Middletown,,40.19361111111111,-76.76333333333334,act,xlsx,,2026-03-04,51,56.7,39.2,46.9,53.5,34.7,43.3,2026-03-04T06:35,2026-03-04T18:01,41177.55,23472.88,3.6,4.85,1.0,1.0,0.0,0.0,3.0,49,16,3,12.9,29.5,41,14.93,1.93
103,Harrisburg Air Station Middletown,,40.19361111111111,-76.76333333333334,act,xlsx,,2026-03-05,80,68.4,41.9,53.9,69.0,37.6,52.7,2026-03-05T06:33,2026-03-05T18:02,41334.79,24268.59,4.1,4.8,11.52,5.05,6.47,0.0,11.0,73,59,49,15.3,48.2,194,9.08,1.46
103,Harrisburg Air Station Middletown,,40.19361111111111,-76.76333333333334,act,xlsx,,2026-03-06,51,69.3,46.1,57.2,70.1,39.2,55.2,2026-03-06T06:32,2026-03-06T18:03,41492.96,27841.86,4.75,4.9,0.1,0.0,0.1,0.0,1.0,68,25,7,23.4,41.0,114,11.65,2.04
103,Harrisburg Air Station Middletown,,40.19361111111111,-76.76333333333334,act,xlsx,,2026-03-07,55,60.1,43.9,50.4,58.5,37.7,47.0,2026-03-07T06:30,2026-03-07T18:05,41651.95,9957.91,1.7,4.95,4.4,0.2,4.2,0.0,8.0,49,22,3,17.7,58.0,144,3.65,0.64
103,Harrisburg Air Station Middletown,,40.19361111111111,-76.76333333333334,act,xlsx,,2026-03-08,53,63.8,45.0,53.6,61.5,39.2,48.7,2026-03-08T06:29,2026-03-08T18:06,41811.63,38430.61,4.0,4.85,0.9,0.8,0.1,0.0,2.0,49,16,9,22.2,53.6,271,14.47,2.34
103,Harrisburg Air Station Middletown,,40.19361111111111,-76.76333333333334,act,xlsx,,2026-03-09,51,68.9,49.4,57.0,67.6,48.2,56.0,2026-03-09T06:27,2026-03-09T18:07,41971.91,32660.52,3.9,4.45,0.9,0.0,0.9,0.0,6.0,15,14,11,16.6,29.5,214,10.86,1.78
104,Homestead Air Reserve Base,,25.488333333333333,-80.38361111111112,act,xlsx,,2026-03-03,2,80.0,70.4,74.9,84.5,72.1,77.4,2026-03-03T06:42,2026-03-03T18:24,42120.93,39334.21,7.35,7.35,0.0,0.0,0.0,0.0,0.0,3,1,0,23.9,38.9,69,19.75,3.94
104,Homestead Air Reserve Base,,25.488333333333333,-80.38361111111112,act,xlsx,,2026-03-04,2,79.8,72.1,75.1,82.7,72.9,76.7,2026-03-04T06:41,2026-03-04T18:24,42208.72,39363.57,7.4,7.4,0.0,0.0,0.0,0.0,0.0,29,6,0,23.6,37.1,73,18.07,4.02
104,Homestead Air Reserve Base,,25.488333333333333,-80.38361111111112,act,xlsx,,2026-03-05,53,81.6,73.1,76.4,83.1,74.9,77.8,2026-03-05T06:40,2026-03-05T18:25,42297.14,36487.52,6.8,7.5,3.2,0.0,3.2,0.0,6.0,29,19,12,27.2,34.6,93,20.04,4.68
104,Homestead Air Reserve Base,,25.488333333333333,-80.38361111111112,act,xlsx,,2026-03-06,53,81.3,73.4,76.1,83.4,74.7,77.2,2026-03-06T06:39,2026-03-06T18:25,42386.11,39478.26,7.45,7.6,2.9,0.0,2.9,0.0,8.0,26,20,16,27.2,36.0,94,19.94,4.59
104,Homestead Air Reserve Base,,25.488333333333333,-80.38361111111112,act,xlsx,,2026-03-07,53,80.4,73.0,75.7,81.2,74.0,76.3,2026-03-07T06:38,2026-03-07T18:26,42475.56,39538.33,6.6,7.6,0.8,0.0,0.8,0.0,3.0,33,22,15,28.5,37.1,86,18.51,4.32
104,Homestead Air Reserve Base,,25.488333333333333,-80.38361111111112,act,xlsx,,2026-03-08,3,81.3,73.0,76.0,83.0,74.2,77.0,2026-03-08T06:37,2026-03-08T18:26,42565.44,39890.82,7.1,7.15,0.0,0.0,0.0,0.0,0.0,25,19,14,27.4,37.4,87,21.88,4.86
104,Homestead Air Reserve Base,,25.488333333333333,-80.38361111111112,act,xlsx,,2026-03-09,1,81.1,71.7,75.2,83.1,73.6,76.7,2026-03-09T06:36,2026-03-09T18:27,42655.68,39922.32,7.15,7.15,0.0,0.0,0.0,0.0,0.0,26,16,12,26.3,32.4,86,22.61,4.76
105,Hulman Field Air National Guard Base,,39.45138888888889,-87.30749999999999,act,xlsx,,2026-03-03,65,46.4,37.4,41.7,44.0,32.1,37.5,2026-03-03T07:18,2026-03-03T18:43,41085.23,0.0,0.75,4.75,32.1,32.1,0.0,0.0,15.0,99,49,1,13.8,29.5,74,3.56,0.53
105,Hulman Field Air National Guard Base,,39.45138888888889,-87.30749999999999,act,xlsx,,2026-03-04,65,53.0,43.8,48.3,51.7,37.7,44.5,2026-03-04T07:17,2026-03-04T18:44,41237.4,0.0,1.2,4.8,47.72,47.72,0.0,0.0,11.0,98,54,16,18.8,39.6,89,3.14,0.5
105,Hulman Field Air National Guard Base,,39.45138888888889,-87.30749999999999,act,xlsx,,2026-03-05,55,65.2,51.8,58.6,63.4,49.6,56.9,2026-03-05T07:15,2026-03-05T18:45,41390.59,17429.21,3.7,4.95,5.55,1.98,3.57,0.0,13.0,90,71,33,24.9,51.1,212,5.9,1.04
105,Hulman Field Air National Guard Base,,39.45138888888889,-87.30749999999999,act,xlsx,,2026-03-06,55,74.5,58.3,65.6,71.8,57.4,63.8,2026-03-06T07:14,2026-03-06T18:46,41544.68,31708.32,5.0,5.3,4.8,0.3,4.5,0.0,8.0,52,34,19,31.6,61.6,186,13.48,2.75
105,Hulman Field Air National Guard Base,,39.45138888888889,-87.30749999999999,act,xlsx,,2026-03-07,81,69.0,48.1,61.7,64.4,43.0,57.1,2026-03-07T07:12,2026-03-07T18:47,41699.57,20345.69,3.45,5.2,9.2,5.2,4.0,0.0,8.0,80,47,6,30.9,67.7,231,6.53,1.97
105,Hulman Field Air National Guard Base,,39.45138888888889,-87.30749999999999,act,xlsx,,2026-03-08,3,60.8,42.9,51.4,54.1,37.7,46.3,2026-03-08T07:11,2026-03-08T18:48,41855.14,38726.61,4.6,4.95,0.0,0.0,0.0,0.0,0.0,8,6,4,19.9,40.0,207,16.46,2.58
105,Hulman Field Air National Guard Base,,39.45138888888889,-87.30749999999999,act,xlsx,,2026-03-09,51,73.5,53.3,63.2,67.9,50.4,59.6,2026-03-09T07:09,2026-03-09T18:49,42011.3,38885.85,4.85,4.85,0.2,0.0,0.2,0.0,1.0,18,11,7,30.4,62.6,210,18.2,3.45
106,Jackson Air National Guard Base,,32.31111111111111,-90.07583333333334,act,xlsx,,2026-03-03,45,80.5,59.0,68.8,78.8,58.2,67.8,2026-03-03T06:24,2026-03-03T17:59,41656.37,27866.33,6.35,6.35,0.0,0.0,0.0,0.0,0.0,2,0,0,21.3,45.4,165,16.03,3.7
106,Jackson Air National Guard Base,,32.31111111111111,-90.07583333333334,act,xlsx,,2026-03-04,51,79.5,64.7,71.2,81.1,65.2,72.0,2026-03-04T06:23,2026-03-04T18:00,41773.12,32400.0,3.3,6.4,0.4,0.4,0.0,0.0,1.0,7,2,0,25.1,43.6,166,16.26,3.56
106,Jackson Air National Guard Base,,32.31111111111111,-90.07583333333334,act,xlsx,,2026-03-05,3,81.3,63.1,71.7,81.3,63.7,71.9,2026-03-05T06:22,2026-03-05T18:00,41890.68,37484.74,6.3,6.55,0.0,0.0,0.0,0.0,0.0,4,0,0,15.9,40.7,172,18.74,4.18
106,Jackson Air National Guard Base,,32.31111111111111,-90.07583333333334,act,xlsx,,2026-03-06,51,80.8,64.6,70.9,81.0,66.3,72.2,2026-03-06T06:21,2026-03-06T18:01,42008.95,33899.96,4.3,6.6,0.4,0.0,0.4,0.0,2.0,36,11,0,18.5,47.2,162,10.36,2.49
106,Jackson Air National Guard Base,,32.31111111111111,-90.07583333333334,act,xlsx,,2026-03-07,81,75.5,67.1,70.8,81.0,69.9,74.1,2026-03-07T06:20,2026-03-07T18:02,42127.85,26619.6,2.9,6.6,7.6,0.0,7.6,0.0,7.0,71,36,7,16.3,46.1,174,7.48,1.69
106,Jackson Air National Guard Base,,32.31111111111111,-90.07583333333334,act,xlsx,,2026-03-08,51,72.8,64.7,68.6,76.5,68.4,72.2,2026-03-08T06:18,2026-03-08T18:03,42247.29,28491.95,2.65,6.15,1.2,0.0,1.2,0.0,12.0,63,46,33,10.2,23.8,216,7.78,1.52
106,Jackson Air National Guard Base,,32.31111111111111,-90.07583333333334,act,xlsx,,2026-03-09,51,82.0,64.0,71.6,83.0,67.0,73.9,2026-03-09T06:17,2026-03-09T18:03,42367.18,39252.64,5.8,6.2,2.1,0.0,2.1,0.0,9.0,45,30,15,13.0,44.3,199,17.22,3.54
107,Jacksonville Air National Guard Base,,30.49416666666667,-81.68777777777778,act,xlsx,,2026-03-03,51,66.4,57.0,60.4,67.0,55.8,59.8,2026-03-03T06:50,2026-03-03T18:26,41782.79,7200.0,6.05,6.5,0.4,0.4,0.0,0.0,2.0,2,0,0,14.7,32.4,30,8.9,1.46
107,Jacksonville Air National Guard Base,,30.49416666666667,-81.68777777777778,act,xlsx,,2026-03-04,45,77.6,57.7,64.5,80.7,57.9,66.3,2026-03-04T06:49,2026-03-04T18:27,41891.38,28800.0,6.65,6.65,0.0,0.0,0.0,0.0,0.0,1,0,0,17.9,24.1,68,18.27,3.24
107,Jacksonville Air National Guard Base,,30.49416666666667,-81.68777777777778,act,xlsx,,2026-03-05,45,84.9,59.1,70.7,86.6,61.1,72.5,2026-03-05T06:48,2026-03-05T18:28,42000.71,38892.82,6.75,6.75,0.0,0.0,0.0,0.0,0.0,13,5,0,20.6,32.8,119,20.24,4.3
107,Jacksonville Air National Guard Base,,30.49416666666667,-81.68777777777778,act,xlsx,,2026-03-06,51,84.3,65.1,72.9,86.1,68.9,75.1,2026-03-06T06:46,2026-03-06T18:28,42110.72,38963.41,6.85,6.85,0.5,0.0,0.5,0.0,3.0,18,8,3,18.5,34.9,117,21.03,4.47
107,Jacksonville Air National Guard Base,,30.49416666666667,-81.68777777777778,act,xlsx,,2026-03-07,0,82.9,64.5,72.1,84.0,67.9,73.6,2026-03-07T06:45,2026-03-07T18:29,42221.33,39033.78,6.9,6.9,0.0,0.0,0.0,0.0,0.0,14,6,1,16.3,33.5,116,21.6,4.62
107,Jacksonville Air National Guard Base,,30.49416666666667,-81.68777777777778,act,xlsx,,2026-03-08,0,85.9,63.3,72.8,88.6,65.1,74.1,2026-03-08T06:44,2026-03-08T18:30,42332.45,39527.23,6.5,6.5,0.0,0.0,0.0,0.0,0.0,14,6,2,18.8,33.5,134,21.39,4.71
107,Jacksonville Air National Guard Base,,30.49416666666667,-81.68777777777778,act,xlsx,,2026-03-09,3,87.0,64.6,74.0,90.5,67.9,75.9,2026-03-09T06:43,2026-03-09T18:30,42443.99,39212.46,6.3,6.55,0.0,0.0,0.0,0.0,0.0,17,8,3,16.3,25.9,155,18.28,4.33
108,Jefferson Barracks Air National Guard Station,,38.50388888888889,-4.504444444444444,act,xlsx,,2026-03-03,3,64.9,48.7,55.7,58.6,43.3,49.3,2026-03-03T07:47,2026-03-03T19:12,41131.07,35991.33,5.1,5.2,0.0,0.0,0.0,0.0,0.0,0,0,0,25.4,54.0,77,17.69,3.57
108,Jefferson Barracks Air National Guard Station,,38.50388888888889,-4.504444444444444,act,xlsx,,2026-03-04,80,61.0,49.0,53.9,56.0,42.9,48.0,2026-03-04T07:45,2026-03-04T19:13,41277.79,19696.2,4.3,5.15,1.2,0.0,1.0,0.0,6.0,58,20,0,22.6,46.8,69,11.74,2.5
108,Jefferson Barracks Air National Guard Station,,38.50388888888889,-4.504444444444444,act,xlsx,,2026-03-05,95,54.0,43.4,48.8,50.2,40.5,46.0,2026-03-05T07:44,2026-03-05T19:14,41425.51,21650.85,0.65,4.85,7.3,3.3,4.2,0.0,7.0,63,18,0,13.4,29.9,270,8.44,1.25
108,Jefferson Barracks Air National Guard Station,,38.50388888888889,-4.504444444444444,act,xlsx,,2026-03-06,80,49.2,39.9,42.9,44.6,33.8,37.3,2026-03-06T07:42,2026-03-06T19:15,41574.14,9672.59,4.55,5.2,6.3,1.7,4.3,0.0,15.0,53,35,20,16.9,37.1,238,6.38,0.88
108,Jefferson Barracks Air National Guard Station,,38.50388888888889,-4.504444444444444,act,xlsx,,2026-03-07,80,44.9,39.0,42.5,41.1,35.3,38.5,2026-03-07T07:41,2026-03-07T19:16,41723.57,19431.78,4.85,5.2,7.0,5.1,2.0,0.0,15.0,48,30,19,15.1,30.6,188,7.46,0.9
108,Jefferson Barracks Air National Guard Station,,38.50388888888889,-4.504444444444444,act,xlsx,,2026-03-08,80,55.8,41.2,48.0,51.7,38.5,45.2,2026-03-08T07:39,2026-03-08T19:17,41873.7,38871.23,4.1,4.9,0.4,0.0,0.4,0.0,2.0,25,20,7,9.1,19.1,280,14.67,2.02
108,Jefferson Barracks Air National Guard Station,,38.50388888888889,-4.504444444444444,act,xlsx,,2026-03-09,45,61.2,37.4,49.8,57.8,33.2,46.5,2026-03-09T07:38,2026-03-09T19:18,42024.41,39125.92,3.9,4.95,0.0,0.0,0.0,0.0,0.0,19,8,0,9.0,18.7,146,17.16,2.57
109,Joe Foss Field Air National Guard Station,,43.581944444444446,-96.74194444444444,act,xlsx,,2026-03-03,3,47.3,33.8,39.5,44.2,28.7,34.6,2026-03-03T06:59,2026-03-03T18:18,40714.33,1754.99,4.45,4.65,0.0,0.0,0.0,0.0,0.0,6,0,0,13.3,27.4,126,7.84,0.95
109,Joe Foss Field Air National Guard Station,,43.581944444444446,-96.74194444444444,act,xlsx,,2026-03-04,45,48.2,35.7,41.3,42.8,31.1,36.2,2026-03-04T06:57,2026-03-04T18:19,40890.53,3600.0,4.7,4.7,0.0,0.0,0.0,0.0,0.0,1,0,0,17.0,32.0,177,6.27,0.77
109,Joe Foss Field Air National Guard Station,,43.581944444444446,-96.74194444444444,act,xlsx,,2026-03-05,51,65.3,38.0,51.7,55.7,32.1,44.2,2026-03-05T06:56,2026-03-05T18:20,41067.87,37699.98,4.85,4.85,0.1,0.0,0.1,0.0,1.0,42,10,0,28.3,60.8,150,16.14,3.35
109,Joe Foss Field Air National Guard Station,,43.581944444444446,-96.74194444444444,act,xlsx,,2026-03-06,55,75.9,38.8,57.3,69.7,25.4,50.7,2026-03-06T06:54,2026-03-06T18:21,41246.23,13944.36,3.55,4.85,8.1,0.7,7.4,0.0,16.0,72,61,42,47.1,84.2,167,5.87,2.2
109,Joe Foss Field Air National Guard Station,,43.581944444444446,-96.74194444444444,act,xlsx,,2026-03-07,71,51.1,29.3,39.9,41.1,15.1,28.1,2026-03-07T06:52,2026-03-07T18:23,41425.48,37814.67,4.85,4.85,0.1,0.0,0.0,0.07,1.0,53,9,0,36.5,65.5,276,16.74,2.74
109,Joe Foss Field Air National Guard Station,,43.581944444444446,-96.74194444444444,act,xlsx,,2026-03-08,3,59.4,42.2,50.0,49.2,31.4,40.6,2026-03-08T06:50,2026-03-08T18:24,41605.5,38294.66,3.8,4.6,0.0,0.0,0.0,0.0,0.0,5,3,0,27.5,72.0,248,13.09,3.47
109,Joe Foss Field Air National Guard Station,,43.581944444444446,-96.74194444444444,act,xlsx,,2026-03-09,3,67.0,43.9,53.4,56.5,37.5,45.4,2026-03-09T06:49,2026-03-09T18:25,41786.16,38471.66,4.05,4.7,0.0,0.0,0.0,0.0,0.0,5,4,2,28.8,61.9,276,14.37,3.59
110,Johnstown Air National Guard Station,,40.32305555555556,-6.313888888888889,act,xlsx,,2026-03-03,3,63.0,47.8,55.2,60.4,44.1,52.1,2026-03-03T07:55,2026-03-03T19:18,40972.13,37781.06,4.9,4.9,0.0,0.0,0.0,0.0,0.0,15,3,0,8.7,26.3,109,16.33,2.59
110,Johnstown Air National Guard Station,,40.32305555555556,-6.313888888888889,act,xlsx,,2026-03-04,3,64.2,44.4,53.6,61.8,40.4,50.4,2026-03-04T07:54,2026-03-04T19:19,41128.69,36522.7,4.75,4.95,0.0,0.0,0.0,0.0,0.0,55,8,0,8.4,22.7,321,17.05,2.71
110,Johnstown Air National Guard Station,,40.32305555555556,-6.313888888888889,act,xlsx,,2026-03-05,95,60.2,44.2,51.3,57.8,40.6,48.3,2026-03-05T07:52,2026-03-05T19:20,41286.33,20873.8,5.0,5.0,6.2,2.3,4.0,0.0,9.0,79,39,5,10.9,31.3,298,10.55,1.73
110,Johnstown Air National Guard Station,,40.32305555555556,-6.313888888888889,act,xlsx,,2026-03-06,61,48.7,42.1,45.4,43.7,37.8,40.6,2026-03-06T07:51,2026-03-06T19:21,41444.93,13781.91,3.35,4.85,5.6,5.3,0.1,0.0,22.0,58,48,31,12.6,35.3,344,7.17,1.15
110,Johnstown Air National Guard Station,,40.32305555555556,-6.313888888888889,act,xlsx,,2026-03-07,61,50.5,42.7,45.6,45.3,39.0,42.1,2026-03-07T07:49,2026-03-07T19:23,41604.38,29195.24,3.85,4.9,4.1,4.1,0.0,0.0,8.0,37,27,15,9.1,25.2,204,10.5,1.39
110,Johnstown Air National Guard Station,,40.32305555555556,-6.313888888888889,act,xlsx,,2026-03-08,61,48.1,41.6,44.4,45.6,38.3,41.6,2026-03-08T07:47,2026-03-08T19:24,41764.55,396.93,4.3,4.7,1.8,1.8,0.0,0.0,12.0,24,18,10,6.6,21.2,199,3.49,0.56
110,Johnstown Air National Guard Station,,40.32305555555556,-6.313888888888889,act,xlsx,,2026-03-09,45,51.7,42.6,47.1,45.1,39.6,42.8,2026-03-09T07:46,2026-03-09T19:25,41925.34,15655.57,4.05,4.7,0.0,0.0,0.0,0.0,0.0,43,25,18,17.9,48.2,153,9.28,1.33
111,Key Field Air National Guard Base,,32.3325,-88.75194444444445,act,xlsx,,2026-03-03,3,74.4,55.9,65.5,74.4,55.3,66.2,2026-03-03T06:19,2026-03-03T17:54,41655.61,5562.75,6.25,6.3,0.0,0.0,0.0,0.0,0.0,1,0,0,15.0,38.2,165,6.82,1.61
111,Key Field Air National Guard Base,,32.3325,-88.75194444444445,act,xlsx,,2026-03-04,3,77.9,59.3,67.2,79.4,59.5,68.5,2026-03-04T06:18,2026-03-04T17:54,41772.41,19589.83,6.4,6.4,0.0,0.0,0.0,0.0,0.0,2,1,0,12.5,24.1,167,11.69,2.46
111,Key Field Air National Guard Base,,32.3325,-88.75194444444445,act,xlsx,,2026-03-05,3,81.5,59.6,69.2,81.1,60.4,69.8,2026-03-05T06:17,2026-03-05T17:55,41890.02,37776.57,5.9,6.5,0.0,0.0,0.0,0.0,0.0,4,1,0,14.8,37.8,175,17.46,3.59
111,Key Field Air National Guard Base,,32.3325,-88.75194444444445,act,xlsx,,2026-03-06,3,84.8,63.6,71.8,84.9,65.7,72.9,2026-03-06T06:16,2026-03-06T17:56,42008.33,31101.68,6.6,6.6,0.0,0.0,0.0,0.0,0.0,47,15,1,18.4,42.1,167,15.83,3.74
111,Key Field Air National Guard Base,,32.3325,-88.75194444444445,act,xlsx,,2026-03-07,80,85.9,64.4,72.5,87.8,66.9,74.8,2026-03-07T06:14,2026-03-07T17:57,42127.28,27529.35,6.6,6.6,2.3,0.0,2.3,0.0,5.0,57,30,4,14.7,41.4,183,15.6,3.56
111,Key Field Air National Guard Base,,32.3325,-88.75194444444445,act,xlsx,,2026-03-08,3,82.2,62.9,70.5,84.3,66.0,73.5,2026-03-08T06:13,2026-03-08T17:57,42246.77,38863.42,5.8,6.15,0.0,0.0,0.0,0.0,0.0,61,42,26,13.1,22.0,203,17.9,3.53
111,Key Field Air National Guard Base,,32.3325,-88.75194444444445,act,xlsx,,2026-03-09,51,77.7,63.2,69.2,82.1,65.9,72.4,2026-03-09T06:12,2026-03-09T17:58,42366.71,32444.42,4.15,6.15,0.6,0.0,0.6,0.0,6.0,46,33,16,9.2,29.9,210,11.14,2.14
112,Kingsley Field Air National Guard Base,,42.15611111111111,-121.73305555555557,act,xlsx,,2026-03-03,45,57.0,26.9,40.6,51.8,21.1,35.4,2026-03-03T06:38,2026-03-03T17:59,40864.34,33531.45,4.75,5.2,0.0,0.0,0.0,0.0,0.0,2,0,0,16.0,23.0,256,16.95,2.36
112,Kingsley Field Air National Guard Base,,42.15611111111111,-121.73305555555557,act,xlsx,,2026-03-04,71,41.7,31.3,37.1,34.1,24.2,29.2,2026-03-04T06:36,2026-03-04T18:00,41031.95,22436.4,4.85,5.05,3.2,3.1,0.0,0.07,3.0,56,18,2,31.9,52.9,286,13.51,1.31
112,Kingsley Field Air National Guard Base,,42.15611111111111,-121.73305555555557,act,xlsx,,2026-03-05,3,43.2,30.0,35.3,35.5,23.4,27.7,2026-03-05T06:34,2026-03-05T18:01,41200.66,37925.42,5.15,5.15,0.05,0.03,0.0,0.02,1.0,5,1,0,23.0,31.3,289,17.97,1.97
112,Kingsley Field Air National Guard Base,,42.15611111111111,-121.73305555555557,act,xlsx,,2026-03-06,3,49.3,29.6,36.9,39.7,22.2,29.6,2026-03-06T06:33,2026-03-06T18:02,41370.33,38099.43,4.05,5.15,0.0,0.0,0.0,0.0,0.0,1,0,0,18.7,27.4,307,14.04,1.74
112,Kingsley Field Air National Guard Base,,42.15611111111111,-121.73305555555557,act,xlsx,,2026-03-07,3,53.8,32.9,42.3,49.2,27.8,37.8,2026-03-07T06:31,2026-03-07T18:03,41540.84,38232.47,5.4,5.4,0.0,0.0,0.0,0.0,0.0,0,0,0,7.7,8.3,324,17.43,2.32
112,Kingsley Field Air National Guard Base,,42.15611111111111,-121.73305555555557,act,xlsx,,2026-03-08,3,62.1,39.3,49.0,58.8,35.2,45.2,2026-03-08T06:29,2026-03-08T18:05,41712.08,38305.09,5.1,5.1,0.0,0.0,0.0,0.0,0.0,0,0,0,9.7,11.2,317,16.99,2.6
112,Kingsley Field Air National Guard Base,,42.15611111111111,-121.73305555555557,act,xlsx,,2026-03-09,3,62.0,40.5,49.6,57.1,34.9,44.7,2026-03-09T06:28,2026-03-09T18:06,41883.94,38409.46,5.05,5.15,0.0,0.0,0.0,0.0,0.0,2,1,0,10.8,16.2,307,16.92,2.66
113,Lincoln Air National Guard Base,,40.85111111111111,-96.75916666666669,act,xlsx,,2026-03-03,3,52.6,38.7,43.9,47.1,33.1,39.0,2026-03-03T06:57,2026-03-03T18:20,40970.63,3892.98,5.0,5.1,0.0,0.0,0.0,0.0,0.0,3,0,0,17.8,31.7,67,8.54,1.33
113,Lincoln Air National Guard Base,,40.85111111111111,-96.75916666666669,act,xlsx,,2026-03-04,51,46.1,42.7,44.1,43.3,37.8,40.2,2026-03-04T06:55,2026-03-04T18:21,41130.5,0.0,4.95,5.15,0.4,0.4,0.0,0.0,1.0,13,3,1,12.3,23.8,66,2.77,0.53
113,Lincoln Air National Guard Base,,40.85111111111111,-96.75916666666669,act,xlsx,,2026-03-05,51,70.3,42.8,55.7,62.4,38.2,49.6,2026-03-05T06:54,2026-03-05T18:22,41291.44,38079.96,5.3,5.3,0.3,0.0,0.3,0.0,1.0,56,15,1,30.0,64.1,158,17.36,3.67
113,Lincoln Air National Guard Base,,40.85111111111111,-96.75916666666669,act,xlsx,,2026-03-06,81,74.8,46.7,64.7,66.4,32.8,56.4,2026-03-06T06:52,2026-03-06T18:23,41453.32,33665.72,5.5,5.5,5.0,0.1,4.9,0.0,6.0,89,65,49,43.5,74.2,196,16.2,4.53
113,Lincoln Air National Guard Base,,40.85111111111111,-96.75916666666669,act,xlsx,,2026-03-07,0,56.7,37.3,46.0,48.7,24.5,35.5,2026-03-07T06:51,2026-03-07T18:24,41616.01,38412.75,5.35,5.35,0.0,0.0,0.0,0.0,0.0,50,6,0,35.9,66.2,291,19.04,3.8
113,Lincoln Air National Guard Base,,40.85111111111111,-96.75916666666669,act,xlsx,,2026-03-08,3,71.1,43.2,55.5,59.6,32.4,45.8,2026-03-08T06:49,2026-03-08T18:25,41779.42,38596.75,4.9,4.9,0.0,0.0,0.0,0.0,0.0,2,1,0,29.5,61.9,227,19.12,4.86
113,Lincoln Air National Guard Base,,40.85111111111111,-96.75916666666669,act,xlsx,,2026-03-09,3,78.5,49.6,62.6,69.0,41.1,54.4,2026-03-09T06:47,2026-03-09T18:27,41943.42,38768.44,5.0,5.05,0.0,0.0,0.0,0.0,0.0,6,2,1,27.4,57.2,264,18.51,5.41
114,Louisville Air National Guard Base,,38.17805555555555,-85.72472222222223,act,xlsx,,2026-03-03,53,64.8,39.4,51.8,63.4,35.7,49.2,2026-03-03T07:11,2026-03-03T18:38,41194.75,8297.04,3.15,5.0,1.4,1.4,0.0,0.0,2.0,85,13,1,20.9,50.8,190,9.32,1.41
114,Louisville Air National Guard Base,,38.17805555555555,-85.72472222222223,act,xlsx,,2026-03-04,63,60.4,53.6,56.9,59.8,51.7,56.3,2026-03-04T07:10,2026-03-04T18:39,41340.02,0.0,3.1,5.1,16.2,16.2,0.0,0.0,11.0,57,32,11,26.0,42.5,139,4.81,0.77
114,Louisville Air National Guard Base,,38.17805555555555,-85.72472222222223,act,xlsx,,2026-03-05,81,66.2,55.8,60.7,65.1,54.4,59.9,2026-03-05T07:08,2026-03-05T18:40,41486.27,17582.93,2.85,5.2,7.52,4.1,3.42,0.0,13.0,73,60,41,21.0,51.5,201,5.77,1.1
114,Louisville Air National Guard Base,,38.17805555555555,-85.72472222222223,act,xlsx,,2026-03-06,53,76.8,57.1,66.5,76.7,56.9,66.8,2026-03-06T07:07,2026-03-06T18:41,41633.39,37263.9,5.45,5.45,1.2,0.0,1.2,0.0,4.0,41,20,10,18.4,51.8,191,17.67,3.33
114,Louisville Air National Guard Base,,38.17805555555555,-85.72472222222223,act,xlsx,,2026-03-07,55,68.8,57.5,64.9,68.0,54.8,64.1,2026-03-07T07:05,2026-03-07T18:42,41781.27,23975.84,2.9,5.45,4.5,0.9,3.6,0.0,9.0,82,50,10,22.8,58.7,222,6.24,1.47
114,Louisville Air National Guard Base,,38.17805555555555,-85.72472222222223,act,xlsx,,2026-03-08,51,61.2,50.0,55.7,59.2,47.5,53.6,2026-03-08T07:04,2026-03-08T18:43,41929.81,26667.69,3.45,5.1,0.3,0.3,0.0,0.0,3.0,21,19,14,10.6,32.0,229,8.55,1.55
114,Louisville Air National Guard Base,,38.17805555555555,-85.72472222222223,act,xlsx,,2026-03-09,51,67.4,59.6,63.9,66.7,60.0,63.4,2026-03-09T07:02,2026-03-09T18:44,42078.91,30197.43,2.5,4.9,0.1,0.0,0.1,0.0,1.0,25,21,14,20.6,54.0,221,7.53,1.55
115,Mansfield Lahm Air National Guard Base,,40.81361111111111,-82.51666666666667,act,xlsx,,2026-03-03,53,49.2,31.8,39.7,43.2,23.3,33.6,2026-03-03T07:00,2026-03-03T18:23,40966.61,0.0,2.75,4.6,1.5,1.5,0.0,0.0,8.0,44,18,1,20.3,44.6,181,4.63,0.59
115,Mansfield Lahm Air National Guard Base,,40.81361111111111,-82.51666666666667,act,xlsx,,2026-03-04,45,51.7,33.3,42.4,46.3,26.0,37.0,2026-03-04T06:58,2026-03-04T18:24,41126.27,22088.64,1.45,4.5,0.0,0.0,0.0,0.0,0.0,67,18,3,16.3,32.8,82,16.0,1.68
115,Mansfield Lahm Air National Guard Base,,40.81361111111111,-82.51666666666667,act,xlsx,,2026-03-05,81,57.8,47.2,53.9,54.0,41.0,50.2,2026-03-05T06:57,2026-03-05T18:25,41287.0,5608.0,0.85,4.45,41.02,36.12,4.9,0.0,19.0,86,78,63,22.9,52.9,214,1.36,0.36
115,Mansfield Lahm Air National Guard Base,,40.81361111111111,-82.51666666666667,act,xlsx,,2026-03-06,80,65.5,47.9,56.9,64.2,45.7,54.7,2026-03-06T06:55,2026-03-06T18:26,41448.67,26896.25,3.75,4.7,1.8,1.4,0.4,0.0,4.0,63,23,13,25.0,59.0,195,7.95,1.27
115,Mansfield Lahm Air National Guard Base,,40.81361111111111,-82.51666666666667,act,xlsx,,2026-03-07,53,66.5,46.2,61.2,61.5,37.2,55.3,2026-03-07T06:54,2026-03-07T18:27,41611.17,31580.02,3.2,5.05,1.5,0.7,0.8,0.0,7.0,73,47,13,35.4,68.8,229,9.36,2.07
115,Mansfield Lahm Air National Guard Base,,40.81361111111111,-82.51666666666667,act,xlsx,,2026-03-08,3,56.2,37.3,46.6,48.3,32.0,39.4,2026-03-08T06:52,2026-03-08T18:28,41774.38,38575.79,4.35,4.8,0.0,0.0,0.0,0.0,0.0,28,8,6,20.9,51.1,237,16.24,2.49
115,Mansfield Lahm Air National Guard Base,,40.81361111111111,-82.51666666666667,act,xlsx,,2026-03-09,3,60.5,47.3,53.6,55.2,41.8,48.6,2026-03-09T06:51,2026-03-09T18:30,41938.19,35735.2,2.1,4.35,0.0,0.0,0.0,0.0,0.0,16,11,6,31.7,66.2,219,7.2,1.17
116,March Joint Air Reserve Base,,33.88055555555555,-117.25944444444444,act,xlsx,,2026-03-03,3,76.8,42.9,58.6,73.6,39.1,55.5,2026-03-03T06:14,2026-03-03T17:47,41550.82,36256.96,6.35,6.35,0.0,0.0,0.0,0.0,0.0,0,0,0,16.5,25.9,311,20.59,3.95
116,March Joint Air Reserve Base,,33.88055555555555,-117.25944444444444,act,xlsx,,2026-03-04,3,73.5,46.6,58.2,71.7,43.5,55.8,2026-03-04T06:13,2026-03-04T17:47,41674.88,33720.65,6.3,6.35,0.0,0.0,0.0,0.0,0.0,1,0,0,20.9,30.6,303,20.23,3.7
116,March Joint Air Reserve Base,,33.88055555555555,-117.25944444444444,act,xlsx,,2026-03-05,45,69.0,50.1,59.8,55.9,48.1,52.3,2026-03-05T06:12,2026-03-05T17:48,41799.77,38829.59,6.25,6.25,0.0,0.0,0.0,0.0,0.0,1,0,0,40.1,42.8,349,21.73,5.1
116,March Joint Air Reserve Base,,33.88055555555555,-117.25944444444444,act,xlsx,,2026-03-06,51,69.1,50.6,59.2,65.9,44.5,52.3,2026-03-06T06:10,2026-03-06T17:49,41925.4,35921.32,6.1,6.1,0.1,0.0,0.1,0.0,1.0,1,0,0,27.0,29.5,78,19.8,4.51
116,March Joint Air Reserve Base,,33.88055555555555,-117.25944444444444,act,xlsx,,2026-03-07,3,68.5,53.9,60.3,61.4,44.7,52.3,2026-03-07T06:09,2026-03-07T17:50,42051.7,37219.86,4.45,6.05,0.0,0.0,0.0,0.0,0.0,6,2,0,16.6,34.2,25,12.48,4.02
116,March Joint Air Reserve Base,,33.88055555555555,-117.25944444444444,act,xlsx,,2026-03-08,3,73.0,53.6,61.4,64.6,48.4,55.6,2026-03-08T06:08,2026-03-08T17:51,42178.55,37250.95,4.3,5.9,0.0,0.0,0.0,0.0,0.0,6,5,4,32.3,29.9,109,14.67,3.98
116,March Joint Air Reserve Base,,33.88055555555555,-117.25944444444444,act,xlsx,,2026-03-09,3,69.5,52.6,59.1,68.5,50.8,56.0,2026-03-09T06:06,2026-03-09T17:51,42305.89,36984.73,5.85,5.85,0.0,0.0,0.0,0.0,0.0,6,5,4,25.8,17.3,257,18.26,3.46
117,McEntire Joint National Guard Base,,33.920833333333334,-80.80111111111111,act,xlsx,,2026-03-03,3,62.9,48.1,53.9,61.3,43.4,50.6,2026-03-03T06:48,2026-03-03T18:21,41532.3,22424.64,5.5,5.95,0.0,0.0,0.0,0.0,0.0,1,1,0,11.6,29.2,48,12.23,2.08
117,McEntire Joint National Guard Base,,33.920833333333334,-80.80111111111111,act,xlsx,,2026-03-04,45,73.4,47.9,59.4,74.2,45.0,58.9,2026-03-04T06:47,2026-03-04T18:21,41656.43,25975.35,6.15,6.15,0.0,0.0,0.0,0.0,0.0,2,1,0,13.0,16.6,196,16.88,2.93
117,McEntire Joint National Guard Base,,33.920833333333334,-80.80111111111111,act,xlsx,,2026-03-05,45,79.4,53.4,66.3,79.3,51.9,66.1,2026-03-05T06:46,2026-03-05T18:22,41781.42,38859.36,6.25,6.25,0.0,0.0,0.0,0.0,0.0,2,1,0,14.0,36.7,184,19.61,3.9
117,McEntire Joint National Guard Base,,33.920833333333334,-80.80111111111111,act,xlsx,,2026-03-06,53,80.5,62.0,70.9,82.6,64.4,72.5,2026-03-06T06:45,2026-03-06T18:23,41907.16,38988.15,5.95,6.35,0.6,0.0,0.6,0.0,1.0,16,8,1,13.7,36.7,187,17.14,3.65
117,McEntire Joint National Guard Base,,33.920833333333334,-80.80111111111111,act,xlsx,,2026-03-07,3,81.3,61.5,70.8,81.9,63.3,71.5,2026-03-07T06:43,2026-03-07T18:24,42033.57,39081.79,6.45,6.45,0.0,0.0,0.0,0.0,0.0,24,13,4,18.4,38.2,187,20.0,4.26
117,McEntire Joint National Guard Base,,33.920833333333334,-80.80111111111111,act,xlsx,,2026-03-08,51,81.3,62.2,71.1,82.6,62.1,71.5,2026-03-08T06:42,2026-03-08T18:25,42160.56,39161.5,5.8,6.05,0.9,0.0,0.9,0.0,3.0,42,22,10,16.3,39.2,210,17.29,3.91
117,McEntire Joint National Guard Base,,33.920833333333334,-80.80111111111111,act,xlsx,,2026-03-09,51,82.5,61.5,70.5,82.3,62.5,71.2,2026-03-09T06:41,2026-03-09T18:26,42288.04,39307.44,5.8,6.05,1.8,0.0,1.8,0.0,9.0,40,27,18,18.5,40.3,234,18.76,4.01
118,McGhee Tyson Air National Guard Base,,35.81083333333333,-83.99388888888889,act,xlsx,,2026-03-03,3,72.4,45.2,58.2,65.8,42.6,53.9,2026-03-03T07:02,2026-03-03T18:32,41387.01,34243.36,5.2,5.55,0.0,0.0,0.0,0.0,0.0,14,2,0,29.4,40.7,229,17.71,3.61
118,McGhee Tyson Air National Guard Base,,35.81083333333333,-83.99388888888889,act,xlsx,,2026-03-04,3,75.0,48.2,61.1,72.4,46.2,58.3,2026-03-04T07:01,2026-03-04T18:33,41520.21,25200.0,4.75,5.65,0.0,0.0,0.0,0.0,0.0,3,2,0,21.9,34.9,230,15.95,3.33
118,McGhee Tyson Air National Guard Base,,35.81083333333333,-83.99388888888889,act,xlsx,,2026-03-05,3,75.2,52.4,62.8,72.8,50.7,61.6,2026-03-05T07:00,2026-03-05T18:34,41654.32,35930.4,5.2,5.7,0.0,0.0,0.0,0.0,0.0,5,2,0,22.5,37.8,227,14.57,2.92
118,McGhee Tyson Air National Guard Base,,35.81083333333333,-83.99388888888889,act,xlsx,,2026-03-06,51,79.5,55.0,65.1,78.5,54.5,66.0,2026-03-06T06:58,2026-03-06T18:35,41789.25,37939.69,5.85,5.85,0.2,0.0,0.2,0.0,2.0,17,8,2,19.5,26.6,215,16.69,3.2
118,McGhee Tyson Air National Guard Base,,35.81083333333333,-83.99388888888889,act,xlsx,,2026-03-07,80,76.6,58.4,66.4,75.8,60.1,66.7,2026-03-07T06:57,2026-03-07T18:36,41924.88,38258.98,5.9,5.95,7.4,2.9,4.5,0.0,9.0,68,34,10,26.5,38.9,219,18.31,3.41
118,McGhee Tyson Air National Guard Base,,35.81083333333333,-83.99388888888889,act,xlsx,,2026-03-08,51,73.5,55.3,63.4,75.0,55.8,64.3,2026-03-08T06:56,2026-03-08T18:37,42061.12,38147.41,5.15,5.55,0.3,0.0,0.3,0.0,3.0,60,46,38,13.0,24.8,233,16.73,2.92
118,McGhee Tyson Air National Guard Base,,35.81083333333333,-83.99388888888889,act,xlsx,,2026-03-09,51,74.6,57.7,64.3,73.0,57.2,63.6,2026-03-09T06:54,2026-03-09T18:38,42197.88,37698.53,4.8,5.45,0.6,0.0,0.6,0.0,6.0,48,44,27,24.3,44.6,229,14.75,2.65
119,McLaughlin Air National Guard Base,,38.37305555555555,-81.59305555555555,act,xlsx,,2026-03-03,63,62.2,43.0,51.4,59.1,38.4,48.5,2026-03-03T06:55,2026-03-03T18:21,41178.81,9526.54,3.55,5.05,5.6,5.6,0.0,0.0,5.0,98,28,2,14.8,37.4,176,8.05,1.28
119,McLaughlin Air National Guard Base,,38.37305555555555,-81.59305555555555,act,xlsx,,2026-03-04,63,56.0,50.0,53.7,55.9,46.3,52.3,2026-03-04T06:53,2026-03-04T18:22,41325.08,0.0,0.7,4.75,13.2,13.2,0.0,0.0,11.0,71,46,11,11.9,30.2,181,3.32,0.58
119,McLaughlin Air National Guard Base,,38.37305555555555,-81.59305555555555,act,xlsx,,2026-03-05,55,72.6,51.7,60.6,71.3,49.8,59.4,2026-03-05T06:52,2026-03-05T18:23,41472.34,33878.34,5.0,5.3,4.6,0.0,4.6,0.0,9.0,48,38,28,19.6,45.4,211,12.59,2.37
119,McLaughlin Air National Guard Base,,38.37305555555555,-81.59305555555555,act,xlsx,,2026-03-06,3,77.4,56.2,65.2,77.8,56.2,65.9,2026-03-06T06:50,2026-03-06T18:24,41620.47,38526.65,5.45,5.45,0.0,0.0,0.0,0.0,0.0,41,20,5,14.2,28.1,197,16.45,3.08
119,McLaughlin Air National Guard Base,,38.37305555555555,-81.59305555555555,act,xlsx,,2026-03-07,81,77.1,58.9,66.3,76.7,58.0,65.7,2026-03-07T06:49,2026-03-07T18:25,41769.38,38679.15,5.55,5.6,13.4,5.2,8.2,0.0,12.0,87,46,5,21.4,51.8,216,16.19,3.21
119,McLaughlin Air National Guard Base,,38.37305555555555,-81.59305555555555,act,xlsx,,2026-03-08,53,64.4,48.8,58.1,63.6,47.4,57.0,2026-03-08T06:47,2026-03-08T18:26,41918.94,38933.5,4.45,5.15,2.6,1.9,0.7,0.0,7.0,68,37,28,13.2,37.1,254,15.01,2.29
119,McLaughlin Air National Guard Base,,38.37305555555555,-81.59305555555555,act,xlsx,,2026-03-09,53,68.5,57.2,62.7,67.3,57.8,62.3,2026-03-09T06:46,2026-03-09T18:27,42069.06,25608.81,3.1,4.8,2.2,1.4,0.8,0.0,8.0,35,31,21,17.8,48.2,226,7.82,1.52
120,Memphis Air National Guard Base,,35.0425,-89.97666666666667,act,xlsx,,2026-03-03,3,76.3,53.1,64.2,73.1,51.2,62.0,2026-03-03T06:26,2026-03-03T17:57,41452.64,37807.44,5.2,5.7,0.0,0.0,0.0,0.0,0.0,1,0,0,23.7,43.2,184,17.65,3.36
120,Memphis Air National Guard Base,,35.0425,-89.97666666666667,act,xlsx,,2026-03-04,51,80.0,63.2,69.2,78.0,60.9,68.3,2026-03-04T06:24,2026-03-04T17:58,41582.11,18611.58,2.25,5.6,0.4,0.4,0.0,0.0,1.0,21,5,1,21.5,44.6,195,12.2,3.05
120,Memphis Air National Guard Base,,35.0425,-89.97666666666667,act,xlsx,,2026-03-05,51,79.9,63.8,71.0,78.0,62.7,70.0,2026-03-05T06:23,2026-03-05T17:58,41712.47,37787.34,5.6,5.8,0.22,0.0,0.22,0.0,3.0,22,15,5,24.7,55.3,191,17.43,3.99
120,Memphis Air National Guard Base,,35.0425,-89.97666666666667,act,xlsx,,2026-03-06,51,82.8,64.3,72.5,80.6,63.7,71.7,2026-03-06T06:22,2026-03-06T17:59,41843.61,37795.89,5.75,5.9,0.6,0.0,0.6,0.0,3.0,22,9,1,23.9,57.2,178,17.77,4.41
120,Memphis Air National Guard Base,,35.0425,-89.97666666666667,act,xlsx,,2026-03-07,81,73.2,65.9,68.9,75.9,66.9,70.8,2026-03-07T06:21,2026-03-07T18:00,41975.44,16966.64,2.75,5.95,12.7,1.4,11.3,0.0,12.0,77,57,22,19.8,57.2,204,5.34,1.38
120,Memphis Air National Guard Base,,35.0425,-89.97666666666667,act,xlsx,,2026-03-08,53,68.3,63.3,65.3,70.6,65.9,68.0,2026-03-08T06:19,2026-03-08T18:01,42107.86,11239.85,2.45,5.25,3.0,1.5,1.5,0.0,6.0,50,43,36,10.5,32.0,242,4.13,0.89
120,Memphis Air National Guard Base,,35.0425,-89.97666666666667,act,xlsx,,2026-03-09,51,76.4,63.4,68.5,75.7,64.8,69.1,2026-03-09T06:18,2026-03-09T18:02,42240.79,32507.36,4.8,5.45,1.2,0.0,1.2,0.0,9.0,36,33,29,22.0,53.3,206,12.13,2.42
121,Minneapolis-Saint Paul Joint Air Reserve Station,,44.88166666666667,-93.23361111111112,act,xlsx,,2026-03-03,3,48.4,35.0,40.8,44.4,28.5,35.7,2026-03-03T06:46,2026-03-03T18:02,40584.99,26399.27,4.2,4.2,0.0,0.0,0.0,0.0,0.0,3,0,0,10.9,25.6,192,11.31,1.26
121,Minneapolis-Saint Paul Joint Air Reserve Station,,44.88166666666667,-93.23361111111112,act,xlsx,,2026-03-04,3,51.2,37.2,43.1,45.2,31.9,37.8,2026-03-04T06:44,2026-03-04T18:04,40769.47,7907.76,4.3,4.3,0.0,0.0,0.0,0.0,0.0,1,0,0,18.4,34.9,199,9.82,1.15
121,Minneapolis-Saint Paul Joint Air Reserve Station,,44.88166666666667,-93.23361111111112,act,xlsx,,2026-03-05,3,52.7,35.1,43.3,47.4,30.2,38.0,2026-03-05T06:43,2026-03-05T18:05,40955.12,37352.39,3.4,4.35,0.0,0.0,0.0,0.0,0.0,6,4,1,16.8,43.2,113,12.18,1.55
121,Minneapolis-Saint Paul Joint Air Reserve Station,,44.88166666666667,-93.23361111111112,act,xlsx,,2026-03-06,55,61.4,42.1,46.8,55.7,35.4,41.2,2026-03-06T06:41,2026-03-06T18:06,41141.84,0.0,0.65,4.25,3.5,2.6,0.9,0.0,9.0,73,57,6,26.8,62.6,128,1.07,0.33
121,Minneapolis-Saint Paul Joint Air Reserve Station,,44.88166666666667,-93.23361111111112,act,xlsx,,2026-03-07,51,61.2,30.9,41.2,54.2,18.9,31.1,2026-03-07T06:39,2026-03-07T18:08,41329.48,35840.35,4.5,4.5,0.1,0.1,0.0,0.0,1.0,56,15,1,34.7,63.7,259,15.32,2.25
121,Minneapolis-Saint Paul Joint Air Reserve Station,,44.88166666666667,-93.23361111111112,act,xlsx,,2026-03-08,3,53.8,42.2,47.0,46.1,32.5,38.6,2026-03-08T06:37,2026-03-08T18:09,41517.92,38104.26,2.65,4.2,0.0,0.0,0.0,0.0,0.0,9,6,1,25.6,73.4,234,9.1,2.56
121,Minneapolis-Saint Paul Joint Air Reserve Station,,44.88166666666667,-93.23361111111112,act,xlsx,,2026-03-09,3,61.9,37.7,48.3,53.5,32.2,40.8,2026-03-09T06:35,2026-03-09T18:10,41707.01,38401.18,3.3,4.25,0.0,0.0,0.0,0.0,0.0,10,7,6,27.2,60.1,259,11.7,2.72
122,Moffett Federal Airfield,,37.415,-122.04833333333332,act,xlsx,,2026-03-03,3,61.0,51.0,55.3,62.0,48.0,54.0,2026-03-03T06:36,2026-03-03T18:03,41274.74,27520.56,5.7,5.7,0.0,0.0,0.0,0.0,0.0,0,0,0,20.4,27.4,342,15.17,2.03
122,Moffett Federal Airfield,,37.415,-122.04833333333332,act,xlsx,,2026-03-04,3,62.2,49.0,54.4,56.7,42.7,49.6,2026-03-04T06:34,2026-03-04T18:04,41416.21,32522.97,5.65,5.65,0.0,0.0,0.0,0.0,0.0,2,0,0,27.4,45.4,319,17.9,2.72
122,Moffett Federal Airfield,,37.415,-122.04833333333332,act,xlsx,,2026-03-05,0,65.5,47.2,54.4,58.8,41.9,49.8,2026-03-05T06:33,2026-03-05T18:05,41558.63,38427.52,5.65,5.65,0.0,0.0,0.0,0.0,0.0,0,0,0,20.6,30.2,312,19.63,3.26
122,Moffett Federal Airfield,,37.415,-122.04833333333332,act,xlsx,,2026-03-06,3,66.8,47.6,56.5,58.5,42.8,50.6,2026-03-06T06:31,2026-03-06T18:06,41701.88,38493.6,5.5,5.55,0.0,0.0,0.0,0.0,0.0,0,0,0,22.3,51.8,347,19.19,3.88
122,Moffett Federal Airfield,,37.415,-122.04833333333332,act,xlsx,,2026-03-07,0,69.0,47.2,58.0,63.4,42.0,52.8,2026-03-07T06:30,2026-03-07T18:07,41845.87,38552.36,5.7,5.7,0.0,0.0,0.0,0.0,0.0,0,0,0,14.2,45.4,19,20.31,3.85
122,Moffett Federal Airfield,,37.415,-122.04833333333332,act,xlsx,,2026-03-08,2,75.6,49.3,61.1,71.7,46.0,57.5,2026-03-08T06:28,2026-03-08T18:08,41990.49,38641.95,5.5,5.5,0.0,0.0,0.0,0.0,0.0,0,0,0,8.9,14.8,326,20.14,3.73
122,Moffett Federal Airfield,,37.415,-122.04833333333332,act,xlsx,,2026-03-09,3,70.4,52.4,60.9,68.1,48.7,57.8,2026-03-09T06:27,2026-03-09T18:09,42135.64,38702.56,5.55,5.55,0.0,0.0,0.0,0.0,0.0,0,0,0,16.4,21.6,177,19.59,3.57
123,Montgomery Air National Guard Base,,32.30444444444444,-86.40027777777779,act,xlsx,,2026-03-03,45,73.7,54.1,63.8,72.8,51.6,62.1,2026-03-03T06:10,2026-03-03T17:44,41657.56,15975.69,6.25,6.25,0.0,0.0,0.0,0.0,0.0,1,0,0,20.2,34.9,119,12.72,2.64
123,Montgomery Air National Guard Base,,32.30444444444444,-86.40027777777779,act,xlsx,,2026-03-04,3,80.7,54.0,67.1,80.2,53.0,66.6,2026-03-04T06:09,2026-03-04T17:45,41774.25,37601.51,6.4,6.4,0.0,0.0,0.0,0.0,0.0,1,0,0,15.5,25.2,152,18.14,3.79
123,Montgomery Air National Guard Base,,32.30444444444444,-86.40027777777779,act,xlsx,,2026-03-05,3,82.7,60.5,69.7,82.6,61.6,70.4,2026-03-05T06:07,2026-03-05T17:46,41891.72,30517.39,6.5,6.5,0.0,0.0,0.0,0.0,0.0,16,6,0,21.0,32.4,178,15.04,3.51
123,Montgomery Air National Guard Base,,32.30444444444444,-86.40027777777779,act,xlsx,,2026-03-06,53,82.6,62.9,70.9,83.9,64.2,72.4,2026-03-06T06:06,2026-03-06T17:46,42009.92,31049.0,6.5,6.55,1.8,0.0,1.8,0.0,5.0,37,14,1,19.7,36.4,165,16.97,3.66
123,Montgomery Air National Guard Base,,32.30444444444444,-86.40027777777779,act,xlsx,,2026-03-07,81,84.5,63.2,72.2,86.4,64.7,73.8,2026-03-07T06:05,2026-03-07T17:47,42128.74,34113.99,6.65,6.65,4.8,0.0,4.8,0.0,5.0,34,18,2,15.8,32.4,177,18.84,4.13
123,Montgomery Air National Guard Base,,32.30444444444444,-86.40027777777779,act,xlsx,,2026-03-08,53,84.0,62.2,72.1,84.5,63.8,73.2,2026-03-08T06:04,2026-03-08T17:48,42248.1,39387.13,6.25,6.25,0.6,0.0,0.6,0.0,1.0,39,26,14,14.7,37.1,197,20.67,4.41
123,Montgomery Air National Guard Base,,32.30444444444444,-86.40027777777779,act,xlsx,,2026-03-09,51,78.8,64.2,68.6,80.4,65.2,70.5,2026-03-09T06:03,2026-03-09T17:49,42367.93,27251.0,4.2,6.2,0.3,0.0,0.3,0.0,3.0,36,27,13,15.5,35.3,236,9.46,2.07
124,Morris Air National Guard Base,,32.11527777777778,-110.93055555555556,act,xlsx,,2026-03-03,0,84.1,56.0,69.2,77.2,48.2,61.5,2026-03-03T06:48,2026-03-03T18:22,41675.86,38807.53,6.85,6.85,0.0,0.0,0.0,0.0,0.0,0,0,0,25.2,37.1,245,21.89,6.33
124,Morris Air National Guard Base,,32.11527777777778,-110.93055555555556,act,xlsx,,2026-03-04,3,82.2,51.9,66.2,78.9,43.7,58.9,2026-03-04T06:47,2026-03-04T18:23,41791.73,35326.5,6.45,6.9,0.0,0.0,0.0,0.0,0.0,0,0,0,18.6,25.2,191,21.87,5.75
124,Morris Air National Guard Base,,32.11527777777778,-110.93055555555556,act,xlsx,,2026-03-05,3,77.6,54.1,65.9,67.4,46.2,55.8,2026-03-05T06:45,2026-03-05T18:24,41908.4,38990.2,6.9,6.9,0.0,0.0,0.0,0.0,0.0,0,0,0,37.6,43.6,257,22.2,7.33
124,Morris Air National Guard Base,,32.11527777777778,-110.93055555555556,act,xlsx,,2026-03-06,0,67.1,53.4,60.0,59.4,45.7,51.9,2026-03-06T06:44,2026-03-06T18:25,42025.77,39064.1,6.8,6.8,0.0,0.0,0.0,0.0,0.0,0,0,0,20.5,35.3,320,23.1,5.32
124,Morris Air National Guard Base,,32.11527777777778,-110.93055555555556,act,xlsx,,2026-03-07,3,76.9,55.8,65.9,67.9,46.8,56.9,2026-03-07T06:43,2026-03-07T18:25,42143.77,39138.87,6.8,6.8,0.0,0.0,0.0,0.0,0.0,14,7,0,30.2,42.5,152,22.09,6.69
124,Morris Air National Guard Base,,32.11527777777778,-110.93055555555556,act,xlsx,,2026-03-08,3,84.4,62.3,72.3,75.9,54.8,64.5,2026-03-08T06:42,2026-03-08T18:26,42262.29,39478.72,6.55,6.65,0.0,0.0,0.0,0.0,0.0,18,12,6,30.9,42.1,140,21.06,7.05
124,Morris Air National Guard Base,,32.11527777777778,-110.93055555555556,act,xlsx,,2026-03-09,3,80.4,60.1,69.0,75.5,56.2,63.0,2026-03-09T06:41,2026-03-09T18:27,42381.27,39659.54,6.7,6.75,0.0,0.0,0.0,0.0,0.0,30,22,17,37.7,40.7,229,21.05,6.14
125,New Castle Air National Guard Base,,39.68527777777778,-75.59916666666666,act,xlsx,,2026-03-03,71,40.0,31.8,35.7,35.9,25.1,30.5,2026-03-03T06:32,2026-03-03T17:56,41066.17,0.0,0.65,4.75,7.6,7.5,0.0,0.07,15.0,72,31,0,10.5,27.4,75,1.19,0.29
125,New Castle Air National Guard Base,,39.68527777777778,-75.59916666666666,act,xlsx,,2026-03-04,61,52.9,41.1,46.8,50.5,36.0,43.8,2026-03-04T06:30,2026-03-04T17:57,41219.54,2352.21,3.55,5.05,6.57,6.57,0.0,0.0,6.0,48,25,6,11.7,29.2,141,6.89,0.94
125,New Castle Air National Guard Base,,39.68527777777778,-75.59916666666666,act,xlsx,,2026-03-05,80,68.8,39.3,53.6,69.0,36.0,52.4,2026-03-05T06:29,2026-03-05T17:58,41373.93,34719.4,5.1,5.15,2.82,0.42,2.4,0.0,8.0,72,50,33,12.5,41.8,213,13.72,2.11
125,New Castle Air National Guard Base,,39.68527777777778,-75.59916666666666,act,xlsx,,2026-03-06,53,71.7,42.5,56.5,72.1,35.9,54.4,2026-03-06T06:27,2026-03-06T17:59,41529.25,27443.17,5.15,5.25,0.7,0.4,0.3,0.0,3.0,57,25,5,20.9,37.8,96,13.11,2.35
125,New Castle Air National Guard Base,,39.68527777777778,-75.59916666666666,act,xlsx,,2026-03-07,80,63.0,42.1,50.1,61.7,35.9,47.2,2026-03-07T06:26,2026-03-07T18:00,41685.36,16856.59,2.45,5.3,4.0,0.0,4.0,0.0,6.0,50,18,4,17.8,64.8,134,5.48,0.87
125,New Castle Air National Guard Base,,39.68527777777778,-75.59916666666666,act,xlsx,,2026-03-08,53,62.2,51.7,57.0,60.6,47.3,52.9,2026-03-08T06:24,2026-03-08T18:01,41842.16,38149.29,4.95,5.2,1.7,0.3,1.4,0.0,5.0,50,21,11,18.1,59.0,279,16.62,2.75
125,New Castle Air National Guard Base,,39.68527777777778,-75.59916666666666,act,xlsx,,2026-03-09,51,68.7,50.5,58.4,67.9,47.8,57.5,2026-03-09T06:22,2026-03-09T18:02,41999.54,38139.56,3.9,4.85,0.3,0.3,0.0,0.0,3.0,22,18,14,15.8,43.9,223,11.74,1.9
126,New London Air National Guard Base,,35.41833333333333,-10.335555555555556,act,xlsx,,2026-03-03,80,59.2,55.0,57.0,56.4,48.4,52.0,2026-03-03T06:08,2026-03-03T17:38,41394.23,16742.93,3.95,5.55,4.9,0.5,4.3,0.0,17.0,78,34,0,30.8,45.0,58,11.32,1.89
126,New London Air National Guard Base,,35.41833333333333,-10.335555555555556,act,xlsx,,2026-03-04,80,61.3,59.5,60.5,59.3,52.5,54.8,2026-03-04T06:06,2026-03-04T17:38,41525.46,36000.0,5.7,5.7,0.4,0.0,0.4,0.0,2.0,50,15,0,37.5,57.2,359,16.24,2.68
126,New London Air National Guard Base,,35.41833333333333,-10.335555555555556,act,xlsx,,2026-03-05,80,60.5,56.8,59.1,55.8,43.8,49.5,2026-03-05T06:05,2026-03-05T17:39,41657.6,17158.77,3.35,5.9,1.5,0.7,0.9,0.0,3.0,35,11,0,53.6,77.0,338,8.22,2.51
126,New London Air National Guard Base,,35.41833333333333,-10.335555555555556,act,xlsx,,2026-03-06,3,57.5,55.3,56.3,46.6,43.8,45.1,2026-03-06T06:04,2026-03-06T17:40,41790.56,38275.89,4.25,5.8,0.0,0.0,0.0,0.0,0.0,8,4,0,41.5,58.0,349,17.98,3.63
126,New London Air National Guard Base,,35.41833333333333,-10.335555555555556,act,xlsx,,2026-03-07,3,58.4,54.9,56.3,50.5,44.7,47.6,2026-03-07T06:02,2026-03-07T17:41,41924.24,37943.57,3.75,5.85,0.9,0.0,0.9,0.0,9.0,16,11,8,35.4,47.9,339,13.53,2.79
126,New London Air National Guard Base,,35.41833333333333,-10.335555555555556,act,xlsx,,2026-03-08,2,59.2,58.1,58.8,57.8,50.6,54.6,2026-03-08T06:01,2026-03-08T17:42,42058.54,39103.63,5.6,5.6,0.0,0.0,0.0,0.0,0.0,15,4,0,24.8,34.6,5,18.7,3.29
126,New London Air National Guard Base,,35.41833333333333,-10.335555555555556,act,xlsx,,2026-03-09,61,58.5,55.6,57.4,58.1,44.6,51.3,2026-03-09T06:00,2026-03-09T17:43,42193.36,19698.66,5.65,5.65,3.0,2.1,0.9,0.0,6.0,21,17,4,37.7,54.0,262,10.16,2.22
127,Naval Air Station Joint Reserve Base New Orleans,,29.82527777777777,-90.035,act,xlsx,,2026-03-03,45,82.7,59.3,70.2,84.6,61.1,72.2,2026-03-03T06:23,2026-03-03T18:00,41834.13,37984.54,6.6,6.7,0.0,0.0,0.0,0.0,0.0,10,1,0,18.7,32.8,132,20.11,4.05
127,Naval Air Station Joint Reserve Base New Orleans,,29.82527777777777,-90.035,act,xlsx,,2026-03-04,3,79.9,65.2,71.7,80.5,67.3,73.4,2026-03-04T06:22,2026-03-04T18:01,41939.84,22477.31,6.8,6.8,0.0,0.0,0.0,0.0,0.0,7,2,0,19.3,37.4,146,12.01,2.9
127,Naval Air Station Joint Reserve Base New Orleans,,29.82527777777777,-90.035,act,xlsx,,2026-03-05,3,84.9,64.2,73.2,85.9,66.5,75.1,2026-03-05T06:21,2026-03-05T18:01,42046.29,38698.12,6.9,6.9,0.0,0.0,0.0,0.0,0.0,29,10,0,22.6,30.2,144,20.78,4.51
127,Naval Air Station Joint Reserve Base New Orleans,,29.82527777777777,-90.035,act,xlsx,,2026-03-06,80,84.2,67.6,74.7,85.2,71.1,77.1,2026-03-06T06:20,2026-03-06T18:02,42153.39,38828.49,6.9,6.95,9.6,0.0,9.6,0.0,9.0,46,19,3,26.0,37.8,150,20.85,4.45
127,Naval Air Station Joint Reserve Base New Orleans,,29.82527777777777,-90.035,act,xlsx,,2026-03-07,51,84.3,68.5,74.6,84.6,73.2,77.8,2026-03-07T06:18,2026-03-07T18:03,42261.07,38796.28,5.05,6.95,0.1,0.0,0.1,0.0,1.0,32,14,2,19.2,36.0,145,13.29,3.2
127,Naval Air Station Joint Reserve Base New Orleans,,29.82527777777777,-90.035,act,xlsx,,2026-03-08,3,83.2,66.1,73.4,83.9,70.4,76.3,2026-03-08T06:17,2026-03-08T18:03,42369.25,39581.2,5.1,6.55,0.0,0.0,0.0,0.0,0.0,29,14,5,15.6,18.4,156,16.28,3.59
127,Naval Air Station Joint Reserve Base New Orleans,,29.82527777777777,-90.035,act,xlsx,,2026-03-09,3,84.4,65.5,73.4,85.8,69.3,75.6,2026-03-09T06:16,2026-03-09T18:04,42477.84,39691.93,5.7,6.55,0.0,0.0,0.0,0.0,0.0,16,9,5,17.1,20.9,170,18.98,4.15
128,Niagara Falls Air Reserve Station,,43.11333333333334,-78.9475,act,xlsx,,2026-03-03,51,41.8,17.8,30.4,36.9,10.0,24.4,2026-03-03T06:48,2026-03-03T18:07,40752.36,13700.27,2.35,4.35,0.7,0.7,0.0,0.0,2.0,18,5,0,9.9,21.2,93,8.62,0.93
128,Niagara Falls Air Reserve Station,,43.11333333333334,-78.9475,act,xlsx,,2026-03-04,45,45.5,29.5,35.6,42.5,23.7,30.7,2026-03-04T06:46,2026-03-04T18:08,40925.62,21600.0,4.45,4.45,0.0,0.0,0.0,0.0,0.0,6,1,0,10.2,20.2,186,13.75,1.41
128,Niagara Falls Air Reserve Station,,43.11333333333334,-78.9475,act,xlsx,,2026-03-05,71,35.4,32.1,34.0,29.6,24.7,27.0,2026-03-05T06:44,2026-03-05T18:09,41100.02,0.0,0.5,4.1,15.38,15.18,0.0,0.14,14.0,71,40,6,20.7,37.8,57,0.76,0.18
128,Niagara Falls Air Reserve Station,,43.11333333333334,-78.9475,act,xlsx,,2026-03-06,53,46.8,31.5,36.9,42.4,24.6,30.7,2026-03-06T06:43,2026-03-06T18:11,41275.43,30212.74,3.1,4.45,1.5,1.4,0.1,0.0,4.0,71,28,7,15.2,43.6,64,7.73,0.8
128,Niagara Falls Air Reserve Station,,43.11333333333334,-78.9475,act,xlsx,,2026-03-07,53,66.7,44.7,56.3,60.0,34.1,49.2,2026-03-07T06:41,2026-03-07T18:12,41451.71,34324.33,4.7,4.8,3.5,0.1,3.4,0.0,11.0,70,53,30,41.3,77.0,226,12.62,2.09
128,Niagara Falls Air Reserve Station,,43.11333333333334,-78.9475,act,xlsx,,2026-03-08,3,46.9,34.7,41.6,35.3,27.8,31.9,2026-03-08T06:39,2026-03-08T18:13,41628.77,38564.41,4.25,4.25,0.0,0.0,0.0,0.0,0.0,30,7,3,29.8,64.4,232,17.15,2.31
128,Niagara Falls Air Reserve Station,,43.11333333333334,-78.9475,act,xlsx,,2026-03-09,3,55.8,40.9,47.7,49.5,31.9,39.7,2026-03-09T06:37,2026-03-09T18:14,41806.46,37791.17,2.8,4.35,0.0,0.0,0.0,0.0,0.0,15,9,5,29.7,67.3,217,9.0,1.58
129,North Highlands Air National Guard Station,,38.64,-121.4025,act,xlsx,,2026-03-03,45,68.5,44.6,55.3,66.5,42.0,53.6,2026-03-03T06:34,2026-03-03T18:00,41173.42,34489.17,5.5,5.5,0.0,0.0,0.0,0.0,0.0,0,0,0,8.4,20.2,237,18.3,2.88
129,North Highlands Air National Guard Station,,38.64,-121.4025,act,xlsx,,2026-03-04,3,66.3,48.3,55.9,63.4,42.1,51.6,2026-03-04T06:32,2026-03-04T18:01,41321.32,32400.0,5.4,5.4,0.0,0.0,0.0,0.0,0.0,12,4,0,20.7,35.6,17,17.58,3.14
129,North Highlands Air National Guard Station,,38.64,-121.4025,act,xlsx,,2026-03-05,0,63.7,43.7,52.3,56.5,37.1,46.1,2026-03-05T06:31,2026-03-05T18:02,41470.2,38226.32,5.4,5.4,0.0,0.0,0.0,0.0,0.0,0,0,0,22.9,38.9,329,19.15,3.29
129,North Highlands Air National Guard Station,,38.64,-121.4025,act,xlsx,,2026-03-06,3,64.7,42.9,52.8,57.0,34.8,45.2,2026-03-06T06:29,2026-03-06T18:03,41619.95,38289.2,5.35,5.35,0.0,0.0,0.0,0.0,0.0,0,0,0,30.6,45.0,341,19.31,3.73
129,North Highlands Air National Guard Station,,38.64,-121.4025,act,xlsx,,2026-03-07,3,68.1,44.0,55.2,61.1,35.8,48.3,2026-03-07T06:28,2026-03-07T18:04,41770.46,38381.93,5.5,5.5,0.0,0.0,0.0,0.0,0.0,0,0,0,22.3,41.0,347,19.67,4.07
129,North Highlands Air National Guard Station,,38.64,-121.4025,act,xlsx,,2026-03-08,2,70.7,45.7,57.5,68.7,39.4,53.4,2026-03-08T06:26,2026-03-08T18:05,41921.63,38446.69,5.3,5.3,0.0,0.0,0.0,0.0,0.0,0,0,0,12.1,28.1,335,19.3,3.55
129,North Highlands Air National Guard Station,,38.64,-121.4025,act,xlsx,,2026-03-09,1,70.6,51.0,59.3,70.3,46.4,55.9,2026-03-09T06:25,2026-03-09T18:06,42073.35,38508.16,5.35,5.35,0.0,0.0,0.0,0.0,0.0,0,0,0,21.1,35.3,231,18.98,3.47
130,North Smithfield Air National Guard Station,,41.97027777777778,-71.57555555555555,act,xlsx,,2026-03-03,73,31.4,13.1,24.4,25.1,6.1,17.7,2026-03-03T06:17,2026-03-03T17:38,40861.11,18692.16,2.85,4.95,10.6,8.8,0.0,1.26,8.0,96,33,0,10.1,23.4,158,11.25,0.86
130,North Smithfield Air National Guard Station,,41.97027777777778,-71.57555555555555,act,xlsx,,2026-03-04,57,49.2,30.0,38.4,46.5,25.0,33.5,2026-03-04T06:16,2026-03-04T17:39,41027.46,36981.22,4.95,4.95,2.48,2.48,0.0,0.0,5.0,73,10,0,10.7,28.4,262,17.43,1.8
130,North Smithfield Air National Guard Station,,41.97027777777778,-71.57555555555555,act,xlsx,,2026-03-05,63,34.9,32.1,33.3,30.6,26.1,27.9,2026-03-05T06:14,2026-03-05T17:40,41194.91,0.0,0.65,4.8,17.38,17.38,0.0,0.0,18.0,69,30,3,11.4,29.9,70,0.8,0.2
130,North Smithfield Air National Guard Station,,41.97027777777778,-71.57555555555555,act,xlsx,,2026-03-06,71,34.5,32.2,33.0,28.4,24.6,25.9,2026-03-06T06:12,2026-03-06T17:42,41363.34,0.0,1.0,4.95,7.8,7.7,0.0,0.07,7.0,83,46,6,17.5,41.8,34,1.73,0.23
130,North Smithfield Air National Guard Station,,41.97027777777778,-71.57555555555555,act,xlsx,,2026-03-07,53,47.9,32.1,37.9,42.3,26.0,32.4,2026-03-07T06:11,2026-03-07T17:43,41532.62,0.0,1.15,5.2,1.1,0.6,0.5,0.0,3.0,49,15,6,19.5,68.8,186,2.02,0.29
130,North Smithfield Air National Guard Station,,41.97027777777778,-71.57555555555555,act,xlsx,,2026-03-08,53,51.8,38.4,45.4,46.7,32.4,39.1,2026-03-08T06:09,2026-03-08T17:44,41702.63,37640.17,4.75,5.05,1.3,0.9,0.4,0.0,5.0,49,19,6,21.2,75.2,268,17.33,1.96
130,North Smithfield Air National Guard Station,,41.97027777777778,-71.57555555555555,act,xlsx,,2026-03-09,45,63.3,39.9,50.4,60.6,33.0,45.8,2026-03-09T06:07,2026-03-09T17:45,41873.27,38611.14,4.95,4.95,0.0,0.0,0.0,0.0,0.0,14,12,9,15.6,54.0,224,17.75,2.55
131,Otis Air National Guard Base,,41.65861111111111,-70.5213888888889,act,xlsx,,2026-03-03,73,36.6,7.3,24.5,30.7,-1.0,17.3,2026-03-03T06:13,2026-03-03T17:34,40890.15,21283.48,3.2,4.95,11.3,9.9,0.0,0.98,9.0,96,32,0,14.1,32.4,125,11.32,0.91
131,Otis Air National Guard Base,,41.65861111111111,-70.5213888888889,act,xlsx,,2026-03-04,63,45.2,28.0,37.9,42.2,22.8,32.1,2026-03-04T06:11,2026-03-04T17:35,41054.66,36000.0,4.9,4.9,10.73,10.73,0.0,0.0,7.0,84,17,0,21.4,39.2,246,17.43,1.73
131,Otis Air National Guard Base,,41.65861111111111,-70.5213888888889,act,xlsx,,2026-03-05,61,36.6,28.6,33.9,32.4,23.4,28.7,2026-03-05T06:10,2026-03-05T17:36,41220.26,2060.37,0.8,4.85,10.5,10.5,0.0,0.0,12.0,53,23,3,11.5,26.6,54,1.36,0.25
131,Otis Air National Guard Base,,41.65861111111111,-70.5213888888889,act,xlsx,,2026-03-06,61,38.3,35.7,37.1,32.5,27.9,29.9,2026-03-06T06:08,2026-03-06T17:38,41386.82,4757.59,1.6,5.0,8.4,8.4,0.0,0.0,9.0,75,44,6,20.3,39.2,35,3.18,0.38
131,Otis Air National Guard Base,,41.65861111111111,-70.5213888888889,act,xlsx,,2026-03-07,51,48.9,35.6,41.0,41.8,29.6,34.7,2026-03-07T06:06,2026-03-07T17:39,41554.23,4810.49,2.0,5.2,1.2,1.0,0.2,0.0,7.0,31,9,4,25.8,73.4,172,3.4,0.43
131,Otis Air National Guard Base,,41.65861111111111,-70.5213888888889,act,xlsx,,2026-03-08,51,53.2,39.7,46.5,47.3,33.6,40.0,2026-03-08T06:05,2026-03-08T17:40,41722.38,36832.02,4.85,5.1,1.1,0.6,0.5,0.0,5.0,37,19,6,28.3,90.0,248,15.25,2.07
131,Otis Air National Guard Base,,41.65861111111111,-70.5213888888889,act,xlsx,,2026-03-09,45,53.9,39.7,45.5,49.4,31.9,39.2,2026-03-09T06:03,2026-03-09T17:41,41891.13,37833.79,4.9,4.95,0.0,0.0,0.0,0.0,0.0,16,13,9,18.6,57.6,222,15.79,1.88
132,Pease Air National Guard Base,,43.07805555555556,-70.82333333333332,act,xlsx,,2026-03-03,73,38.4,8.7,24.7,28.3,0.6,16.8,2026-03-03T06:15,2026-03-03T17:34,40757.14,21283.86,4.35,4.65,10.4,4.1,0.0,4.41,8.0,93,27,0,18.0,31.3,206,13.3,1.31
132,Pease Air National Guard Base,,43.07805555555556,-70.82333333333332,act,xlsx,,2026-03-04,73,51.7,29.7,38.9,45.6,23.0,33.0,2026-03-04T06:13,2026-03-04T17:35,40930.1,37080.0,4.7,4.7,2.7,1.9,0.0,0.56,4.0,86,9,0,13.5,29.5,260,16.96,1.89
132,Pease Air National Guard Base,,43.07805555555556,-70.82333333333332,act,xlsx,,2026-03-05,71,36.9,31.9,33.8,29.0,26.1,27.8,2026-03-05T06:12,2026-03-05T17:37,41104.19,996.73,0.6,4.65,12.3,12.1,0.0,0.14,14.0,49,17,1,20.1,35.6,42,1.15,0.22
132,Pease Air National Guard Base,,43.07805555555556,-70.82333333333332,act,xlsx,,2026-03-06,73,35.2,31.5,33.1,27.8,21.0,23.5,2026-03-06T06:10,2026-03-06T17:38,41279.29,8606.04,2.35,4.85,15.4,9.3,0.0,4.27,17.0,75,46,9,27.2,52.9,46,3.88,0.36
132,Pease Air National Guard Base,,43.07805555555556,-70.82333333333332,act,xlsx,,2026-03-07,71,45.3,34.0,37.0,37.2,26.7,30.3,2026-03-07T06:08,2026-03-07T17:39,41455.27,0.0,0.55,5.05,7.7,7.4,0.1,0.14,16.0,46,20,9,25.9,71.3,175,0.88,0.18
132,Pease Air National Guard Base,,43.07805555555556,-70.82333333333332,act,xlsx,,2026-03-08,51,50.1,36.2,43.6,44.0,29.5,36.7,2026-03-08T06:07,2026-03-08T17:40,41632.02,37740.6,4.8,4.8,0.5,0.5,0.0,0.0,2.0,46,14,4,25.7,70.6,261,17.74,1.76
132,Pease Air National Guard Base,,43.07805555555556,-70.82333333333332,act,xlsx,,2026-03-09,3,57.4,37.3,46.4,53.3,30.1,41.1,2026-03-09T06:05,2026-03-09T17:42,41809.39,38493.42,4.7,4.85,0.0,0.0,0.0,0.0,0.0,8,7,5,15.6,46.4,226,17.39,2.23
133,Peoria Air National Guard Base,,40.660555555555554,-89.69555555555556,act,xlsx,,2026-03-03,53,44.7,38.0,41.5,41.7,32.5,37.3,2026-03-03T06:29,2026-03-03T17:52,40985.72,0.0,1.3,4.55,1.4,1.4,0.0,0.0,2.0,35,12,1,11.7,27.7,113,3.72,0.55
133,Peoria Air National Guard Base,,40.660555555555554,-89.69555555555556,act,xlsx,,2026-03-04,45,46.5,35.2,42.1,43.2,28.5,37.2,2026-03-04T06:27,2026-03-04T17:53,41144.64,0.0,0.95,4.7,0.0,0.0,0.0,0.0,0.0,71,22,3,17.5,39.2,79,1.65,0.34
133,Peoria Air National Guard Base,,40.660555555555554,-89.69555555555556,act,xlsx,,2026-03-05,63,60.5,45.4,52.5,58.3,42.1,49.3,2026-03-05T06:25,2026-03-05T17:54,41304.61,25570.07,3.5,4.85,6.45,6.45,0.0,0.0,4.0,81,43,12,16.9,31.0,255,8.61,1.33
133,Peoria Air National Guard Base,,40.660555555555554,-89.69555555555556,act,xlsx,,2026-03-06,80,75.4,50.0,63.5,70.2,46.2,59.4,2026-03-06T06:24,2026-03-06T17:55,41465.52,28621.47,4.95,5.2,7.9,0.1,7.8,0.0,6.0,74,53,12,32.8,66.2,182,11.56,2.87
133,Peoria Air National Guard Base,,40.660555555555554,-89.69555555555556,act,xlsx,,2026-03-07,55,65.8,43.2,55.5,61.1,37.3,47.4,2026-03-07T06:22,2026-03-07T17:56,41627.25,37802.68,5.0,5.25,2.9,0.0,2.9,0.0,7.0,80,31,1,38.1,68.8,255,16.71,3.05
133,Peoria Air National Guard Base,,40.660555555555554,-89.69555555555556,act,xlsx,,2026-03-08,3,64.3,38.9,51.1,54.2,31.8,43.6,2026-03-08T06:21,2026-03-08T17:57,41789.68,38588.66,4.6,4.6,0.0,0.0,0.0,0.0,0.0,4,2,1,28.6,41.0,216,18.71,3.45
133,Peoria Air National Guard Base,,40.660555555555554,-89.69555555555556,act,xlsx,,2026-03-09,3,73.8,48.2,60.4,66.7,44.1,55.5,2026-03-09T06:19,2026-03-09T17:58,41952.7,38755.45,4.6,4.75,0.0,0.0,0.0,0.0,0.0,15,7,3,32.2,51.1,216,17.46,3.54
134,Peterson Space Force Base,,38.82361111111111,-104.695,act,xlsx,,2026-03-03,71,52.5,36.8,43.2,44.1,27.3,34.2,2026-03-03T06:27,2026-03-03T17:53,41153.04,18220.07,5.75,5.95,9.15,9.05,0.0,0.07,8.0,32,9,0,31.3,46.4,358,12.93,2.24
134,Peterson Space Force Base,,38.82361111111111,-104.695,act,xlsx,,2026-03-04,51,54.6,32.4,41.3,48.2,25.7,35.6,2026-03-04T06:26,2026-03-04T17:54,41301.8,28853.4,6.0,6.0,0.85,0.85,0.0,0.0,2.0,15,1,0,12.8,16.2,173,18.4,2.71
134,Peterson Space Force Base,,38.82361111111111,-104.695,act,xlsx,,2026-03-05,3,60.5,37.9,49.3,50.6,30.2,40.6,2026-03-05T06:24,2026-03-05T17:55,41451.55,37975.59,6.1,6.15,0.0,0.0,0.0,0.0,0.0,7,2,0,28.0,33.5,200,18.75,3.99
134,Peterson Space Force Base,,38.82361111111111,-104.695,act,xlsx,,2026-03-06,85,49.8,30.5,41.2,39.6,18.3,29.6,2026-03-06T06:23,2026-03-06T17:56,41602.17,38173.79,5.75,6.15,1.9,0.7,0.1,0.77,2.0,59,42,23,32.7,42.8,334,15.78,3.29
134,Peterson Space Force Base,,38.82361111111111,-104.695,act,xlsx,,2026-03-07,0,49.0,28.2,37.4,36.2,16.3,27.3,2026-03-07T06:21,2026-03-07T17:57,41753.57,38329.31,6.05,6.05,0.0,0.0,0.0,0.0,0.0,14,4,0,30.1,32.4,170,20.5,2.9
134,Peterson Space Force Base,,38.82361111111111,-104.695,act,xlsx,,2026-03-08,1,61.3,36.8,48.8,54.3,28.4,41.1,2026-03-08T06:20,2026-03-08T17:58,41905.64,38793.64,5.85,5.85,0.0,0.0,0.0,0.0,0.0,1,0,0,13.0,13.3,313,20.9,3.93
134,Peterson Space Force Base,,38.82361111111111,-104.695,act,xlsx,,2026-03-09,2,69.1,44.8,56.5,65.2,35.6,48.3,2026-03-09T06:18,2026-03-09T17:59,42058.26,38949.57,5.85,5.9,0.0,0.0,0.0,0.0,0.0,2,2,1,15.4,22.7,299,20.23,4.68
135,Pittsburgh International Airport Air Reserve Station,,40.49444444444445,-50.336666666666666,act,xlsx,,2026-03-03,3,43.4,40.5,41.3,33.5,28.7,30.2,2026-03-03T06:51,2026-03-03T18:14,40981.41,31070.88,3.4,5.05,0.0,0.0,0.0,0.0,0.0,8,1,0,36.5,49.7,326,11.13,1.83
135,Pittsburgh International Airport Air Reserve Station,,40.49444444444445,-50.336666666666666,act,xlsx,,2026-03-04,61,60.4,40.8,50.1,47.7,35.0,39.7,2026-03-04T06:50,2026-03-04T18:16,41139.22,14248.73,4.7,5.05,0.3,0.1,0.2,0.0,2.0,28,4,0,52.3,76.3,199,8.95,2.14
135,Pittsburgh International Airport Air Reserve Station,,40.49444444444445,-50.336666666666666,act,xlsx,,2026-03-05,95,61.4,47.2,58.3,56.1,35.4,49.8,2026-03-05T06:48,2026-03-05T18:17,41298.09,3253.71,4.65,5.1,12.1,0.3,11.8,0.0,15.0,75,52,18,53.0,76.7,255,5.78,1.58
135,Pittsburgh International Airport Air Reserve Station,,40.49444444444445,-50.336666666666666,act,xlsx,,2026-03-06,3,45.8,37.8,40.9,33.5,25.0,28.6,2026-03-06T06:47,2026-03-06T18:18,41457.9,24300.88,4.2,5.2,0.0,0.0,0.0,0.0,0.0,13,6,3,41.2,56.9,5,10.8,1.43
135,Pittsburgh International Airport Air Reserve Station,,40.49444444444445,-50.336666666666666,act,xlsx,,2026-03-07,3,55.2,39.7,46.0,43.4,30.1,35.9,2026-03-07T06:45,2026-03-07T18:19,41618.54,20264.29,5.15,5.15,0.0,0.0,0.0,0.0,0.0,30,20,9,41.8,57.2,110,9.77,1.9
135,Pittsburgh International Airport Air Reserve Station,,40.49444444444445,-50.336666666666666,act,xlsx,,2026-03-08,61,62.7,56.0,61.0,55.8,44.1,51.6,2026-03-08T06:44,2026-03-08T18:20,41779.9,24588.79,4.9,5.15,0.9,0.0,0.9,0.0,6.0,30,18,14,53.7,75.2,199,10.56,2.25
135,Pittsburgh International Airport Air Reserve Station,,40.49444444444445,-50.336666666666666,act,xlsx,,2026-03-09,63,62.8,62.1,62.5,55.5,53.8,54.8,2026-03-09T06:42,2026-03-09T18:21,41941.86,23710.18,2.55,5.15,8.5,6.0,2.5,0.0,8.0,41,35,23,45.9,63.4,235,9.1,1.46
136,Portland Air National Guard Base,,45.58222222222223,-122.58972222222222,act,xlsx,,2026-03-03,53,56.7,43.1,50.0,53.7,40.3,47.6,2026-03-03T06:44,2026-03-03T17:59,40529.98,0.0,2.25,4.2,1.0,1.0,0.0,0.0,2.0,45,10,0,12.3,29.2,185,5.54,0.87
136,Portland Air National Guard Base,,45.58222222222223,-122.58972222222222,act,xlsx,,2026-03-04,63,51.3,44.1,48.2,47.0,39.5,43.5,2026-03-04T06:42,2026-03-04T18:01,40719.09,3600.0,1.25,4.05,11.5,11.5,0.0,0.0,6.0,87,56,28,18.5,45.0,241,7.21,0.99
136,Portland Air National Guard Base,,45.58222222222223,-122.58972222222222,act,xlsx,,2026-03-05,51,47.8,43.3,45.5,42.6,38.8,40.8,2026-03-05T06:40,2026-03-05T18:02,40909.4,14227.43,2.15,4.2,1.68,0.0,1.78,0.0,12.0,69,55,35,13.0,31.3,254,4.6,0.79
136,Portland Air National Guard Base,,45.58222222222223,-122.58972222222222,act,xlsx,,2026-03-06,51,53.9,43.5,47.9,50.6,40.3,45.1,2026-03-06T06:39,2026-03-06T18:04,41100.78,20618.87,3.15,4.3,0.3,0.3,0.0,0.0,3.0,59,47,27,6.1,26.3,178,6.53,1.04
136,Portland Air National Guard Base,,45.58222222222223,-122.58972222222222,act,xlsx,,2026-03-07,3,49.5,47.6,48.5,47.3,44.6,46.0,2026-03-07T06:37,2026-03-07T18:05,41293.09,0.0,0.55,4.45,0.0,0.0,0.0,0.0,0.0,27,23,14,7.0,14.8,136,1.04,0.38
136,Portland Air National Guard Base,,45.58222222222223,-122.58972222222222,act,xlsx,,2026-03-08,3,54.4,47.7,50.8,53.0,46.2,49.2,2026-03-08T06:35,2026-03-08T18:06,41486.19,13926.43,1.25,4.25,0.0,0.0,0.0,0.0,0.0,45,32,14,9.3,12.6,38,4.14,0.74
136,Portland Air National Guard Base,,45.58222222222223,-122.58972222222222,act,xlsx,,2026-03-09,3,53.2,40.7,46.6,48.0,35.5,41.1,2026-03-09T06:33,2026-03-09T18:08,41679.96,38212.79,4.15,4.35,0.0,0.0,0.0,0.0,0.0,55,43,29,16.3,32.0,340,15.25,2.18
137,Quonset Point Air National Guard Station,,41.59722222222222,-71.41222222222223,act,xlsx,,2026-03-03,73,34.6,14.5,26.6,30.1,6.4,20.1,2026-03-03T06:16,2026-03-03T17:38,40894.63,18133.27,3.8,5.0,11.6,10.3,0.0,0.91,9.0,95,34,0,13.6,21.2,133,9.88,0.83
137,Quonset Point Air National Guard Station,,41.59722222222222,-71.41222222222223,act,xlsx,,2026-03-04,61,49.8,32.9,40.3,47.9,27.6,36.0,2026-03-04T06:15,2026-03-04T17:39,41058.85,36432.08,4.95,4.95,4.62,4.62,0.0,0.0,6.0,68,12,0,10.2,24.5,201,16.83,1.78
137,Quonset Point Air National Guard Station,,41.59722222222222,-71.41222222222223,act,xlsx,,2026-03-05,63,36.2,33.8,35.2,32.1,28.8,30.4,2026-03-05T06:13,2026-03-05T17:40,41224.16,0.0,0.45,4.8,10.9,10.9,0.0,0.0,12.0,62,30,3,10.7,27.7,67,0.71,0.2
137,Quonset Point Air National Guard Station,,41.59722222222222,-71.41222222222223,act,xlsx,,2026-03-06,61,37.6,34.9,36.3,30.8,27.9,29.0,2026-03-06T06:12,2026-03-06T17:41,41390.44,5851.96,1.8,5.0,5.4,5.4,0.0,0.0,9.0,81,44,4,20.8,42.5,20,3.47,0.35
137,Quonset Point Air National Guard Station,,41.59722222222222,-71.41222222222223,act,xlsx,,2026-03-07,53,46.6,34.8,39.8,40.2,28.6,33.9,2026-03-07T06:10,2026-03-07T17:43,41557.57,495.2,1.5,5.15,2.2,1.4,0.8,0.0,9.0,37,12,4,20.9,70.6,175,2.51,0.32
137,Quonset Point Air National Guard Station,,41.59722222222222,-71.41222222222223,act,xlsx,,2026-03-08,53,52.4,40.1,47.6,46.7,34.5,42.0,2026-03-08T06:08,2026-03-08T17:44,41725.42,37035.48,4.75,5.1,1.4,0.7,0.7,0.0,5.0,37,19,7,23.8,77.0,264,15.79,1.96
137,Quonset Point Air National Guard Station,,41.59722222222222,-71.41222222222223,act,xlsx,,2026-03-09,45,57.6,40.4,47.4,54.0,34.3,42.3,2026-03-09T06:07,2026-03-09T17:45,41893.89,37351.68,4.95,4.95,0.0,0.0,0.0,0.0,0.0,17,13,9,16.2,45.0,208,16.76,2.08
138,Reno Air National Guard Base,,39.49916666666667,-119.76805555555556,act,xlsx,,2026-03-03,3,63.5,28.8,46.4,57.7,23.2,40.8,2026-03-03T06:28,2026-03-03T17:53,41101.13,37645.12,5.65,5.65,0.0,0.0,0.0,0.0,0.0,0,0,0,12.3,25.6,231,19.09,3.11
138,Reno Air National Guard Base,,39.49916666666667,-119.76805555555556,act,xlsx,,2026-03-04,3,56.2,34.4,43.9,49.3,27.4,36.4,2026-03-04T06:26,2026-03-04T17:54,41253.63,24226.13,5.6,5.6,0.0,0.0,0.0,0.0,0.0,8,3,0,27.2,43.6,287,13.86,2.51
138,Reno Air National Guard Base,,39.49916666666667,-119.76805555555556,act,xlsx,,2026-03-05,2,47.4,31.4,40.1,38.8,24.0,31.7,2026-03-05T06:25,2026-03-05T17:55,41407.13,37903.75,5.6,5.6,0.0,0.0,0.0,0.0,0.0,2,1,0,23.7,33.8,323,19.54,2.91
138,Reno Air National Guard Base,,39.49916666666667,-119.76805555555556,act,xlsx,,2026-03-06,3,44.8,34.2,39.3,34.3,27.2,30.3,2026-03-06T06:23,2026-03-06T17:56,41561.53,38036.2,5.5,5.5,0.0,0.0,0.0,0.0,0.0,1,0,0,29.0,43.2,11,19.61,2.82
138,Reno Air National Guard Base,,39.49916666666667,-119.76805555555556,act,xlsx,,2026-03-07,0,50.7,35.6,42.8,42.2,28.8,35.5,2026-03-07T06:22,2026-03-07T17:57,41716.71,38240.15,5.7,5.7,0.0,0.0,0.0,0.0,0.0,0,0,0,14.1,19.4,70,20.01,2.94
138,Reno Air National Guard Base,,39.49916666666667,-119.76805555555556,act,xlsx,,2026-03-08,3,58.4,40.7,49.0,51.3,34.1,42.7,2026-03-08T06:20,2026-03-08T17:58,41872.56,38399.4,5.4,5.55,0.0,0.0,0.0,0.0,0.0,0,0,0,10.1,13.7,133,19.21,3.04
138,Reno Air National Guard Base,,39.49916666666667,-119.76805555555556,act,xlsx,,2026-03-09,3,65.0,45.8,54.9,58.8,39.6,48.9,2026-03-09T06:19,2026-03-09T17:59,42028.97,38492.99,5.6,5.65,0.0,0.0,0.0,0.0,0.0,0,0,0,7.6,9.4,357,19.65,3.54
139,Rickenbacker Air National Guard Base,,39.81361111111111,-82.94666666666667,act,xlsx,,2026-03-03,63,50.8,33.7,42.9,48.1,27.3,39.4,2026-03-03T07:01,2026-03-03T18:25,41056.19,0.0,2.5,4.65,25.8,25.8,0.0,0.0,12.0,87,46,4,14.8,39.2,159,4.37,0.62
139,Rickenbacker Air National Guard Base,,39.81361111111111,-82.94666666666667,act,xlsx,,2026-03-04,61,49.6,42.7,46.0,47.0,37.0,42.3,2026-03-04T06:59,2026-03-04T18:26,41210.19,0.0,1.65,4.7,9.02,9.02,0.0,0.0,8.0,82,41,19,13.9,25.9,46,3.99,0.56
139,Rickenbacker Air National Guard Base,,39.81361111111111,-82.94666666666667,act,xlsx,,2026-03-05,53,64.6,48.5,57.4,60.6,46.3,54.5,2026-03-05T06:58,2026-03-05T18:27,41365.22,26626.8,2.7,4.8,5.75,0.6,5.15,0.0,16.0,82,77,59,28.7,55.4,218,6.88,1.25
139,Rickenbacker Air National Guard Base,,39.81361111111111,-82.94666666666667,act,xlsx,,2026-03-06,51,74.3,54.4,61.8,72.3,53.7,61.3,2026-03-06T06:56,2026-03-06T18:29,41521.16,21293.88,5.05,5.2,0.7,0.0,0.7,0.0,5.0,59,26,7,22.6,45.0,193,9.78,1.86
139,Rickenbacker Air National Guard Base,,39.81361111111111,-82.94666666666667,act,xlsx,,2026-03-07,53,70.3,53.0,63.9,66.0,45.9,60.2,2026-03-07T06:55,2026-03-07T18:30,41677.92,33530.19,3.65,5.25,2.7,0.3,2.4,0.0,9.0,78,47,7,33.4,63.7,226,9.44,2.15
139,Rickenbacker Air National Guard Base,,39.81361111111111,-82.94666666666667,act,xlsx,,2026-03-08,3,61.0,43.7,51.8,53.8,40.1,46.7,2026-03-08T06:53,2026-03-08T18:31,41835.36,38570.91,4.4,4.95,0.0,0.0,0.0,0.0,0.0,25,12,8,18.8,32.4,228,15.5,2.53
139,Rickenbacker Air National Guard Base,,39.81361111111111,-82.94666666666667,act,xlsx,,2026-03-09,51,66.0,54.0,60.0,62.5,51.7,57.1,2026-03-09T06:52,2026-03-09T18:32,41993.38,33401.48,2.65,4.55,0.6,0.0,0.6,0.0,6.0,16,14,8,31.4,56.9,224,8.21,1.54
140,Roland R. Wright Air National Guard Base,,40.78833333333333,-111.97777777777776,act,xlsx,,2026-03-03,53,49.8,37.6,42.8,46.4,33.2,38.9,2026-03-03T06:58,2026-03-03T18:21,40981.77,26265.86,4.2,5.3,2.9,2.9,0.0,0.0,7.0,43,10,0,11.5,12.2,310,13.63,1.67
140,Roland R. Wright Air National Guard Base,,40.78833333333333,-111.97777777777776,act,xlsx,,2026-03-04,45,59.0,33.8,44.9,55.6,29.2,40.3,2026-03-04T06:56,2026-03-04T18:22,41141.41,29063.02,5.45,5.45,0.0,0.0,0.0,0.0,0.0,16,3,0,20.4,48.6,189,17.87,2.49
140,Roland R. Wright Air National Guard Base,,40.78833333333333,-111.97777777777776,act,xlsx,,2026-03-05,85,43.0,35.8,39.2,36.3,26.7,30.9,2026-03-05T06:55,2026-03-05T18:23,41302.09,32694.41,2.75,5.25,5.55,2.7,1.5,0.94,14.0,55,49,37,23.5,41.0,306,8.06,1.44
140,Roland R. Wright Air National Guard Base,,40.78833333333333,-111.97777777777776,act,xlsx,,2026-03-06,86,37.0,28.4,33.2,31.4,21.0,26.0,2026-03-06T06:53,2026-03-06T18:24,41463.72,37190.04,5.0,6.2,15.5,5.4,0.5,6.72,16.0,28,19,2,24.9,26.3,252,14.1,1.21
140,Roland R. Wright Air National Guard Base,,40.78833333333333,-111.97777777777776,act,xlsx,,2026-03-07,1,42.6,27.6,34.4,38.5,21.4,28.9,2026-03-07T06:51,2026-03-07T18:25,41626.16,38419.7,5.65,5.85,0.0,0.0,0.0,0.0,0.0,0,0,0,8.0,6.8,103,18.59,2.03
140,Roland R. Wright Air National Guard Base,,40.78833333333333,-111.97777777777776,act,xlsx,,2026-03-08,2,52.7,34.3,42.8,48.6,26.7,36.4,2026-03-08T06:50,2026-03-08T18:26,41789.3,38589.74,5.5,5.5,0.0,0.0,0.0,0.0,0.0,2,1,0,11.1,9.4,103,19.09,2.77
140,Roland R. Wright Air National Guard Base,,40.78833333333333,-111.97777777777776,act,xlsx,,2026-03-09,2,64.2,40.8,51.4,61.1,31.9,44.9,2026-03-09T06:48,2026-03-09T18:28,41953.03,38757.26,5.5,5.5,0.0,0.0,0.0,0.0,0.0,8,3,0,16.1,18.4,133,19.09,3.59
141,Rosecrans Air National Guard Base,,39.77194444444444,-94.90944444444445,act,xlsx,,2026-03-03,51,46.1,37.9,41.5,42.5,32.4,37.0,2026-03-03T06:49,2026-03-03T18:13,41065.71,0.0,1.45,5.05,0.2,0.2,0.0,0.0,1.0,16,5,0,10.8,29.5,57,2.92,0.5
141,Rosecrans Air National Guard Base,,39.77194444444444,-94.90944444444445,act,xlsx,,2026-03-04,51,47.7,42.5,44.7,44.9,37.5,41.0,2026-03-04T06:47,2026-03-04T18:14,41219.56,0.0,2.9,5.15,0.4,0.4,0.0,0.0,1.0,42,11,1,15.6,32.0,31,4.12,0.61
141,Rosecrans Air National Guard Base,,39.77194444444444,-94.90944444444445,act,xlsx,,2026-03-05,51,65.6,43.5,54.9,59.9,39.7,50.9,2026-03-05T06:46,2026-03-05T18:15,41374.43,38212.3,4.8,5.45,0.8,0.4,0.4,0.0,2.0,42,18,6,22.6,54.0,151,15.69,2.81
141,Rosecrans Air National Guard Base,,39.77194444444444,-94.90944444444445,act,xlsx,,2026-03-06,81,68.2,57.6,65.1,62.6,49.3,59.9,2026-03-06T06:44,2026-03-06T18:16,41530.21,13859.15,2.45,5.5,11.2,1.6,9.6,0.0,13.0,83,73,39,38.0,74.5,191,4.85,2.04
141,Rosecrans Air National Guard Base,,39.77194444444444,-94.90944444444445,act,xlsx,,2026-03-07,3,56.3,39.8,48.4,47.5,29.5,39.9,2026-03-07T06:43,2026-03-07T18:17,41686.79,38532.69,5.5,5.5,0.0,0.0,0.0,0.0,0.0,72,11,0,26.5,47.5,299,19.14,3.28
141,Rosecrans Air National Guard Base,,39.77194444444444,-94.90944444444445,act,xlsx,,2026-03-08,0,67.7,40.3,53.3,58.1,32.9,45.9,2026-03-08T06:41,2026-03-08T18:19,41844.06,39499.82,5.0,5.0,0.0,0.0,0.0,0.0,0.0,2,1,0,28.5,46.8,214,19.34,3.87
141,Rosecrans Air National Guard Base,,39.77194444444444,-94.90944444444445,act,xlsx,,2026-03-09,2,76.5,48.7,61.6,69.4,44.1,55.9,2026-03-09T06:40,2026-03-09T18:20,42001.91,39601.3,5.0,5.15,0.0,0.0,0.0,0.0,0.0,10,5,2,22.7,52.2,224,18.79,4.33
142,San Diego Air National Guard Station,,32.83611111111112,-117.16055555555556,act,xlsx,,2026-03-03,45,69.2,51.7,58.3,70.5,49.2,57.4,2026-03-03T06:13,2026-03-03T17:47,41628.78,36524.74,6.4,6.4,0.0,0.0,0.0,0.0,0.0,0,0,0,12.9,14.4,270,20.29,3.21
142,San Diego Air National Guard Station,,32.83611111111112,-117.16055555555556,act,xlsx,,2026-03-04,45,65.2,49.3,56.1,65.6,46.8,55.2,2026-03-04T06:12,2026-03-04T17:48,41747.94,14400.0,6.4,6.4,0.0,0.0,0.0,0.0,0.0,1,0,0,12.1,13.7,210,14.58,2.18
142,San Diego Air National Guard Station,,32.83611111111112,-117.16055555555556,act,xlsx,,2026-03-05,45,70.3,53.3,61.2,68.1,52.6,59.2,2026-03-05T06:11,2026-03-05T17:48,41867.91,37483.68,6.35,6.35,0.0,0.0,0.0,0.0,0.0,1,0,0,20.0,21.2,248,19.88,3.43
142,San Diego Air National Guard Station,,32.83611111111112,-117.16055555555556,act,xlsx,,2026-03-06,3,67.3,56.8,61.2,63.8,53.4,57.8,2026-03-06T06:09,2026-03-06T17:49,41988.6,38613.73,6.2,6.2,0.0,0.0,0.0,0.0,0.0,2,1,0,19.9,19.4,196,21.25,3.72
142,San Diego Air National Guard Station,,32.83611111111112,-117.16055555555556,act,xlsx,,2026-03-07,3,71.5,57.7,63.0,62.9,49.2,56.0,2026-03-07T06:08,2026-03-07T17:50,42109.91,34427.68,3.7,6.05,0.0,0.0,0.0,0.0,0.0,9,3,1,23.4,47.9,81,9.71,4.0
142,San Diego Air National Guard Station,,32.83611111111112,-117.16055555555556,act,xlsx,,2026-03-08,51,73.3,55.9,60.3,65.4,51.3,55.8,2026-03-08T06:07,2026-03-08T17:51,42231.78,37170.28,5.2,5.9,0.1,0.1,0.0,0.0,1.0,10,7,6,26.9,40.3,160,13.68,3.08
142,San Diego Air National Guard Station,,32.83611111111112,-117.16055555555556,act,xlsx,,2026-03-09,51,68.1,54.1,60.5,64.9,52.6,57.7,2026-03-09T06:06,2026-03-09T17:51,42354.11,39474.0,5.9,5.9,0.2,0.2,0.0,0.0,2.0,10,7,5,16.7,13.0,303,21.33,3.74
143,Savannah Air National Guard Base,,32.1275,-81.20194444444445,act,xlsx,,2026-03-03,45,70.8,54.6,60.5,70.5,53.7,59.3,2026-03-03T06:49,2026-03-03T18:23,41665.16,18000.0,5.85,6.25,0.0,0.0,0.0,0.0,0.0,1,0,0,15.0,39.6,60,11.83,2.13
143,Savannah Air National Guard Base,,32.1275,-81.20194444444445,act,xlsx,,2026-03-04,45,77.7,54.3,63.9,79.3,53.7,65.0,2026-03-04T06:48,2026-03-04T18:24,41781.04,32400.0,6.4,6.4,0.0,0.0,0.0,0.0,0.0,1,1,0,16.0,24.8,122,17.61,3.31
143,Savannah Air National Guard Base,,32.1275,-81.20194444444445,act,xlsx,,2026-03-05,45,81.1,57.4,68.0,82.1,58.8,69.2,2026-03-05T06:47,2026-03-05T18:25,41897.71,38927.84,6.5,6.5,0.0,0.0,0.0,0.0,0.0,3,1,0,18.8,31.3,145,20.49,4.05
143,Savannah Air National Guard Base,,32.1275,-81.20194444444445,act,xlsx,,2026-03-06,51,82.1,63.7,70.6,84.2,66.1,72.6,2026-03-06T06:45,2026-03-06T18:26,42015.09,39001.65,6.6,6.6,0.6,0.0,0.6,0.0,5.0,10,5,2,16.1,31.0,147,20.36,4.07
143,Savannah Air National Guard Base,,32.1275,-81.20194444444445,act,xlsx,,2026-03-07,2,81.4,62.2,69.8,83.0,64.5,71.2,2026-03-07T06:44,2026-03-07T18:26,42133.11,39076.36,6.7,6.7,0.0,0.0,0.0,0.0,0.0,14,6,2,16.2,33.1,151,20.78,4.19
143,Savannah Air National Guard Base,,32.1275,-81.20194444444445,act,xlsx,,2026-03-08,3,84.6,60.7,70.9,88.2,61.2,71.7,2026-03-08T06:43,2026-03-08T18:27,42251.66,39396.71,6.25,6.35,0.0,0.0,0.0,0.0,0.0,18,9,2,18.4,35.3,177,20.54,4.39
143,Savannah Air National Guard Base,,32.1275,-81.20194444444445,act,xlsx,,2026-03-09,51,85.2,63.3,70.4,87.7,65.8,72.2,2026-03-09T06:42,2026-03-09T18:28,42370.67,38404.82,6.1,6.3,0.3,0.0,0.3,0.0,3.0,24,12,5,13.3,39.6,193,16.45,3.5
144,Schriever Space Force Base,,38.80333333333333,-104.52555555555556,act,xlsx,,2026-03-03,71,51.7,36.0,43.4,44.5,27.1,34.2,2026-03-03T06:27,2026-03-03T17:52,41154.61,21856.06,5.85,5.95,9.82,9.48,0.0,0.25,8.0,18,6,0,34.7,48.6,7,14.13,2.39
144,Schriever Space Force Base,,38.80333333333333,-104.52555555555556,act,xlsx,,2026-03-04,71,54.8,31.6,41.4,48.6,24.8,35.0,2026-03-04T06:25,2026-03-04T17:53,41303.27,36273.98,6.0,6.0,1.08,1.0,0.0,0.05,2.0,15,2,0,13.7,20.9,221,18.83,2.77
144,Schriever Space Force Base,,38.80333333333333,-104.52555555555556,act,xlsx,,2026-03-05,3,59.9,37.8,48.6,50.3,30.3,40.0,2026-03-05T06:24,2026-03-05T17:55,41452.92,37953.13,5.9,6.15,0.0,0.0,0.0,0.0,0.0,6,2,0,27.7,50.8,202,17.85,3.81
144,Schriever Space Force Base,,38.80333333333333,-104.52555555555556,act,xlsx,,2026-03-06,85,48.6,29.4,40.1,38.9,16.9,27.5,2026-03-06T06:22,2026-03-06T17:56,41603.44,38154.38,6.1,6.3,3.5,1.7,0.1,1.19,3.0,57,40,22,41.8,64.1,322,14.88,3.18
144,Schriever Space Force Base,,38.80333333333333,-104.52555555555556,act,xlsx,,2026-03-07,0,47.7,27.5,36.2,35.5,14.8,26.2,2026-03-07T06:21,2026-03-07T17:57,41754.74,38310.64,6.05,6.05,0.0,0.0,0.0,0.0,0.0,14,4,0,29.8,43.9,190,20.53,2.8
144,Schriever Space Force Base,,38.80333333333333,-104.52555555555556,act,xlsx,,2026-03-08,1,61.0,34.9,47.6,54.0,27.2,40.1,2026-03-08T06:19,2026-03-08T17:58,41906.7,38793.64,5.9,5.9,0.0,0.0,0.0,0.0,0.0,0,0,0,15.5,13.3,310,20.93,3.82
144,Schriever Space Force Base,,38.80333333333333,-104.52555555555556,act,xlsx,,2026-03-09,3,69.1,42.6,55.6,61.7,34.2,47.4,2026-03-09T06:18,2026-03-09T17:59,42059.22,38949.57,5.9,5.9,0.0,0.0,0.0,0.0,0.0,2,2,1,18.2,31.7,300,20.21,4.58
145,Selfridge Air National Guard Base,,42.60833333333333,-82.83555555555554,act,xlsx,,2026-03-03,3,38.7,23.7,31.8,35.0,16.8,26.0,2026-03-03T07:03,2026-03-03T18:23,40802.25,11010.62,1.5,4.05,0.0,0.0,0.0,0.0,0.0,4,1,0,12.0,16.9,105,7.27,0.76
145,Selfridge Air National Guard Base,,42.60833333333333,-82.83555555555554,act,xlsx,,2026-03-04,45,45.6,24.8,32.1,39.3,18.0,26.2,2026-03-04T07:01,2026-03-04T18:24,40972.34,20924.6,4.5,4.5,0.0,0.0,0.0,0.0,0.0,19,3,0,12.3,23.8,142,14.43,1.38
145,Selfridge Air National Guard Base,,42.60833333333333,-82.83555555555554,act,xlsx,,2026-03-05,81,43.0,25.6,37.1,40.9,19.2,32.2,2026-03-05T06:59,2026-03-05T18:25,41143.55,0.0,0.75,4.1,17.0,15.2,1.8,0.0,11.0,80,50,19,11.1,23.4,73,0.65,0.2
145,Selfridge Air National Guard Base,,42.60833333333333,-82.83555555555554,act,xlsx,,2026-03-06,61,46.3,36.8,40.4,42.6,31.4,35.0,2026-03-06T06:58,2026-03-06T18:26,41315.75,14214.52,2.4,4.6,5.7,4.5,1.2,0.0,10.0,48,22,10,17.6,45.7,140,4.33,0.49
145,Selfridge Air National Guard Base,,42.60833333333333,-82.83555555555554,act,xlsx,,2026-03-07,55,66.5,41.4,54.7,59.7,31.7,47.5,2026-03-07T06:56,2026-03-07T18:28,41488.82,19996.46,3.55,4.75,1.6,0.1,1.5,0.0,5.0,72,45,11,40.7,74.5,235,5.37,1.64
145,Selfridge Air National Guard Base,,42.60833333333333,-82.83555555555554,act,xlsx,,2026-03-08,2,56.7,34.4,45.6,46.3,27.1,36.6,2026-03-08T06:54,2026-03-08T18:29,41662.64,38361.61,4.3,4.3,0.0,0.0,0.0,0.0,0.0,11,4,2,27.6,49.7,229,17.82,3.03
145,Selfridge Air National Guard Base,,42.60833333333333,-82.83555555555554,act,xlsx,,2026-03-09,3,62.9,44.7,53.9,56.5,39.3,47.3,2026-03-09T06:53,2026-03-09T18:30,41837.1,38540.69,3.85,4.4,0.0,0.0,0.0,0.0,0.0,13,7,4,29.9,59.0,213,12.63,2.57
146,Sepulveda Air National Guard Station,,34.18583333333333,-5.974444444444445,act,xlsx,,2026-03-03,81,56.9,49.4,53.9,58.7,48.2,52.6,2026-03-03T06:50,2026-03-03T18:21,41486.34,0.0,1.45,5.6,12.3,7.9,4.4,0.0,9.0,98,58,23,18.7,33.8,247,3.14,0.69
146,Sepulveda Air National Guard Station,,34.18583333333333,-5.974444444444445,act,xlsx,,2026-03-04,45,62.3,42.4,52.7,60.0,39.1,50.2,2026-03-04T06:48,2026-03-04T18:22,41611.53,32323.65,0.9,5.55,0.0,0.0,0.0,0.0,0.0,33,14,8,17.0,33.5,223,16.11,2.47
146,Sepulveda Air National Guard Station,,34.18583333333333,-5.974444444444445,act,xlsx,,2026-03-05,80,62.9,51.2,56.4,58.5,46.3,52.8,2026-03-05T06:47,2026-03-05T18:23,41737.6,28265.77,4.2,5.85,11.0,4.2,6.7,0.0,21.0,95,57,25,29.6,58.3,243,11.09,1.65
146,Sepulveda Air National Guard Station,,34.18583333333333,-5.974444444444445,act,xlsx,,2026-03-06,61,60.2,46.4,54.6,53.8,43.5,50.8,2026-03-06T06:46,2026-03-06T18:24,41864.45,35763.48,5.65,5.9,1.6,1.3,0.3,0.0,2.0,55,21,0,16.4,31.0,271,13.34,2.18
146,Sepulveda Air National Guard Station,,34.18583333333333,-5.974444444444445,act,xlsx,,2026-03-07,45,62.1,44.4,51.6,57.8,40.8,48.2,2026-03-07T06:45,2026-03-07T18:24,41991.98,39125.44,3.85,5.95,0.0,0.0,0.0,0.0,0.0,7,2,0,9.7,24.8,227,15.94,2.38
146,Sepulveda Air National Guard Station,,34.18583333333333,-5.974444444444445,act,xlsx,,2026-03-08,45,64.5,40.5,52.7,63.2,36.6,50.6,2026-03-08T06:43,2026-03-08T18:25,42120.13,39531.77,4.0,5.55,0.0,0.0,0.0,0.0,0.0,10,6,0,12.8,24.1,1,20.67,3.02
146,Sepulveda Air National Guard Station,,34.18583333333333,-5.974444444444445,act,xlsx,,2026-03-09,45,66.5,45.6,55.3,67.9,43.4,54.3,2026-03-09T06:42,2026-03-09T18:26,42248.78,32860.04,5.45,5.65,0.0,0.0,0.0,0.0,0.0,3,2,0,10.7,18.4,277,17.25,2.67
147,Shepherd Field Air National Guard Base,,39.401944444444446,-77.98444444444445,act,xlsx,,2026-03-03,73,47.7,29.8,38.6,42.6,23.1,32.4,2026-03-03T06:41,2026-03-03T18:06,41089.76,0.0,2.8,5.55,5.5,4.8,0.0,0.49,13.0,88,28,1,19.3,32.8,143,8.18,0.8
147,Shepherd Field Air National Guard Base,,39.401944444444446,-77.98444444444445,act,xlsx,,2026-03-04,53,53.1,46.8,49.1,51.1,42.5,46.1,2026-03-04T06:39,2026-03-04T18:07,41241.64,0.0,0.95,5.15,1.15,1.15,0.0,0.0,3.0,71,30,7,17.6,33.1,221,4.42,0.7
147,Shepherd Field Air National Guard Base,,39.401944444444446,-77.98444444444445,act,xlsx,,2026-03-05,55,73.1,45.9,57.8,72.0,43.6,56.4,2026-03-05T06:38,2026-03-05T18:08,41394.54,36789.6,5.2,5.3,6.5,2.0,4.5,0.0,11.0,71,53,40,19.6,34.6,205,14.18,2.45
147,Shepherd Field Air National Guard Base,,39.401944444444446,-77.98444444444445,act,xlsx,,2026-03-06,53,72.9,52.2,62.4,73.7,47.6,62.3,2026-03-06T06:36,2026-03-06T18:09,41548.35,38406.58,5.15,5.4,2.8,0.0,2.8,0.0,8.0,54,23,8,21.7,38.2,193,14.82,2.56
147,Shepherd Field Air National Guard Base,,39.401944444444446,-77.98444444444445,act,xlsx,,2026-03-07,80,67.5,47.2,56.1,68.9,43.1,53.9,2026-03-07T06:35,2026-03-07T18:10,41702.95,22854.04,3.55,5.5,4.1,0.2,3.9,0.0,8.0,50,24,3,20.8,51.5,166,7.68,1.32
147,Shepherd Field Air National Guard Base,,39.401944444444446,-77.98444444444445,act,xlsx,,2026-03-08,51,67.0,47.1,58.3,64.0,42.1,55.3,2026-03-08T06:33,2026-03-08T18:11,41858.23,38723.92,4.05,5.2,0.1,0.1,0.0,0.0,1.0,45,20,13,22.5,44.3,290,14.09,2.49
147,Shepherd Field Air National Guard Base,,39.401944444444446,-77.98444444444445,act,xlsx,,2026-03-09,51,71.2,52.6,60.4,70.1,51.4,59.6,2026-03-09T06:32,2026-03-09T18:12,42014.09,27255.21,4.15,5.0,1.2,0.6,0.6,0.0,9.0,21,18,12,17.6,27.4,222,10.29,1.92
148,Sioux City Air National Guard Base,,42.39833333333333,-96.37194444444444,act,xlsx,,2026-03-03,45,48.8,34.3,41.0,44.5,25.7,35.5,2026-03-03T06:57,2026-03-03T18:17,40827.66,1151.63,4.5,4.75,0.0,0.0,0.0,0.0,0.0,6,1,0,18.7,32.4,108,8.52,1.14
148,Sioux City Air National Guard Base,,42.39833333333333,-96.37194444444444,act,xlsx,,2026-03-04,3,48.2,36.8,43.8,43.3,31.4,38.9,2026-03-04T06:55,2026-03-04T18:18,40996.63,0.0,4.85,4.85,0.0,0.0,0.0,0.0,0.0,3,2,1,13.8,27.0,143,3.65,0.75
148,Sioux City Air National Guard Base,,42.39833333333333,-96.37194444444444,act,xlsx,,2026-03-05,53,68.1,40.5,54.0,59.4,35.0,47.1,2026-03-05T06:53,2026-03-05T18:20,41166.71,37879.31,5.05,5.05,0.7,0.0,0.7,0.0,2.0,42,11,1,27.1,58.0,152,16.74,3.56
148,Sioux City Air National Guard Base,,42.39833333333333,-96.37194444444444,act,xlsx,,2026-03-06,80,77.1,43.8,63.7,69.6,31.2,56.3,2026-03-06T06:52,2026-03-06T18:21,41337.76,32350.09,5.2,5.2,5.6,0.3,5.3,0.0,9.0,88,68,42,42.1,70.6,181,15.24,4.4
148,Sioux City Air National Guard Base,,42.39833333333333,-96.37194444444444,act,xlsx,,2026-03-07,3,55.1,34.4,43.9,45.8,19.5,32.5,2026-03-07T06:50,2026-03-07T18:22,41509.68,38230.77,5.05,5.05,0.0,0.0,0.0,0.0,0.0,50,8,0,37.9,60.8,286,18.31,3.44
148,Sioux City Air National Guard Base,,42.39833333333333,-96.37194444444444,act,xlsx,,2026-03-08,3,68.5,45.8,55.3,59.2,33.9,45.8,2026-03-08T06:48,2026-03-08T18:23,41682.34,38486.81,4.55,4.75,0.0,0.0,0.0,0.0,0.0,3,1,0,25.9,65.9,237,17.58,4.75
148,Sioux City Air National Guard Base,,42.39833333333333,-96.37194444444444,act,xlsx,,2026-03-09,3,74.8,48.2,61.0,66.3,40.5,52.8,2026-03-09T06:47,2026-03-09T18:24,41855.63,38878.02,4.75,4.85,0.0,0.0,0.0,0.0,0.0,3,2,2,22.8,45.7,288,17.52,5.18
149,South Portland Air National Guard Station,,43.63333333333333,-10.171666666666669,act,xlsx,,2026-03-03,3,55.9,55.3,55.6,54.3,50.2,52.1,2026-03-03T06:13,2026-03-03T17:31,40674.03,36536.88,4.45,4.45,0.0,0.0,0.0,0.0,0.0,13,1,0,22.2,35.3,29,15.57,1.83
149,South Portland Air National Guard Station,,43.63333333333333,-10.171666666666669,act,xlsx,,2026-03-04,3,55.7,53.2,55.2,53.6,50.0,52.2,2026-03-04T06:12,2026-03-04T17:32,40850.21,36653.34,4.2,4.6,0.0,0.0,0.0,0.0,0.0,0,0,0,17.3,23.8,356,14.41,1.66
149,South Portland Air National Guard Station,,43.63333333333333,-10.171666666666669,act,xlsx,,2026-03-05,80,54.9,50.1,52.1,49.7,35.3,40.1,2026-03-05T06:10,2026-03-05T17:34,41027.56,0.0,0.75,4.5,14.2,9.9,4.0,0.0,16.0,65,46,8,55.0,81.0,333,3.74,1.45
149,South Portland Air National Guard Station,,43.63333333333333,-10.171666666666669,act,xlsx,,2026-03-06,3,53.1,50.2,52.0,40.0,34.1,37.5,2026-03-06T06:08,2026-03-06T17:35,41205.96,35329.35,4.3,4.6,0.5,0.0,0.5,0.0,5.0,37,14,8,55.2,79.9,360,13.38,3.25
149,South Portland Air National Guard Station,,43.63333333333333,-10.171666666666669,act,xlsx,,2026-03-07,3,53.0,52.0,52.3,46.3,39.7,42.1,2026-03-07T06:06,2026-03-07T17:36,41385.27,37893.12,4.65,4.65,0.0,0.0,0.0,0.0,0.0,8,7,3,39.4,53.6,354,13.29,2.62
149,South Portland Air National Guard Station,,43.63333333333333,-10.171666666666669,act,xlsx,,2026-03-08,3,55.6,53.1,54.5,48.0,44.9,47.2,2026-03-08T06:05,2026-03-08T17:37,41565.39,36819.51,4.45,4.45,0.0,0.0,0.0,0.0,0.0,30,15,8,38.2,51.1,205,14.04,2.35
149,South Portland Air National Guard Station,,43.63333333333333,-10.171666666666669,act,xlsx,,2026-03-09,80,55.3,53.7,54.1,49.8,42.3,44.7,2026-03-09T06:03,2026-03-09T17:39,41746.16,0.0,4.5,4.5,11.1,5.7,5.7,0.0,21.0,35,32,25,48.6,67.7,167,3.66,1.22
150,Springfield Air National Guard Base,,39.84027777777778,-83.84027777777777,act,xlsx,,2026-03-03,63,49.2,32.9,42.0,45.7,25.0,36.8,2026-03-03T07:05,2026-03-03T18:29,41051.85,0.0,0.9,4.4,23.2,23.2,0.0,0.0,11.0,87,43,3,21.7,41.0,173,4.34,0.55
150,Springfield Air National Guard Base,,39.84027777777778,-83.84027777777777,act,xlsx,,2026-03-04,61,49.9,40.3,44.6,44.6,33.7,39.6,2026-03-04T07:03,2026-03-04T18:30,41206.12,0.0,1.6,4.55,9.28,9.28,0.0,0.0,8.0,84,44,27,18.7,33.1,86,3.92,0.48
150,Springfield Air National Guard Base,,39.84027777777778,-83.84027777777777,act,xlsx,,2026-03-05,80,62.1,50.3,56.5,57.3,46.1,52.9,2026-03-05T07:02,2026-03-05T18:31,41361.43,11917.19,1.55,4.85,7.87,2.97,4.9,0.0,17.0,86,80,53,30.5,59.4,216,3.26,0.74
150,Springfield Air National Guard Base,,39.84027777777778,-83.84027777777777,act,xlsx,,2026-03-06,51,72.6,55.5,62.0,70.2,54.9,60.8,2026-03-06T07:00,2026-03-06T18:32,41517.65,26060.25,5.1,5.2,1.1,0.3,0.8,0.0,7.0,53,30,12,24.3,56.2,200,10.78,2.01
150,Springfield Air National Guard Base,,39.84027777777778,-83.84027777777777,act,xlsx,,2026-03-07,55,68.6,49.7,62.1,63.3,41.8,57.1,2026-03-07T06:58,2026-03-07T18:33,41674.68,27993.25,4.25,5.1,2.7,1.6,1.1,0.0,10.0,80,49,12,37.3,68.4,229,8.49,1.93
150,Springfield Air National Guard Base,,39.84027777777778,-83.84027777777777,act,xlsx,,2026-03-08,3,59.1,41.9,50.0,51.3,38.1,44.3,2026-03-08T06:57,2026-03-08T18:34,41832.41,38648.6,4.45,4.95,0.0,0.0,0.0,0.0,0.0,22,11,8,19.7,42.1,230,15.92,2.48
150,Springfield Air National Guard Base,,39.84027777777778,-83.84027777777777,act,xlsx,,2026-03-09,51,66.1,51.3,58.0,61.0,47.8,53.8,2026-03-09T06:55,2026-03-09T18:35,41990.71,27359.13,2.15,4.55,0.3,0.0,0.3,0.0,3.0,16,13,8,31.1,59.0,224,6.49,1.36
151,Stewart Air National Guard Base,,41.50416666666667,-74.10472222222222,act,xlsx,,2026-03-03,73,31.8,18.6,27.3,27.5,10.4,21.0,2026-03-03T06:27,2026-03-03T17:49,40903.49,0.0,1.65,4.8,11.1,8.3,0.0,1.96,14.0,94,41,0,10.2,25.9,97,4.22,0.47
151,Stewart Air National Guard Base,,41.50416666666667,-74.10472222222222,act,xlsx,,2026-03-04,53,52.1,32.1,41.0,48.3,27.2,36.3,2026-03-04T06:25,2026-03-04T17:50,41067.15,36000.0,3.45,5.05,1.1,1.1,0.0,0.0,4.0,35,5,0,11.9,22.3,22,17.29,1.94
151,Stewart Air National Guard Base,,41.50416666666667,-74.10472222222222,act,xlsx,,2026-03-05,81,36.5,32.7,35.0,32.5,26.7,30.5,2026-03-05T06:24,2026-03-05T17:51,41231.9,0.0,0.7,4.9,13.05,12.75,0.3,0.0,16.0,75,44,8,8.0,9.1,154,0.99,0.22
151,Stewart Air National Guard Base,,41.50416666666667,-74.10472222222222,act,xlsx,,2026-03-06,61,36.0,32.2,34.2,31.3,27.2,29.3,2026-03-06T06:22,2026-03-06T17:52,41397.61,0.0,0.75,5.05,2.6,2.6,0.0,0.0,3.0,75,35,4,8.1,15.1,77,1.52,0.26
151,Stewart Air National Guard Base,,41.50416666666667,-74.10472222222222,act,xlsx,,2026-03-07,71,43.1,32.1,35.2,39.4,27.3,30.9,2026-03-07T06:20,2026-03-07T17:53,41564.16,0.0,1.0,5.3,2.3,1.1,1.1,0.07,6.0,49,15,3,7.4,24.5,169,1.83,0.3
151,Stewart Air National Guard Base,,41.50416666666667,-74.10472222222222,act,xlsx,,2026-03-08,51,52.8,40.1,46.3,48.3,33.6,41.1,2026-03-08T06:19,2026-03-08T17:54,41731.45,37921.84,4.8,5.05,0.5,0.1,0.4,0.0,2.0,49,14,6,20.1,56.2,255,16.96,2.06
151,Stewart Air National Guard Base,,41.50416666666667,-74.10472222222222,act,xlsx,,2026-03-09,3,65.1,40.2,51.6,63.4,35.1,48.5,2026-03-09T06:17,2026-03-09T17:55,41899.34,38236.54,4.95,4.95,0.0,0.0,0.0,0.0,0.0,11,10,8,14.4,27.7,209,17.27,2.47
152,Stratton Air National Guard Base,,42.8525,-73.9225,act,xlsx,,2026-03-03,73,33.2,2.5,21.1,25.7,-5.2,13.6,2026-03-03T06:27,2026-03-03T17:47,40779.14,2902.08,2.15,4.75,6.0,2.7,0.0,2.31,11.0,82,27,0,16.8,39.2,143,4.62,0.51
152,Stratton Air National Guard Base,,42.8525,-73.9225,act,xlsx,,2026-03-04,57,47.6,29.3,36.2,41.0,22.7,30.0,2026-03-04T06:26,2026-03-04T17:48,40950.7,36003.34,4.8,4.8,1.2,1.2,0.0,0.0,3.0,28,3,0,16.3,31.3,258,16.92,1.66
152,Stratton Air National Guard Base,,42.8525,-73.9225,act,xlsx,,2026-03-05,63,33.5,27.1,31.5,28.8,21.3,26.2,2026-03-05T06:24,2026-03-05T17:49,41123.38,0.0,0.5,4.6,24.65,24.65,0.0,0.0,19.0,72,32,2,7.9,16.2,41,0.74,0.19
152,Stratton Air National Guard Base,,42.8525,-73.9225,act,xlsx,,2026-03-06,61,34.6,33.3,33.7,30.6,25.5,28.4,2026-03-06T06:22,2026-03-06T17:51,41297.07,0.0,0.7,4.8,6.5,6.5,0.0,0.0,10.0,79,41,9,14.7,45.0,110,1.23,0.25
152,Stratton Air National Guard Base,,42.8525,-73.9225,act,xlsx,,2026-03-07,80,47.7,33.0,36.8,43.7,23.8,30.0,2026-03-07T06:21,2026-03-07T17:52,41471.63,5863.98,1.9,5.15,6.9,4.1,1.0,1.26,9.0,65,34,9,20.6,56.2,153,3.35,0.35
152,Stratton Air National Guard Base,,42.8525,-73.9225,act,xlsx,,2026-03-08,51,54.6,37.4,44.3,48.2,29.4,37.6,2026-03-08T06:19,2026-03-08T17:53,41646.95,37816.61,4.7,4.7,0.3,0.1,0.2,0.0,1.0,65,14,5,26.4,59.0,279,17.93,2.11
152,Stratton Air National Guard Base,,42.8525,-73.9225,act,xlsx,,2026-03-09,3,64.1,35.8,48.9,61.5,31.3,45.6,2026-03-09T06:17,2026-03-09T17:54,41822.9,37209.08,4.7,4.8,0.0,0.0,0.0,0.0,0.0,11,8,6,7.8,22.7,208,16.71,2.45
153,Sumpter Smith Air National Guard Base,,33.56388888888888,-86.75222222222222,act,xlsx,,2026-03-03,45,73.3,56.4,64.2,70.7,51.4,60.7,2026-03-03T06:12,2026-03-03T17:45,41565.28,36559.04,6.05,6.05,0.0,0.0,0.0,0.0,0.0,1,0,0,22.3,40.3,138,15.86,3.52
153,Sumpter Smith Air National Guard Base,,33.56388888888888,-86.75222222222222,act,xlsx,,2026-03-04,3,78.4,56.8,67.5,78.2,55.0,65.7,2026-03-04T06:11,2026-03-04T17:45,41687.71,37160.34,6.1,6.2,0.0,0.0,0.0,0.0,0.0,1,1,0,16.2,30.6,166,18.94,4.13
153,Sumpter Smith Air National Guard Base,,33.56388888888888,-86.75222222222222,act,xlsx,,2026-03-05,45,80.1,60.2,69.7,77.4,59.9,69.0,2026-03-05T06:09,2026-03-05T17:46,41810.98,37583.55,6.0,6.3,0.0,0.0,0.0,0.0,0.0,6,2,0,16.1,36.7,180,17.86,3.91
153,Sumpter Smith Air National Guard Base,,33.56388888888888,-86.75222222222222,act,xlsx,,2026-03-06,53,82.8,63.6,71.4,82.5,64.8,72.3,2026-03-06T06:08,2026-03-06T17:47,41935.0,29444.99,6.4,6.4,0.6,0.0,0.6,0.0,1.0,40,15,1,17.0,41.4,166,15.66,3.66
153,Sumpter Smith Air National Guard Base,,33.56388888888888,-86.75222222222222,act,xlsx,,2026-03-07,81,83.0,63.3,71.8,82.6,63.9,72.6,2026-03-07T06:07,2026-03-07T17:48,42059.66,34080.23,6.45,6.45,18.3,16.1,2.2,0.0,8.0,57,31,6,16.6,41.4,189,18.3,3.98
153,Sumpter Smith Air National Guard Base,,33.56388888888888,-86.75222222222222,act,xlsx,,2026-03-08,51,75.0,62.1,67.6,77.8,64.7,70.7,2026-03-08T06:06,2026-03-08T17:49,42184.9,37245.88,4.7,6.0,2.2,0.4,1.8,0.0,16.0,64,48,35,9.1,20.9,232,11.56,2.19
153,Sumpter Smith Air National Guard Base,,33.56388888888888,-86.75222222222222,act,xlsx,,2026-03-09,53,72.2,63.1,66.6,74.3,66.0,69.6,2026-03-09T06:04,2026-03-09T17:49,42310.62,27050.07,4.45,5.95,2.6,1.2,1.4,0.0,8.0,54,42,24,17.0,27.4,222,11.66,2.02
154,Toledo Air National Guard Base,,41.586666666666666,-6.3966666666666665,act,xlsx,,2026-03-03,2,60.5,44.6,51.5,53.2,38.2,45.5,2026-03-03T06:56,2026-03-03T18:17,40864.53,37603.61,4.75,4.75,0.0,0.0,0.0,0.0,0.0,0,0,0,22.7,42.8,67,15.35,2.53
154,Toledo Air National Guard Base,,41.586666666666666,-6.3966666666666665,act,xlsx,,2026-03-04,2,61.3,43.4,51.4,55.5,37.5,46.2,2026-03-04T06:55,2026-03-04T18:19,41028.26,37772.32,4.85,4.85,0.0,0.0,0.0,0.0,0.0,0,0,0,20.1,37.1,56,17.18,2.48
154,Toledo Air National Guard Base,,41.586666666666666,-6.3966666666666665,act,xlsx,,2026-03-05,95,58.3,40.8,48.3,55.7,34.4,44.1,2026-03-05T06:53,2026-03-05T18:20,41193.11,26439.93,4.9,4.9,5.2,0.1,5.1,0.0,6.0,51,17,0,20.1,36.7,265,12.96,1.9
154,Toledo Air National Guard Base,,41.586666666666666,-6.3966666666666665,act,xlsx,,2026-03-06,80,46.6,40.2,43.0,42.5,34.8,38.6,2026-03-06T06:52,2026-03-06T18:21,41358.94,0.0,3.9,4.8,14.9,14.6,0.4,0.0,24.0,63,51,39,17.9,32.8,305,4.04,0.72
154,Toledo Air National Guard Base,,41.586666666666666,-6.3966666666666665,act,xlsx,,2026-03-07,61,50.9,42.4,45.6,46.4,37.9,41.5,2026-03-07T06:50,2026-03-07T18:22,41525.64,28398.85,3.95,4.85,7.1,6.5,0.3,0.0,16.0,43,34,19,12.4,26.3,234,9.27,1.34
154,Toledo Air National Guard Base,,41.586666666666666,-6.3966666666666665,act,xlsx,,2026-03-08,80,50.4,41.9,45.5,46.0,38.5,41.9,2026-03-08T06:48,2026-03-08T18:23,41693.11,14552.02,4.45,4.6,4.95,4.35,0.6,0.0,15.0,18,14,12,12.4,25.2,235,6.86,1.0
154,Toledo Air National Guard Base,,41.586666666666666,-6.3966666666666665,act,xlsx,,2026-03-09,45,53.3,38.0,45.5,48.7,34.0,41.4,2026-03-09T06:47,2026-03-09T18:24,41861.2,19031.96,3.6,4.65,0.0,0.0,0.0,0.0,0.0,35,24,13,13.1,27.4,134,10.39,1.52
155,Truax Field Air National Guard Base,,43.13972222222222,-89.33749999999999,act,xlsx,,2026-03-03,3,48.3,31.4,38.0,43.6,25.2,32.6,2026-03-03T06:29,2026-03-03T17:48,40757.7,21399.78,4.1,4.25,0.0,0.0,0.0,0.0,0.0,22,3,0,12.0,21.2,113,12.09,1.44
155,Truax Field Air National Guard Base,,43.13972222222222,-89.33749999999999,act,xlsx,,2026-03-04,51,53.4,29.4,40.8,48.8,24.9,36.1,2026-03-04T06:27,2026-03-04T17:50,40931.12,32400.0,4.45,4.45,0.4,0.4,0.0,0.0,1.0,11,2,0,15.0,26.6,127,16.54,1.97
155,Truax Field Air National Guard Base,,43.13972222222222,-89.33749999999999,act,xlsx,,2026-03-05,51,44.6,40.1,41.9,39.3,34.5,36.9,2026-03-05T06:26,2026-03-05T17:51,41105.69,6857.7,1.45,4.15,3.2,3.2,0.0,0.0,8.0,56,32,7,14.2,27.4,62,2.11,0.36
155,Truax Field Air National Guard Base,,43.13972222222222,-89.33749999999999,act,xlsx,,2026-03-06,81,61.5,38.6,47.8,56.2,31.4,42.2,2026-03-06T06:24,2026-03-06T17:52,41281.25,11836.32,1.75,4.6,13.0,10.6,2.4,0.0,8.0,88,62,7,30.8,70.2,142,3.06,0.49
155,Truax Field Air National Guard Base,,43.13972222222222,-89.33749999999999,act,xlsx,,2026-03-07,51,63.9,37.2,48.7,58.2,28.8,38.1,2026-03-07T06:22,2026-03-07T17:53,41457.69,37665.22,4.7,4.75,0.5,0.1,0.4,0.0,2.0,73,25,2,42.9,78.1,252,17.01,2.48
155,Truax Field Air National Guard Base,,43.13972222222222,-89.33749999999999,act,xlsx,,2026-03-08,3,59.2,36.1,47.3,47.6,26.8,37.5,2026-03-08T06:21,2026-03-08T17:55,41634.89,38305.52,4.1,4.25,0.0,0.0,0.0,0.0,0.0,3,2,0,37.2,69.5,227,16.75,3.16
155,Truax Field Air National Guard Base,,43.13972222222222,-89.33749999999999,act,xlsx,,2026-03-09,3,66.6,45.3,55.5,55.5,40.8,47.7,2026-03-09T06:19,2026-03-09T17:56,41812.73,37964.13,3.85,4.4,0.0,0.0,0.0,0.0,0.0,9,5,3,34.3,62.3,233,13.08,3.55
156,Tulsa Air National Guard Base,,36.19833333333333,-95.88805555555555,act,xlsx,,2026-03-03,3,80.8,47.4,64.6,77.9,44.8,62.0,2026-03-03T06:50,2026-03-03T18:20,41362.04,35032.65,5.7,5.75,0.0,0.0,0.0,0.0,0.0,17,3,0,29.2,58.7,196,17.29,3.95
156,Tulsa Air National Guard Base,,36.19833333333333,-95.88805555555555,act,xlsx,,2026-03-04,63,58.4,49.2,54.2,59.4,43.0,52.3,2026-03-04T06:49,2026-03-04T18:21,41497.2,0.0,1.15,5.45,8.0,8.0,0.0,0.0,5.0,68,32,4,21.5,43.2,8,2.54,0.62
156,Tulsa Air National Guard Base,,36.19833333333333,-95.88805555555555,act,xlsx,,2026-03-05,51,68.8,49.8,61.6,68.0,48.3,60.9,2026-03-05T06:48,2026-03-05T18:21,41633.27,9745.75,2.05,5.75,0.32,0.0,0.32,0.0,3.0,55,39,30,25.1,63.0,168,4.33,1.12
156,Tulsa Air National Guard Base,,36.19833333333333,-95.88805555555555,act,xlsx,,2026-03-06,81,73.3,64.7,68.1,69.9,59.8,64.8,2026-03-06T06:46,2026-03-06T18:22,41770.16,14681.28,2.0,5.8,9.6,3.4,6.2,0.0,6.0,70,55,30,36.0,66.6,180,5.24,2.01
156,Tulsa Air National Guard Base,,36.19833333333333,-95.88805555555555,act,xlsx,,2026-03-07,51,65.5,50.5,58.4,65.8,40.9,52.2,2026-03-07T06:45,2026-03-07T18:23,41907.77,37359.3,5.8,6.05,0.2,0.0,0.2,0.0,2.0,70,25,8,25.6,45.7,4,18.36,3.87
156,Tulsa Air National Guard Base,,36.19833333333333,-95.88805555555555,act,xlsx,,2026-03-08,3,71.0,51.7,60.6,66.7,46.1,56.5,2026-03-08T06:43,2026-03-08T18:24,42045.98,39103.53,5.25,5.65,0.0,0.0,0.0,0.0,0.0,14,9,4,15.3,37.8,216,17.02,3.57
156,Tulsa Air National Guard Base,,36.19833333333333,-95.88805555555555,act,xlsx,,2026-03-09,3,83.2,59.4,71.0,79.6,57.5,67.9,2026-03-09T06:42,2026-03-09T18:25,42184.73,39541.82,5.55,5.55,0.0,0.0,0.0,0.0,0.0,18,14,4,35.4,59.0,208,19.43,4.88
157,Volk Field Air National Guard Base,,43.936388888888885,-90.25972222222222,act,xlsx,,2026-03-03,3,51.6,34.0,40.4,47.1,26.4,34.9,2026-03-03T06:33,2026-03-03T17:51,40678.91,37017.75,2.8,4.2,0.0,0.0,0.0,0.0,0.0,3,1,0,11.0,23.8,150,15.12,1.88
157,Volk Field Air National Guard Base,,43.936388888888885,-90.25972222222222,act,xlsx,,2026-03-04,45,55.6,29.9,41.2,49.8,24.9,36.1,2026-03-04T06:32,2026-03-04T17:53,40857.38,32400.0,4.35,4.35,0.0,0.0,0.0,0.0,0.0,2,0,0,13.6,23.0,148,16.01,2.01
157,Volk Field Air National Guard Base,,43.936388888888885,-90.25972222222222,act,xlsx,,2026-03-05,51,46.6,37.9,41.4,41.9,31.5,36.1,2026-03-05T06:30,2026-03-05T17:54,41037.0,19378.69,2.1,4.2,0.4,0.4,0.0,0.0,1.0,29,16,2,14.9,32.4,99,4.87,0.75
157,Volk Field Air National Guard Base,,43.936388888888885,-90.25972222222222,act,xlsx,,2026-03-06,63,62.3,37.1,45.1,56.8,30.2,39.1,2026-03-06T06:28,2026-03-06T17:55,41217.64,382.44,0.8,4.3,6.5,4.6,1.9,0.0,10.0,84,60,2,30.3,67.0,132,1.48,0.33
157,Volk Field Air National Guard Base,,43.936388888888885,-90.25972222222222,act,xlsx,,2026-03-07,3,63.2,36.5,45.5,56.8,23.6,34.6,2026-03-07T06:27,2026-03-07T17:57,41399.19,34894.15,4.2,4.5,0.0,0.0,0.0,0.0,0.0,66,20,1,40.5,80.6,252,13.71,2.27
157,Volk Field Air National Guard Base,,43.936388888888885,-90.25972222222222,act,xlsx,,2026-03-08,3,58.3,37.5,47.4,48.0,27.2,37.5,2026-03-08T06:25,2026-03-08T17:58,41581.51,37769.12,3.7,4.1,0.0,0.0,0.0,0.0,0.0,6,4,1,31.7,77.8,231,14.44,3.17
157,Volk Field Air National Guard Base,,43.936388888888885,-90.25972222222222,act,xlsx,,2026-03-09,3,62.2,40.6,52.1,53.0,34.4,44.1,2026-03-09T06:23,2026-03-09T17:59,41764.48,37242.67,3.25,4.25,0.0,0.0,0.0,0.0,0.0,7,6,3,30.8,60.5,245,12.1,3.18
158,Volunteer Air National Guard Station,,35.07333333333334,-92.41916666666668,act,xlsx,,2026-03-03,3,74.6,45.5,59.7,73.3,42.3,58.1,2026-03-03T06:36,2026-03-03T18:06,41450.38,18741.68,5.15,5.7,0.0,0.0,0.0,0.0,0.0,1,0,0,19.9,36.7,163,10.53,2.09
158,Volunteer Air National Guard Station,,35.07333333333334,-92.41916666666668,act,xlsx,,2026-03-04,3,76.9,59.0,66.0,76.5,58.1,66.3,2026-03-04T06:34,2026-03-04T18:07,41580.0,14661.71,4.75,5.7,0.0,0.0,0.0,0.0,0.0,49,10,1,22.4,36.4,170,10.01,2.22
158,Volunteer Air National Guard Station,,35.07333333333334,-92.41916666666668,act,xlsx,,2026-03-05,55,73.8,62.4,66.3,77.1,61.7,67.5,2026-03-05T06:33,2026-03-05T18:08,41710.5,20962.04,2.7,5.7,3.97,0.0,3.97,0.0,6.0,57,38,10,13.7,56.2,171,6.52,1.48
158,Volunteer Air National Guard Station,,35.07333333333334,-92.41916666666668,act,xlsx,,2026-03-06,81,77.5,61.5,68.8,79.0,63.2,69.8,2026-03-06T06:32,2026-03-06T18:09,41841.78,31231.97,3.2,5.85,4.5,0.0,4.5,0.0,4.0,48,17,4,19.9,53.6,167,8.97,2.09
158,Volunteer Air National Guard Station,,35.07333333333334,-92.41916666666668,act,xlsx,,2026-03-07,81,75.7,59.9,67.0,80.1,59.7,69.4,2026-03-07T06:30,2026-03-07T18:10,41973.75,27474.62,5.4,5.95,49.3,26.4,22.9,0.0,21.0,78,59,35,14.8,51.5,259,11.3,2.21
158,Volunteer Air National Guard Station,,35.07333333333334,-92.41916666666668,act,xlsx,,2026-03-08,51,68.5,57.3,62.2,71.1,57.1,63.5,2026-03-08T06:29,2026-03-08T18:11,42106.32,19383.33,2.65,5.45,0.1,0.0,0.1,0.0,1.0,44,32,16,8.4,27.7,168,6.22,1.24
158,Volunteer Air National Guard Station,,35.07333333333334,-92.41916666666668,act,xlsx,,2026-03-09,51,79.8,61.1,69.4,80.7,63.3,71.4,2026-03-09T06:28,2026-03-09T18:12,42239.39,39282.0,5.0,5.45,0.3,0.0,0.3,0.0,3.0,26,22,16,19.7,36.4,214,17.63,3.37
159,Warfield Air National Guard Base,,39.32555555555556,-39.27333333333333,act,xlsx,,2026-03-03,80,63.4,53.3,57.7,56.2,40.5,48.5,2026-03-03T06:06,2026-03-03T17:31,41080.47,0.0,1.7,5.3,4.8,2.3,2.4,0.0,13.0,88,37,0,46.6,62.6,324,4.62,1.85
159,Warfield Air National Guard Base,,39.32555555555556,-39.27333333333333,act,xlsx,,2026-03-04,3,55.8,51.1,52.5,48.0,38.5,43.0,2026-03-04T06:05,2026-03-04T17:32,41232.05,33196.01,4.25,5.3,0.0,0.0,0.0,0.0,0.0,5,0,0,41.1,56.5,2,13.05,3.11
159,Warfield Air National Guard Base,,39.32555555555556,-39.27333333333333,act,xlsx,,2026-03-05,3,62.2,56.4,59.9,55.0,47.8,51.4,2026-03-05T06:03,2026-03-05T17:33,41384.66,28800.0,3.85,5.25,0.0,0.0,0.0,0.0,0.0,46,8,0,36.9,50.4,212,13.17,3.43
159,Warfield Air National Guard Base,,39.32555555555556,-39.27333333333333,act,xlsx,,2026-03-06,95,62.2,51.0,58.3,54.7,38.4,47.9,2026-03-06T06:02,2026-03-06T17:34,41538.19,22844.32,5.3,5.4,16.0,10.1,5.9,0.0,8.0,75,41,6,52.4,81.4,294,11.56,2.48
159,Warfield Air National Guard Base,,39.32555555555556,-39.27333333333333,act,xlsx,,2026-03-07,3,51.4,50.1,50.8,42.3,37.9,39.2,2026-03-07T06:00,2026-03-07T17:35,41692.52,36486.74,3.7,5.35,0.0,0.0,0.0,0.0,0.0,10,8,3,36.0,49.0,338,12.25,2.99
159,Warfield Air National Guard Base,,39.32555555555556,-39.27333333333333,act,xlsx,,2026-03-08,3,57.4,51.3,53.6,48.6,42.9,46.5,2026-03-08T05:59,2026-03-08T17:36,41847.53,38697.15,2.0,4.9,0.0,0.0,0.0,0.0,0.0,5,2,0,34.3,45.7,169,15.33,3.11
159,Warfield Air National Guard Base,,39.32555555555556,-39.27333333333333,act,xlsx,,2026-03-09,3,62.8,57.7,61.0,53.4,47.3,50.6,2026-03-09T05:57,2026-03-09T17:37,42003.14,38707.32,5.25,5.3,0.0,0.0,0.0,0.0,0.0,36,23,6,43.9,61.2,229,16.97,3.67
160,Westover Air Reserve Base,,42.193888888888885,-72.53472222222221,act,xlsx,,2026-03-03,73,31.5,8.7,23.1,26.3,1.2,16.7,2026-03-03T06:21,2026-03-03T17:42,40839.52,7200.0,2.55,4.85,11.9,7.1,0.0,3.36,11.0,93,34,0,8.6,20.9,157,8.07,0.74
160,Westover Air Reserve Base,,42.193888888888885,-72.53472222222221,act,xlsx,,2026-03-04,56,50.9,25.6,37.0,47.4,19.8,32.2,2026-03-04T06:20,2026-03-04T17:43,41007.23,27020.27,4.8,5.0,0.65,0.65,0.0,0.0,2.0,62,6,0,11.2,16.6,244,16.49,1.81
160,Westover Air Reserve Base,,42.193888888888885,-72.53472222222221,act,xlsx,,2026-03-05,61,36.7,32.4,34.0,32.7,26.7,29.1,2026-03-05T06:18,2026-03-05T17:44,41176.06,0.0,0.75,4.8,18.0,18.0,0.0,0.0,19.0,72,31,2,8.5,24.1,78,1.1,0.24
160,Westover Air Reserve Base,,42.193888888888885,-72.53472222222221,act,xlsx,,2026-03-06,63,34.3,32.0,33.3,28.8,26.3,27.3,2026-03-06T06:16,2026-03-06T17:45,41345.87,0.0,0.7,5.0,8.5,8.5,0.0,0.0,9.0,81,42,4,13.0,34.2,31,1.23,0.26
160,Westover Air Reserve Base,,42.193888888888885,-72.53472222222221,act,xlsx,,2026-03-07,73,41.0,32.1,35.9,35.6,26.8,30.7,2026-03-07T06:15,2026-03-07T17:47,41516.54,0.0,0.95,5.2,2.4,1.5,0.5,0.28,6.0,53,17,4,13.4,53.6,178,1.61,0.25
160,Westover Air Reserve Base,,42.193888888888885,-72.53472222222221,act,xlsx,,2026-03-08,55,49.7,34.8,43.3,45.3,29.7,37.9,2026-03-08T06:13,2026-03-08T17:48,41687.96,37539.92,4.9,4.95,1.7,1.3,0.4,0.0,2.0,53,16,6,17.6,49.0,278,17.85,1.9
160,Westover Air Reserve Base,,42.193888888888885,-72.53472222222221,act,xlsx,,2026-03-09,3,64.7,33.4,47.6,63.2,28.5,44.4,2026-03-09T06:11,2026-03-09T17:49,41859.99,38494.23,4.95,4.95,0.0,0.0,0.0,0.0,0.0,10,9,8,10.5,29.2,178,17.69,2.51
161,Will Rogers Air National Guard Base,,35.39305555555556,-97.60083333333333,act,xlsx,,2026-03-03,3,81.1,50.5,64.7,77.4,46.8,59.7,2026-03-03T06:57,2026-03-03T18:27,41424.71,25200.0,5.75,5.95,0.0,0.0,0.0,0.0,0.0,17,3,0,39.6,63.7,199,17.42,4.36
161,Will Rogers Air National Guard Base,,35.39305555555556,-97.60083333333333,act,xlsx,,2026-03-04,51,55.1,48.1,51.0,53.6,42.6,46.9,2026-03-04T06:55,2026-03-04T18:28,41555.94,0.0,4.95,5.9,0.4,0.4,0.0,0.0,1.0,40,12,1,22.3,30.6,7,3.96,0.82
161,Will Rogers Air National Guard Base,,35.39305555555556,-97.60083333333333,act,xlsx,,2026-03-05,81,69.8,47.5,61.6,66.5,44.9,58.7,2026-03-05T06:54,2026-03-05T18:29,41688.06,15870.2,2.55,6.0,6.55,3.45,3.1,0.0,4.0,50,42,32,34.8,65.9,174,5.38,1.66
161,Will Rogers Air National Guard Base,,35.39305555555556,-97.60083333333333,act,xlsx,,2026-03-06,81,79.6,62.9,68.9,72.6,55.9,63.1,2026-03-06T06:53,2026-03-06T18:30,41820.96,32725.33,6.1,6.15,7.3,2.4,4.9,0.0,7.0,54,45,40,45.7,72.4,184,13.52,3.74
161,Will Rogers Air National Guard Base,,35.39305555555556,-97.60083333333333,act,xlsx,,2026-03-07,51,63.2,48.0,55.3,63.8,36.3,46.9,2026-03-07T06:51,2026-03-07T18:31,41954.57,30725.72,5.45,6.2,0.1,0.1,0.0,0.0,1.0,40,19,13,33.6,54.7,10,14.9,3.78
161,Will Rogers Air National Guard Base,,35.39305555555556,-97.60083333333333,act,xlsx,,2026-03-08,3,71.2,48.5,59.3,66.2,43.1,54.0,2026-03-08T06:50,2026-03-08T18:31,42088.79,39120.15,5.45,5.8,0.0,0.0,0.0,0.0,0.0,18,8,4,23.0,50.0,213,18.62,3.98
161,Will Rogers Air National Guard Base,,35.39305555555556,-97.60083333333333,act,xlsx,,2026-03-09,3,81.5,59.2,70.2,76.9,54.0,65.1,2026-03-09T06:48,2026-03-09T18:32,42223.5,39257.82,5.75,5.75,0.0,0.0,0.0,0.0,0.0,21,14,6,40.1,64.8,210,19.8,5.0
162,Wyoming Air National Guard Base,,41.16138888888889,-104.81944444444444,act,xlsx,,2026-03-03,73,43.0,33.1,38.6,38.2,26.2,32.2,2026-03-03T06:29,2026-03-03T17:52,40948.32,0.0,1.9,6.2,7.5,7.0,0.0,0.35,7.0,72,23,1,18.8,31.0,348,7.2,0.87
162,Wyoming Air National Guard Base,,41.16138888888889,-104.81944444444444,act,xlsx,,2026-03-04,1,55.4,31.7,41.2,50.1,24.3,34.3,2026-03-04T06:28,2026-03-04T17:53,41110.09,36088.67,5.9,5.9,0.0,0.0,0.0,0.0,0.0,1,0,0,17.9,25.2,221,18.51,2.84
162,Wyoming Air National Guard Base,,41.16138888888889,-104.81944444444444,act,xlsx,,2026-03-05,3,58.0,32.4,46.2,48.8,24.8,37.7,2026-03-05T06:26,2026-03-05T17:54,41272.92,37666.17,5.7,5.7,0.0,0.0,0.0,0.0,0.0,49,16,0,20.6,40.4,229,17.89,3.6
162,Wyoming Air National Guard Base,,41.16138888888889,-104.81944444444444,act,xlsx,,2026-03-06,85,41.9,23.6,29.5,32.7,8.4,15.6,2026-03-06T06:25,2026-03-06T17:55,41436.69,29710.09,4.6,6.4,6.8,2.2,0.3,3.15,10.0,79,66,46,43.8,60.1,338,10.68,0.88
162,Wyoming Air National Guard Base,,41.16138888888889,-104.81944444444444,act,xlsx,,2026-03-07,3,44.7,20.9,31.9,32.7,10.8,20.4,2026-03-07T06:23,2026-03-07T17:56,41601.29,38115.28,5.95,5.95,0.0,0.0,0.0,0.0,0.0,6,2,0,40.4,83.5,249,19.85,2.62
162,Wyoming Air National Guard Base,,41.16138888888889,-104.81944444444444,act,xlsx,,2026-03-08,3,53.6,37.6,45.7,37.8,18.5,28.3,2026-03-08T06:21,2026-03-08T17:58,41766.6,38023.81,5.15,5.55,0.0,0.0,0.0,0.0,0.0,2,1,0,55.6,99.0,260,17.29,4.98
162,Wyoming Air National Guard Base,,41.16138888888889,-104.81944444444444,act,xlsx,,2026-03-09,3,61.7,46.4,53.0,47.1,27.7,38.1,2026-03-09T06:20,2026-03-09T17:59,41932.51,38713.5,5.3,5.65,0.0,0.0,0.0,0.0,0.0,6,4,2,50.4,82.4,262,17.9,5.71
163,Youngstown Air Reserve Station,,41.26055555555556,-65.34444444444443,act,xlsx,,2026-03-03,61,45.5,29.7,36.9,34.9,19.8,27.2,2026-03-03T06:52,2026-03-03T18:14,40918.33,31226.35,4.9,4.9,5.0,5.0,0.0,0.0,5.0,97,13,0,39.8,60.8,159,15.42,1.64
163,Youngstown Air Reserve Station,,41.26055555555556,-65.34444444444443,act,xlsx,,2026-03-04,63,48.0,36.6,43.0,33.5,29.7,32.2,2026-03-04T06:50,2026-03-04T18:15,41080.58,0.0,3.2,4.85,26.95,26.95,0.0,0.0,12.0,96,38,0,63.4,75.6,219,7.22,0.81
163,Youngstown Air Reserve Station,,41.26055555555556,-65.34444444444443,act,xlsx,,2026-03-05,61,48.3,36.5,44.1,45.9,32.5,39.9,2026-03-05T06:49,2026-03-05T18:16,41243.91,29700.96,4.75,5.0,4.6,4.6,0.0,0.0,7.0,28,11,4,17.3,22.0,134,12.88,1.36
163,Youngstown Air Reserve Station,,41.26055555555556,-65.34444444444443,act,xlsx,,2026-03-06,61,48.5,41.7,45.0,42.8,26.7,33.7,2026-03-06T06:47,2026-03-06T18:17,41408.2,291.83,1.35,4.95,7.1,6.9,0.2,0.0,16.0,68,50,25,54.1,66.6,66,1.94,0.43
163,Youngstown Air Reserve Station,,41.26055555555556,-65.34444444444443,act,xlsx,,2026-03-07,3,50.0,41.9,45.2,41.5,28.8,35.2,2026-03-07T06:45,2026-03-07T18:18,41573.33,26239.51,4.1,5.3,0.0,0.0,0.0,0.0,0.0,25,10,3,39.1,58.7,107,9.01,1.19
163,Youngstown Air Reserve Station,,41.26055555555556,-65.34444444444443,act,xlsx,,2026-03-08,53,52.5,41.4,46.9,41.3,34.0,37.7,2026-03-08T06:44,2026-03-08T18:19,41739.2,15694.74,1.6,5.15,2.7,2.7,0.0,0.0,6.0,48,32,12,50.4,85.3,231,3.69,0.43
163,Youngstown Air Reserve Station,,41.26055555555556,-65.34444444444443,act,xlsx,,2026-03-09,3,49.2,42.8,46.1,42.8,34.9,38.0,2026-03-09T06:42,2026-03-09T18:21,41905.67,38218.06,3.65,5.05,0.0,0.0,0.0,0.0,0.0,26,24,19,27.6,46.8,227,10.98,1.27
164,Zanesville Air National Guard Base,,39.94638888888888,-7.364722222222221,act,xlsx,,2026-03-03,80,64.5,51.3,56.5,58.4,46.2,52.0,2026-03-03T06:59,2026-03-03T18:23,41012.07,36795.68,4.3,4.9,0.7,0.0,0.7,0.0,3.0,85,8,0,23.9,45.7,73,15.93,2.68
164,Zanesville Air National Guard Base,,39.94638888888888,-7.364722222222221,act,xlsx,,2026-03-04,80,66.1,46.4,56.2,64.5,43.1,53.9,2026-03-04T06:58,2026-03-04T18:24,41166.6,37991.82,5.0,5.0,0.3,0.0,0.3,0.0,1.0,15,2,0,14.8,28.8,18,17.63,2.69
164,Zanesville Air National Guard Base,,39.94638888888888,-7.364722222222221,act,xlsx,,2026-03-05,80,61.3,45.2,52.6,58.7,38.7,48.5,2026-03-05T06:56,2026-03-05T18:25,41322.19,25053.1,5.0,5.1,0.6,0.0,0.6,0.0,5.0,28,12,0,26.3,50.0,294,12.1,2.13
164,Zanesville Air National Guard Base,,39.94638888888888,-7.364722222222221,act,xlsx,,2026-03-06,80,51.5,43.1,47.2,45.9,37.3,42.2,2026-03-06T06:55,2026-03-06T18:26,41478.72,5527.91,0.95,4.75,1.4,1.2,0.2,0.0,5.0,45,31,10,15.5,30.2,309,5.92,1.14
164,Zanesville Air National Guard Base,,39.94638888888888,-7.364722222222221,act,xlsx,,2026-03-07,61,50.5,45.0,47.4,48.4,42.2,44.9,2026-03-07T06:53,2026-03-07T18:27,41636.08,1541.96,4.3,4.95,3.9,3.9,0.0,0.0,10.0,30,21,6,7.1,14.4,233,5.87,0.87
164,Zanesville Air National Guard Base,,39.94638888888888,-7.364722222222221,act,xlsx,,2026-03-08,51,53.4,42.4,48.3,50.1,39.1,45.8,2026-03-08T06:51,2026-03-08T18:28,41794.16,21452.86,4.75,4.75,0.3,0.3,0.0,0.0,3.0,14,11,5,7.2,20.9,240,7.18,1.09
164,Zanesville Air National Guard Base,,39.94638888888888,-7.364722222222221,act,xlsx,,2026-03-09,80,53.5,41.2,47.3,47.5,37.9,43.5,2026-03-09T06:50,2026-03-09T18:29,41952.85,8143.9,3.9,4.75,1.0,0.0,1.0,0.0,2.0,43,27,15,16.1,41.8,124,9.52,1.4
165,Guantanamo Bay Naval Base,,19.9,-75.15,act,xlsx,,2026-03-03,2,88.5,70.6,78.5,92.3,76.3,83.3,2026-03-03T06:18,2026-03-03T18:06,42463.9,39063.91,8.15,8.15,0.0,0.0,0.0,0.0,0.0,0,0,0,21.7,38.2,53,21.93,4.98
165,Guantanamo Bay Naval Base,,19.9,-75.15,act,xlsx,,2026-03-04,2,89.0,70.1,78.7,89.5,75.9,82.9,2026-03-04T06:17,2026-03-04T18:06,42530.86,39086.72,8.1,8.1,0.0,0.0,0.0,0.0,0.0,0,0,0,29.5,48.2,74,22.92,5.34
165,Guantanamo Bay Naval Base,,19.9,-75.15,act,xlsx,,2026-03-05,3,86.8,69.7,78.1,90.9,75.4,83.3,2026-03-05T06:16,2026-03-05T18:06,42598.29,36304.17,7.35,8.15,0.3,0.0,0.3,0.0,3.0,9,2,0,23.5,38.5,89,20.65,4.53
165,Guantanamo Bay Naval Base,,19.9,-75.15,act,xlsx,,2026-03-06,3,88.6,70.4,78.8,88.3,76.3,82.5,2026-03-06T06:16,2026-03-06T18:07,42666.16,39033.96,8.25,8.25,0.0,0.0,0.0,0.0,0.0,10,5,0,29.9,48.6,77,21.02,5.12
165,Guantanamo Bay Naval Base,,19.9,-75.15,act,xlsx,,2026-03-07,3,87.7,69.2,78.2,89.2,74.3,81.4,2026-03-07T06:15,2026-03-07T18:07,42734.41,39244.53,7.75,8.25,0.3,0.0,0.3,0.0,3.0,3,1,0,28.9,49.7,64,21.25,5.18
165,Guantanamo Bay Naval Base,,19.9,-75.15,act,xlsx,,2026-03-08,3,89.3,67.6,78.2,90.0,72.2,81.4,2026-03-08T06:14,2026-03-08T18:07,42802.98,39264.59,7.3,7.8,0.0,0.0,0.0,0.0,0.0,25,11,0,28.1,46.4,70,22.77,5.46
165,Guantanamo Bay Naval Base,,19.9,-75.15,act,xlsx,,2026-03-09,1,88.4,68.1,78.1,89.3,73.0,81.6,2026-03-09T06:13,2026-03-09T18:08,42871.84,39586.08,7.85,7.85,0.0,0.0,0.0,0.0,0.0,16,8,0,28.2,45.7,82,21.92,5.19
166,Hato International Airport,,12.18888888888889,-68.95972222222223,act,xlsx,,2026-03-03,2,82.2,79.6,80.7,83.8,80.4,81.8,2026-03-03T06:50,2026-03-03T18:45,42915.72,39462.32,8.7,8.7,0.1,0.0,0.1,0.0,1.0,13,3,0,39.5,53.6,95,23.81,5.46
166,Hato International Airport,,12.18888888888889,-68.95972222222223,act,xlsx,,2026-03-04,80,81.3,79.2,80.2,83.3,80.4,81.6,2026-03-04T06:50,2026-03-04T18:46,42955.52,39292.44,8.1,8.75,1.0,0.0,1.0,0.0,8.0,20,8,0,35.2,47.2,92,21.08,4.91
166,Hato International Airport,,12.18888888888889,-68.95972222222223,act,xlsx,,2026-03-05,80,81.1,79.4,80.0,82.6,80.0,81.0,2026-03-05T06:49,2026-03-05T18:46,42995.62,35659.35,8.75,8.75,1.9,0.0,1.9,0.0,10.0,15,6,0,36.8,49.7,90,19.14,4.67
166,Hato International Airport,,12.18888888888889,-68.95972222222223,act,xlsx,,2026-03-06,3,81.4,78.3,79.8,84.3,79.7,81.5,2026-03-06T06:49,2026-03-06T18:46,43035.98,39293.85,8.65,8.7,1.0,0.0,1.0,0.0,8.0,31,17,1,31.9,42.5,87,22.2,5.02
166,Hato International Airport,,12.18888888888889,-68.95972222222223,act,xlsx,,2026-03-07,3,82.1,79.3,80.3,84.9,80.4,81.8,2026-03-07T06:48,2026-03-07T18:46,43076.57,37592.33,8.7,8.75,0.3,0.0,0.3,0.0,3.0,10,5,0,32.1,43.6,89,23.2,5.47
166,Hato International Airport,,12.18888888888889,-68.95972222222223,act,xlsx,,2026-03-08,2,80.9,79.3,80.0,83.3,80.4,81.4,2026-03-08T06:47,2026-03-08T18:46,43117.38,40646.98,8.2,8.5,0.9,0.0,0.9,0.0,9.0,20,11,2,34.3,45.7,89,22.09,4.98
166,Hato International Airport,,12.18888888888889,-68.95972222222223,act,xlsx,,2026-03-09,80,81.2,78.6,79.8,83.2,80.5,81.4,2026-03-09T06:47,2026-03-09T18:46,43158.36,37133.66,8.5,8.5,1.2,0.0,1.2,0.0,6.0,16,14,7,33.2,44.3,88,20.36,4.72
167,Muñiz Air National Guard Base,,18.439444444444444,-66.00194444444445,act,xlsx,,2026-03-03,2,87.8,71.6,78.3,89.3,76.6,81.9,2026-03-03T06:41,2026-03-03T18:30,42558.93,39445.2,8.35,8.35,0.0,0.0,0.0,0.0,0.0,3,0,0,25.2,48.6,99,21.33,5.04
167,Muñiz Air National Guard Base,,18.439444444444444,-66.00194444444445,act,xlsx,,2026-03-04,3,85.5,72.3,77.7,87.8,79.2,82.3,2026-03-04T06:40,2026-03-04T18:30,42619.99,39488.9,8.35,8.4,0.2,0.0,0.2,0.0,1.0,40,12,0,23.1,54.0,94,18.44,4.22
167,Muñiz Air National Guard Base,,18.439444444444444,-66.00194444444445,act,xlsx,,2026-03-05,3,86.4,71.1,77.7,87.7,77.1,81.6,2026-03-05T06:39,2026-03-05T18:31,42681.49,39533.53,7.75,8.4,0.0,0.0,0.0,0.0,0.0,13,4,0,26.3,50.4,90,20.68,4.78
167,Muñiz Air National Guard Base,,18.439444444444444,-66.00194444444445,act,xlsx,,2026-03-06,80,83.9,73.4,77.6,87.1,79.5,82.4,2026-03-06T06:39,2026-03-06T18:31,42743.38,38070.34,8.45,8.45,1.0,0.0,1.1,0.0,7.0,20,9,0,21.8,46.8,74,17.34,3.79
167,Muñiz Air National Guard Base,,18.439444444444444,-66.00194444444445,act,xlsx,,2026-03-07,80,85.5,74.2,78.2,86.8,79.5,81.8,2026-03-07T06:38,2026-03-07T18:31,42805.63,38433.33,8.35,8.45,0.6,0.0,0.6,0.0,6.0,26,13,1,26.1,51.1,77,18.66,4.33
167,Muñiz Air National Guard Base,,18.439444444444444,-66.00194444444445,act,xlsx,,2026-03-08,3,85.4,73.4,77.9,86.9,78.8,81.5,2026-03-08T06:37,2026-03-08T18:31,42868.18,40159.95,8.15,8.15,0.6,0.0,0.6,0.0,6.0,18,10,3,25.2,50.8,81,20.61,4.66
167,Muñiz Air National Guard Base,,18.439444444444444,-66.00194444444445,act,xlsx,,2026-03-09,2,86.1,71.5,77.4,86.6,76.7,80.8,2026-03-09T06:36,2026-03-09T18:32,42930.99,40325.22,8.05,8.2,0.0,0.0,0.0,0.0,0.0,14,7,3,25.7,49.3,84,20.94,4.73
168,Punta Borinquen Radar Station,,18.485,-67.14888888888889,act,xlsx,,2026-03-03,2,89.0,75.1,80.0,92.4,78.8,83.5,2026-03-03T06:45,2026-03-03T18:35,42558.93,39175.2,8.35,8.35,0.0,0.0,0.0,0.0,0.0,18,6,0,25.4,38.9,70,19.96,5.11
168,Punta Borinquen Radar Station,,18.485,-67.14888888888889,act,xlsx,,2026-03-04,96,83.0,74.9,78.4,87.7,77.7,81.9,2026-03-04T06:44,2026-03-04T18:35,42619.99,39218.9,7.75,8.35,13.6,0.0,13.6,0.0,7.0,35,16,0,23.6,37.4,69,16.46,3.99
168,Punta Borinquen Radar Station,,18.485,-67.14888888888889,act,xlsx,,2026-03-05,80,85.3,74.6,78.8,86.9,78.0,81.5,2026-03-05T06:44,2026-03-05T18:35,42681.49,39263.53,8.25,8.35,1.1,0.0,1.1,0.0,7.0,13,5,0,28.2,45.0,71,20.42,4.91
168,Punta Borinquen Radar Station,,18.485,-67.14888888888889,act,xlsx,,2026-03-06,80,83.1,74.6,77.8,84.4,76.5,79.4,2026-03-06T06:43,2026-03-06T18:35,42743.38,37083.09,8.1,8.4,2.6,0.0,2.6,0.0,5.0,35,16,5,31.4,48.2,69,18.4,4.31
168,Punta Borinquen Radar Station,,18.485,-67.14888888888889,act,xlsx,,2026-03-07,3,83.3,74.9,78.2,83.6,76.7,78.9,2026-03-07T06:42,2026-03-07T18:36,42805.63,36559.2,8.4,8.4,0.3,0.0,0.3,0.0,3.0,55,28,9,33.2,51.8,70,19.02,4.64
168,Punta Borinquen Radar Station,,18.485,-67.14888888888889,act,xlsx,,2026-03-08,80,83.0,74.5,77.9,83.7,77.1,79.4,2026-03-08T06:41,2026-03-08T18:36,42868.18,37517.39,5.55,8.1,3.3,0.0,3.3,0.0,6.0,30,26,17,29.8,47.9,71,19.16,4.61
168,Punta Borinquen Radar Station,,18.485,-67.14888888888889,act,xlsx,,2026-03-09,95,83.9,74.0,77.7,86.0,76.5,79.9,2026-03-09T06:41,2026-03-09T18:36,42930.99,40213.07,4.95,8.15,6.9,0.0,6.9,0.0,9.0,25,23,18,25.5,42.1,71,21.45,4.88
169,Punta Salinas Air National Guard Station,,18.375,-66.26166666666667,act,xlsx,,2026-03-03,2,84.2,68.3,74.6,83.6,71.9,76.7,2026-03-03T06:42,2026-03-03T18:31,42558.93,39385.2,8.4,8.4,0.0,0.0,0.0,0.0,0.0,3,0,0,23.7,51.8,101,20.62,4.71
169,Punta Salinas Air National Guard Station,,18.375,-66.26166666666667,act,xlsx,,2026-03-04,3,81.1,68.3,73.5,81.8,72.9,76.5,2026-03-04T06:41,2026-03-04T18:31,42619.99,39428.89,8.25,8.4,0.4,0.0,0.4,0.0,4.0,33,10,0,21.6,56.2,95,16.47,3.6
169,Punta Salinas Air National Guard Station,,18.375,-66.26166666666667,act,xlsx,,2026-03-05,3,83.3,66.9,73.9,82.8,70.5,76.2,2026-03-05T06:40,2026-03-05T18:32,42681.49,39473.53,7.7,8.45,0.0,0.0,0.0,0.0,0.0,18,3,0,24.1,54.0,90,19.75,4.41
169,Punta Salinas Air National Guard Station,,18.375,-66.26166666666667,act,xlsx,,2026-03-06,80,80.2,69.5,73.5,82.1,74.1,77.0,2026-03-06T06:40,2026-03-06T18:32,42743.38,36309.81,8.3,8.45,1.4,0.0,1.4,0.0,6.0,29,12,0,21.5,52.9,74,16.4,3.31
169,Punta Salinas Air National Guard Station,,18.375,-66.26166666666667,act,xlsx,,2026-03-07,3,82.2,70.4,74.4,81.7,74.2,76.5,2026-03-07T06:39,2026-03-07T18:32,42805.63,35865.25,8.05,8.45,0.3,0.0,0.0,0.0,3.0,27,13,0,25.8,56.9,76,17.16,3.87
169,Punta Salinas Air National Guard Station,,18.375,-66.26166666666667,act,xlsx,,2026-03-08,3,81.6,69.4,74.1,81.6,73.1,76.1,2026-03-08T06:38,2026-03-08T18:32,42868.18,39981.38,8.1,8.2,0.6,0.0,0.6,0.0,3.0,23,10,0,24.7,56.2,80,19.0,4.13
169,Punta Salinas Air National Guard Station,,18.375,-66.26166666666667,act,xlsx,,2026-03-09,3,83.9,67.1,73.9,83.5,70.9,75.9,2026-03-09T06:37,2026-03-09T18:33,42930.99,40358.09,8.25,8.25,0.0,0.0,0.0,0.0,0.0,23,13,3,22.9,50.0,85,21.09,4.57
170,Queen Beatrix International Airport,,12.501388888888888,-70.01527777777778,act,xlsx,,2026-03-03,2,81.3,79.7,80.4,83.3,79.8,81.0,2026-03-03T06:54,2026-03-03T18:49,42901.45,39888.4,8.75,8.75,0.1,0.0,0.1,0.0,1.0,13,3,0,39.0,52.9,92,23.78,5.31
170,Queen Beatrix International Airport,,12.501388888888888,-70.01527777777778,act,xlsx,,2026-03-04,3,80.4,79.2,79.9,82.6,79.4,80.7,2026-03-04T06:53,2026-03-04T18:49,42942.09,38728.3,8.5,8.8,0.2,0.0,0.2,0.0,2.0,15,6,0,38.0,51.5,88,21.86,4.82
170,Queen Beatrix International Airport,,12.501388888888888,-70.01527777777778,act,xlsx,,2026-03-05,3,80.5,79.5,79.8,82.2,79.1,79.9,2026-03-05T06:53,2026-03-05T18:49,42983.04,32400.0,8.5,8.8,0.5,0.0,0.6,0.0,5.0,15,4,0,39.1,52.9,88,20.91,4.81
170,Queen Beatrix International Airport,,12.501388888888888,-70.01527777777778,act,xlsx,,2026-03-06,3,80.4,78.6,79.6,83.5,78.6,80.5,2026-03-06T06:52,2026-03-06T18:49,43024.26,38956.96,8.65,8.8,0.1,0.0,0.1,0.0,1.0,30,12,0,37.1,50.4,83,23.34,5.09
170,Queen Beatrix International Airport,,12.501388888888888,-70.01527777777778,act,xlsx,,2026-03-07,2,81.0,79.1,80.0,84.5,79.3,80.9,2026-03-07T06:52,2026-03-07T18:49,43065.71,40591.57,8.85,8.85,0.0,0.0,0.0,0.0,0.0,13,6,0,34.9,46.1,84,23.82,5.43
170,Queen Beatrix International Airport,,12.501388888888888,-70.01527777777778,act,xlsx,,2026-03-08,2,80.6,79.1,79.8,82.9,79.1,80.4,2026-03-08T06:51,2026-03-08T18:49,43107.39,40634.62,8.55,8.55,0.9,0.0,0.9,0.0,6.0,18,9,0,36.9,50.0,85,23.55,5.13
170,Queen Beatrix International Airport,,12.501388888888888,-70.01527777777778,act,xlsx,,2026-03-09,2,80.6,78.3,79.6,83.6,79.3,80.8,2026-03-09T06:50,2026-03-09T18:50,43149.23,40677.77,8.15,8.55,0.3,0.0,0.3,0.0,3.0,6,3,2,35.1,47.9,86,22.79,4.92
171,Soto Cano Air Base,,14.3825,-87.6211111111111,act,xlsx,,2026-03-03,80,80.0,64.2,71.0,78.8,65.6,71.5,2026-03-03T06:05,2026-03-03T17:58,42797.62,39705.08,8.95,8.95,1.9,0.0,1.9,0.0,4.0,70,11,0,22.0,45.7,342,22.18,4.62
171,Soto Cano Air Base,,14.3825,-87.6211111111111,act,xlsx,,2026-03-04,80,83.3,63.7,71.4,83.1,65.5,72.9,2026-03-04T06:05,2026-03-04T17:59,42844.69,37974.88,8.95,8.95,1.2,0.0,1.2,0.0,4.0,70,14,0,15.5,34.2,345,19.06,4.08
171,Soto Cano Air Base,,14.3825,-87.6211111111111,act,xlsx,,2026-03-05,96,84.8,64.9,72.4,86.4,68.5,75.7,2026-03-05T06:04,2026-03-05T17:59,42892.1,35626.91,8.95,9.0,19.3,0.1,19.2,0.0,6.0,68,24,0,11.2,30.6,358,19.54,4.11
171,Soto Cano Air Base,,14.3825,-87.6211111111111,act,xlsx,,2026-03-06,45,82.9,64.3,72.6,87.3,67.5,76.5,2026-03-06T06:03,2026-03-06T17:59,42939.81,40169.83,9.05,9.05,0.6,0.0,0.6,0.0,2.0,58,18,0,9.5,23.8,349,23.89,4.7
171,Soto Cano Air Base,,14.3825,-87.6211111111111,act,xlsx,,2026-03-07,3,84.2,64.5,73.6,88.3,67.1,76.8,2026-03-07T06:03,2026-03-07T17:59,42987.8,40492.29,9.1,9.1,0.3,0.0,0.3,0.0,1.0,40,9,0,10.9,23.8,351,24.44,4.95
171,Soto Cano Air Base,,14.3825,-87.6211111111111,act,xlsx,,2026-03-08,3,84.3,65.1,73.7,87.4,67.7,76.3,2026-03-08T06:02,2026-03-08T17:59,43036.03,40541.95,8.25,8.5,0.2,0.0,0.2,0.0,2.0,18,4,0,13.2,28.1,349,24.75,5.1
171,Soto Cano Air Base,,14.3825,-87.6211111111111,act,xlsx,,2026-03-09,80,83.8,64.9,72.7,84.9,68.2,75.4,2026-03-09T06:01,2026-03-09T17:59,43084.46,40591.72,7.45,8.5,2.1,0.0,2.1,0.0,9.0,30,15,0,13.3,31.0,347,21.35,4.41
172,St Croix Air National Guard Station,,17.706666666666667,-3.08,act,xlsx,,2026-03-03,3,87.1,74.8,80.2,84.7,71.4,77.0,2026-03-03T06:29,2026-03-03T18:19,42586.38,17288.62,7.45,7.65,0.0,0.0,0.0,0.0,0.0,3,0,0,8.7,16.9,65,14.09,4.32
172,St Croix Air National Guard Station,,17.706666666666667,-3.08,act,xlsx,,2026-03-04,3,92.5,69.4,81.0,89.2,66.1,77.0,2026-03-04T06:28,2026-03-04T18:19,42645.13,39508.37,7.45,7.7,0.0,0.0,0.0,0.0,0.0,0,0,0,14.0,22.3,42,23.64,6.18
172,St Croix Air National Guard Station,,17.706666666666667,-3.08,act,xlsx,,2026-03-05,3,88.5,69.7,79.2,80.6,62.3,71.6,2026-03-05T06:28,2026-03-05T18:19,42704.32,39526.11,7.15,7.75,0.0,0.0,0.0,0.0,0.0,0,0,0,26.1,41.4,14,24.09,8.71
172,St Croix Air National Guard Station,,17.706666666666667,-3.08,act,xlsx,,2026-03-06,3,88.3,72.2,80.0,80.2,64.6,72.5,2026-03-06T06:27,2026-03-06T18:20,42763.89,19918.25,6.4,7.8,0.0,0.0,0.0,0.0,0.0,0,0,0,21.4,32.4,26,17.24,7.44
172,St Croix Air National Guard Station,,17.706666666666667,-3.08,act,xlsx,,2026-03-07,3,93.2,74.8,83.6,84.5,67.6,76.0,2026-03-07T06:26,2026-03-07T18:20,42823.81,38991.59,7.2,7.8,0.0,0.0,0.0,0.0,0.0,0,0,0,19.4,30.2,34,18.84,7.88
172,St Croix Air National Guard Station,,17.706666666666667,-3.08,act,xlsx,,2026-03-08,3,98.9,77.1,86.9,93.6,70.8,80.4,2026-03-08T06:25,2026-03-08T18:20,42884.04,40038.13,6.1,7.3,0.2,0.0,0.2,0.0,2.0,0,0,0,17.7,27.4,46,22.55,7.99
172,St Croix Air National Guard Station,,17.706666666666667,-3.08,act,xlsx,,2026-03-09,3,98.0,77.5,86.4,91.0,70.1,79.6,2026-03-09T06:25,2026-03-09T18:20,42944.52,40200.07,6.6,7.3,0.1,0.0,0.1,0.0,1.0,0,0,0,21.6,32.4,59,22.17,9.2
173,Ämari Air Base,,59.26222222222222,24.21861111111111,act,xlsx,,2026-03-03,51,37.9,31.9,34.2,30.7,25.5,27.6,2026-03-03T07:14,2026-03-03T17:55,38494.36,0.0,1.0,2.15,1.1,1.1,0.0,0.0,5.0,25,8,0,19.8,45.0,209,1.03,0.2
173,Ämari Air Base,,59.26222222222222,24.21861111111111,act,xlsx,,2026-03-04,3,38.2,31.7,35.6,29.3,25.1,27.5,2026-03-04T07:11,2026-03-04T17:58,38808.12,32297.93,2.2,2.2,0.0,0.0,0.0,0.0,0.0,18,3,0,20.5,49.7,280,8.08,0.85
173,Ämari Air Base,,59.26222222222222,24.21861111111111,act,xlsx,,2026-03-05,3,40.4,29.6,35.0,34.4,24.5,28.9,2026-03-05T07:08,2026-03-05T18:00,39123.59,32679.76,2.3,2.3,0.0,0.0,0.0,0.0,0.0,0,0,0,14.4,39.2,296,8.93,0.77
173,Ämari Air Base,,59.26222222222222,24.21861111111111,act,xlsx,,2026-03-06,3,46.8,28.0,35.3,38.0,21.0,27.8,2026-03-06T07:05,2026-03-06T18:03,39440.55,34098.98,2.4,2.4,0.0,0.0,0.0,0.0,0.0,0,0,0,17.5,37.4,226,9.44,1.08
173,Ämari Air Base,,59.26222222222222,24.21861111111111,act,xlsx,,2026-03-07,3,41.6,29.1,33.7,34.7,21.8,26.7,2026-03-07T07:02,2026-03-07T18:05,39758.81,33956.05,2.1,2.35,0.0,0.0,0.0,0.0,0.0,8,3,0,14.3,29.2,297,9.89,0.92
173,Ämari Air Base,,59.26222222222222,24.21861111111111,act,xlsx,,2026-03-08,3,47.8,29.2,36.0,40.2,22.0,28.8,2026-03-08T06:59,2026-03-08T18:07,40078.18,35094.72,2.35,2.35,0.0,0.0,0.0,0.0,0.0,2,0,0,12.5,28.1,250,10.02,1.15
173,Ämari Air Base,,59.26222222222222,24.21861111111111,act,xlsx,,2026-03-09,0,47.9,30.6,36.6,40.6,23.8,29.3,2026-03-09T06:56,2026-03-09T18:10,40398.45,35617.62,2.4,2.4,0.0,0.0,0.0,0.0,0.0,2,1,0,14.4,33.5,234,9.88,1.08
174,Aviano Air Base,,46.03138888888889,12.596944444444444,act,xlsx,,2026-03-03,80,55.3,45.5,50.0,53.6,43.9,48.3,2026-03-03T06:44,2026-03-03T17:58,40409.88,14025.25,3.35,3.65,0.0,0.0,0.0,0.0,0.0,23,4,0,6.2,11.2,319,6.16,0.97
174,Aviano Air Base,,46.03138888888889,12.596944444444444,act,xlsx,,2026-03-04,45,57.1,44.3,50.0,54.2,41.8,47.8,2026-03-04T06:42,2026-03-04T17:59,40601.63,32576.05,3.7,3.75,0.0,0.0,0.0,0.0,0.0,3,0,0,7.4,14.4,186,9.68,1.38
174,Aviano Air Base,,46.03138888888889,12.596944444444444,act,xlsx,,2026-03-05,45,59.2,41.3,48.9,56.9,38.7,46.6,2026-03-05T06:41,2026-03-05T18:01,40794.64,30965.23,3.95,3.95,0.0,0.0,0.0,0.0,0.0,0,0,0,5.5,15.5,23,13.63,1.87
174,Aviano Air Base,,46.03138888888889,12.596944444444444,act,xlsx,,2026-03-06,1,60.9,42.4,50.7,57.5,37.4,46.8,2026-03-06T06:39,2026-03-06T18:02,40988.79,36948.71,4.0,4.0,0.0,0.0,0.0,0.0,0.0,0,0,0,6.4,15.8,312,14.75,2.21
174,Aviano Air Base,,46.03138888888889,12.596944444444444,act,xlsx,,2026-03-07,1,61.2,44.2,51.8,57.6,39.6,48.2,2026-03-07T06:37,2026-03-07T18:03,41183.91,36983.34,4.0,4.0,0.0,0.0,0.0,0.0,0.0,0,0,0,7.3,18.7,305,14.66,2.22
174,Aviano Air Base,,46.03138888888889,12.596944444444444,act,xlsx,,2026-03-08,3,58.5,42.2,50.4,55.9,38.0,47.5,2026-03-08T06:35,2026-03-08T18:05,41379.9,36721.52,3.8,3.8,0.0,0.0,0.0,0.0,0.0,3,1,0,7.3,16.9,6,13.21,1.88
174,Aviano Air Base,,46.03138888888889,12.596944444444444,act,xlsx,,2026-03-09,3,60.7,46.5,52.4,53.9,41.0,47.6,2026-03-09T06:33,2026-03-09T18:06,41576.62,37905.51,3.85,3.85,0.0,0.0,0.0,0.0,0.0,9,3,0,15.3,32.8,50,15.5,2.57
175,Büchel Air Base,,50.17638888888889,7.057777777777778,act,xlsx,,2026-03-03,2,57.6,36.2,45.7,53.5,31.1,41.4,2026-03-03T07:10,2026-03-03T18:16,39929.84,35092.62,3.35,3.35,0.0,0.0,0.0,0.0,0.0,0,0,0,9.4,19.1,265,12.99,1.7
175,Büchel Air Base,,50.17638888888889,7.057777777777778,act,xlsx,,2026-03-04,1,57.1,39.6,46.6,53.3,35.7,42.6,2026-03-04T07:08,2026-03-04T18:18,40151.97,35196.02,3.4,3.4,0.0,0.0,0.0,0.0,0.0,0,0,0,10.4,17.6,93,12.86,1.73
175,Büchel Air Base,,50.17638888888889,7.057777777777778,act,xlsx,,2026-03-05,2,54.7,38.0,45.0,48.4,32.0,39.3,2026-03-05T07:06,2026-03-05T18:19,40375.52,35547.0,3.5,3.5,0.0,0.0,0.0,0.0,0.0,0,0,0,14.8,27.4,104,13.98,1.83
175,Büchel Air Base,,50.17638888888889,7.057777777777778,act,xlsx,,2026-03-06,3,58.0,35.8,45.1,54.5,30.6,40.8,2026-03-06T07:04,2026-03-06T18:21,40600.31,35702.26,3.45,3.55,0.0,0.0,0.0,0.0,0.0,0,0,0,8.7,16.6,50,12.86,1.75
175,Büchel Air Base,,50.17638888888889,7.057777777777778,act,xlsx,,2026-03-07,3,57.6,37.3,45.9,52.5,31.6,40.8,2026-03-07T07:02,2026-03-07T18:23,40826.21,37249.79,3.25,3.6,0.0,0.0,0.0,0.0,0.0,0,0,0,9.8,21.6,33,13.82,1.96
175,Büchel Air Base,,50.17638888888889,7.057777777777778,act,xlsx,,2026-03-08,1,58.9,35.0,45.9,54.4,30.4,41.9,2026-03-08T07:00,2026-03-08T18:24,41053.05,37528.2,3.3,3.35,0.0,0.0,0.0,0.0,0.0,2,0,0,10.0,23.4,234,14.23,1.88
175,Büchel Air Base,,50.17638888888889,7.057777777777778,act,xlsx,,2026-03-09,2,57.5,38.5,46.3,52.6,33.7,41.9,2026-03-09T06:58,2026-03-09T18:26,41280.69,37788.39,3.5,3.5,0.0,0.0,0.0,0.0,0.0,8,3,0,12.8,34.6,238,14.17,1.79
176,Camp Darby,,43.63333333333333,10.316666666666666,act,xlsx,,2026-03-03,3,62.4,49.8,54.9,60.9,46.8,52.9,2026-03-03T06:51,2026-03-03T18:09,40657.91,33151.76,3.75,4.15,0.0,0.0,0.0,0.0,0.0,43,9,0,10.1,22.7,99,12.0,1.82
176,Camp Darby,,43.63333333333333,10.316666666666666,act,xlsx,,2026-03-04,3,60.3,49.8,53.9,58.4,46.3,51.6,2026-03-04T06:50,2026-03-04T18:10,40834.08,13983.39,2.55,4.25,0.0,0.0,0.0,0.0,0.0,15,3,0,9.3,20.2,100,8.06,1.37
176,Camp Darby,,43.63333333333333,10.316666666666666,act,xlsx,,2026-03-05,3,65.9,47.9,55.7,62.6,44.4,52.5,2026-03-05T06:48,2026-03-05T18:11,41011.44,35677.64,4.35,4.35,0.0,0.0,0.0,0.0,0.0,0,0,0,15.3,34.7,97,14.87,2.46
176,Camp Darby,,43.63333333333333,10.316666666666666,act,xlsx,,2026-03-06,3,65.7,50.6,56.2,64.6,45.7,53.2,2026-03-06T06:46,2026-03-06T18:13,41189.85,37776.49,4.1,4.35,0.0,0.0,0.0,0.0,0.0,3,1,0,16.2,33.8,88,14.71,2.41
176,Camp Darby,,43.63333333333333,10.316666666666666,act,xlsx,,2026-03-07,45,63.9,48.0,55.0,61.7,43.3,52.0,2026-03-07T06:44,2026-03-07T18:14,41369.19,38364.62,4.1,4.45,0.0,0.0,0.0,0.0,0.0,0,0,0,10.1,23.0,102,16.0,2.49
176,Camp Darby,,43.63333333333333,10.316666666666666,act,xlsx,,2026-03-08,45,62.0,46.8,53.8,61.1,44.2,52.4,2026-03-08T06:43,2026-03-08T18:15,41549.33,35476.53,4.2,4.2,0.0,0.0,0.0,0.0,0.0,9,4,0,8.0,16.2,124,13.89,2.05
176,Camp Darby,,43.63333333333333,10.316666666666666,act,xlsx,,2026-03-09,45,64.4,46.6,54.6,58.3,44.2,50.8,2026-03-09T06:41,2026-03-09T18:17,41730.15,36791.6,4.25,4.25,0.0,0.0,0.0,0.0,0.0,11,10,8,17.2,33.5,82,15.63,2.69
177,Camp Lemonnier,,11.543611111111112,43.14861111111111,act,xlsx,,2026-03-03,3,89.6,74.0,79.7,94.0,81.9,85.7,2026-03-03T06:21,2026-03-03T18:17,42947.61,37668.8,8.3,8.3,0.0,0.0,0.0,0.0,0.0,0,0,0,19.4,31.7,71,20.71,4.78
177,Camp Lemonnier,,11.543611111111112,43.14861111111111,act,xlsx,,2026-03-04,3,90.8,74.1,80.4,95.1,81.8,86.2,2026-03-04T06:21,2026-03-04T18:17,42984.8,38195.25,7.6,8.3,0.2,0.0,0.2,0.0,2.0,28,8,0,22.5,38.2,80,17.84,4.45
177,Camp Lemonnier,,11.543611111111112,43.14861111111111,act,xlsx,,2026-03-05,3,85.4,75.0,78.5,87.7,80.2,82.4,2026-03-05T06:20,2026-03-05T18:17,43022.28,37682.82,6.95,8.3,0.0,0.0,0.0,0.0,0.0,13,4,0,27.2,45.4,77,17.32,4.15
177,Camp Lemonnier,,11.543611111111112,43.14861111111111,act,xlsx,,2026-03-06,80,85.2,73.9,78.1,85.9,79.8,81.5,2026-03-06T06:19,2026-03-06T18:17,43060.01,39426.7,7.2,8.35,0.2,0.0,0.2,0.0,1.0,0,0,0,28.8,48.2,83,18.81,4.46
177,Camp Lemonnier,,11.543611111111112,43.14861111111111,act,xlsx,,2026-03-07,2,87.6,71.6,78.0,88.3,77.9,81.4,2026-03-07T06:19,2026-03-07T18:17,43097.98,40756.29,8.25,8.4,0.0,0.0,0.0,0.0,0.0,3,1,0,26.6,44.3,85,24.15,5.5
177,Camp Lemonnier,,11.543611111111112,43.14861111111111,act,xlsx,,2026-03-08,2,87.2,70.8,77.5,88.2,77.2,81.1,2026-03-08T06:18,2026-03-08T18:17,43136.14,40811.75,7.85,7.85,0.0,0.0,0.0,0.0,0.0,0,0,0,23.3,39.2,84,23.56,5.27
177,Camp Lemonnier,,11.543611111111112,43.14861111111111,act,xlsx,,2026-03-09,2,87.1,72.6,78.4,89.8,79.9,83.5,2026-03-09T06:18,2026-03-09T18:17,43174.48,40827.3,6.5,7.9,0.0,0.0,0.0,0.0,0.0,0,0,0,25.4,42.1,77,19.65,4.4
178,Camp Simba,,-2.165555555555556,8.681388888888888,act,xlsx,,2026-03-03,96,83.2,80.3,81.8,92.9,88.8,90.5,2026-03-03T06:33,2026-03-03T18:41,43723.5,35186.71,8.9,9.6,17.8,0.0,17.8,0.0,16.0,78,42,10,18.6,25.6,193,20.14,4.07
178,Camp Simba,,-2.165555555555556,8.681388888888888,act,xlsx,,2026-03-04,80,83.2,82.5,82.8,93.8,91.2,91.9,2026-03-04T06:32,2026-03-04T18:41,43716.35,38110.86,5.95,9.65,2.6,0.0,2.5,0.0,8.0,43,19,0,12.8,18.0,186,19.12,4.03
178,Camp Simba,,-2.165555555555556,8.681388888888888,act,xlsx,,2026-03-05,95,83.8,81.2,82.8,95.9,90.8,92.6,2026-03-05T06:32,2026-03-05T18:41,43709.16,34888.88,9.15,9.65,6.9,0.0,6.9,0.0,5.0,35,22,8,13.2,18.0,172,22.62,4.68
178,Camp Simba,,-2.165555555555556,8.681388888888888,act,xlsx,,2026-03-06,95,83.7,81.6,82.6,93.4,89.5,91.5,2026-03-06T06:32,2026-03-06T18:40,43701.95,39814.76,9.65,9.65,3.9,0.0,3.7,0.0,9.0,28,12,4,19.1,25.6,162,23.48,4.7
178,Camp Simba,,-2.165555555555556,8.681388888888888,act,xlsx,,2026-03-07,95,84.1,81.4,82.8,94.2,89.1,91.1,2026-03-07T06:32,2026-03-07T18:40,43694.72,34446.51,9.6,9.65,5.9,0.0,5.9,0.0,4.0,75,41,9,20.2,26.6,156,22.06,4.71
178,Camp Simba,,-2.165555555555556,8.681388888888888,act,xlsx,,2026-03-08,95,84.0,82.0,82.9,92.9,89.1,90.9,2026-03-08T06:32,2026-03-08T18:40,43687.47,36692.75,9.05,9.1,9.6,0.0,9.6,0.0,21.0,70,53,23,19.7,27.7,157,19.86,4.28
178,Camp Simba,,-2.165555555555556,8.681388888888888,act,xlsx,,2026-03-09,96,83.5,80.9,82.2,92.5,89.0,90.7,2026-03-09T06:32,2026-03-09T18:40,43680.21,30401.95,4.8,9.05,25.3,0.0,25.3,0.0,12.0,83,74,64,22.1,29.2,172,15.53,3.39
179,Câmpia Turzii (71st Air Base),,46.50333333333333,23.885277777777777,act,xlsx,,2026-03-03,45,55.9,28.7,40.5,50.6,23.9,35.6,2026-03-03T07:00,2026-03-03T18:12,40351.89,35011.22,3.7,3.7,0.0,0.0,0.0,0.0,0.0,0,0,0,8.8,18.0,312,13.17,1.84
179,Câmpia Turzii (71st Air Base),,46.50333333333333,23.885277777777777,act,xlsx,,2026-03-04,45,56.2,29.9,41.8,52.0,25.3,37.5,2026-03-04T06:58,2026-03-04T18:14,40546.72,35346.51,3.75,3.75,0.0,0.0,0.0,0.0,0.0,0,0,0,3.7,10.4,302,13.78,1.77
179,Câmpia Turzii (71st Air Base),,46.50333333333333,23.885277777777777,act,xlsx,,2026-03-05,3,56.9,32.6,44.0,51.0,28.2,39.2,2026-03-05T06:56,2026-03-05T18:15,40742.85,35179.43,3.6,3.65,0.0,0.0,0.0,0.0,0.0,8,1,0,15.2,28.8,327,11.51,1.81
179,Câmpia Turzii (71st Air Base),,46.50333333333333,23.885277777777777,act,xlsx,,2026-03-06,1,54.8,30.6,42.1,46.4,25.6,36.1,2026-03-06T06:54,2026-03-06T18:16,40940.12,36783.52,3.9,3.9,0.0,0.0,0.0,0.0,0.0,0,0,0,14.2,28.1,338,14.77,2.15
179,Câmpia Turzii (71st Air Base),,46.50333333333333,23.885277777777777,act,xlsx,,2026-03-07,1,54.0,29.8,40.5,48.1,24.8,35.4,2026-03-07T06:52,2026-03-07T18:18,41138.39,37040.24,4.0,4.0,0.0,0.0,0.0,0.0,0.0,0,0,0,8.7,16.9,341,14.62,1.89
179,Câmpia Turzii (71st Air Base),,46.50333333333333,23.885277777777777,act,xlsx,,2026-03-08,45,52.7,28.0,39.9,46.8,23.1,34.6,2026-03-08T06:50,2026-03-08T18:19,41337.55,36996.49,3.8,3.8,0.0,0.0,0.0,0.0,0.0,2,0,0,7.4,14.4,351,13.14,1.76
179,Câmpia Turzii (71st Air Base),,46.50333333333333,23.885277777777777,act,xlsx,,2026-03-09,1,53.5,34.2,43.5,47.6,28.5,37.6,2026-03-09T06:48,2026-03-09T18:21,41537.43,38289.91,3.95,3.95,0.0,0.0,0.0,0.0,0.0,3,2,0,9.3,18.4,53,15.33,2.14
180,Chabelley Airfield,,11.516666666666667,43.06666666666667,act,xlsx,,2026-03-03,3,88.7,73.1,78.9,92.8,80.6,84.4,2026-03-03T06:21,2026-03-03T18:17,42947.61,37668.8,8.3,8.3,0.0,0.0,0.0,0.0,0.0,0,0,0,19.4,31.7,71,20.71,4.73
180,Chabelley Airfield,,11.516666666666667,43.06666666666667,act,xlsx,,2026-03-04,3,90.0,73.2,79.5,93.8,80.5,84.9,2026-03-04T06:21,2026-03-04T18:17,42984.8,38195.25,7.6,8.3,0.2,0.0,0.2,0.0,2.0,28,8,0,22.5,38.2,80,17.84,4.41
180,Chabelley Airfield,,11.516666666666667,43.06666666666667,act,xlsx,,2026-03-05,3,84.6,74.1,77.6,86.5,78.9,81.2,2026-03-05T06:20,2026-03-05T18:17,43022.28,37682.82,6.95,8.3,0.0,0.0,0.0,0.0,0.0,13,4,0,27.2,45.4,77,17.32,4.09
180,Chabelley Airfield,,11.516666666666667,43.06666666666667,act,xlsx,,2026-03-06,80,84.4,73.0,77.3,84.6,78.4,80.3,2026-03-06T06:19,2026-03-06T18:17,43060.01,39426.7,7.2,8.35,0.2,0.0,0.2,0.0,1.0,0,0,0,28.8,48.2,83,18.81,4.4
180,Chabelley Airfield,,11.516666666666667,43.06666666666667,act,xlsx,,2026-03-07,2,86.7,70.7,77.2,87.1,76.6,80.1,2026-03-07T06:19,2026-03-07T18:17,43097.98,40756.29,8.25,8.4,0.0,0.0,0.0,0.0,0.0,3,1,0,26.6,44.3,85,24.15,5.43
180,Chabelley Airfield,,11.516666666666667,43.06666666666667,act,xlsx,,2026-03-08,2,86.4,70.0,76.7,87.0,75.9,79.9,2026-03-08T06:18,2026-03-08T18:17,43136.14,40811.75,7.85,7.85,0.0,0.0,0.0,0.0,0.0,0,0,0,23.3,39.2,84,23.56,5.21
180,Chabelley Airfield,,11.516666666666667,43.06666666666667,act,xlsx,,2026-03-09,2,86.3,71.7,77.5,88.5,78.6,82.2,2026-03-09T06:18,2026-03-09T18:17,43174.48,40827.3,6.5,7.9,0.0,0.0,0.0,0.0,0.0,0,0,0,25.4,42.1,77,19.65,4.35
181,Chièvres Air Base,,50.58583333333333,58.06388888888888,act,xlsx,,2026-03-03,3,28.8,23.0,25.8,18.4,15.2,16.4,2026-03-03T07:47,2026-03-03T18:51,39842.67,5108.04,4.35,4.7,0.0,0.0,0.0,0.0,0.0,8,2,0,24.7,36.4,210,8.91,0.57
181,Chièvres Air Base,,50.58583333333333,58.06388888888888,act,xlsx,,2026-03-04,85,30.3,28.5,29.6,19.0,17.0,18.2,2026-03-04T07:45,2026-03-04T18:53,40067.71,22071.38,4.15,4.65,3.6,0.0,0.0,2.45,10.0,93,38,8,31.2,47.2,220,9.45,0.54
181,Chièvres Air Base,,50.58583333333333,58.06388888888888,act,xlsx,,2026-03-05,71,28.2,22.0,24.5,16.9,12.3,14.1,2026-03-05T07:43,2026-03-05T18:55,40294.21,14572.84,4.55,4.85,1.2,0.0,0.0,0.77,10.0,48,19,0,26.0,39.2,249,9.12,0.49
181,Chièvres Air Base,,50.58583333333333,58.06388888888888,act,xlsx,,2026-03-06,85,31.1,22.0,26.4,21.5,12.7,16.7,2026-03-06T07:41,2026-03-06T18:56,40522.0,0.0,3.7,4.85,5.4,0.0,0.0,3.57,19.0,80,62,12,24.6,35.3,207,6.64,0.39
181,Chièvres Air Base,,50.58583333333333,58.06388888888888,act,xlsx,,2026-03-07,77,28.0,22.7,25.5,18.2,13.7,15.8,2026-03-07T07:39,2026-03-07T18:58,40750.93,16095.96,3.55,4.75,0.0,0.0,0.0,0.0,0.0,56,25,15,23.4,35.3,260,9.51,0.51
181,Chièvres Air Base,,50.58583333333333,58.06388888888888,act,xlsx,,2026-03-08,71,25.1,21.2,23.3,13.8,10.0,11.2,2026-03-08T07:36,2026-03-08T19:00,40980.83,11107.4,4.35,4.6,0.9,0.0,0.0,0.63,9.0,29,20,12,31.7,47.5,244,9.09,0.45
181,Chièvres Air Base,,50.58583333333333,58.06388888888888,act,xlsx,,2026-03-09,85,26.2,8.8,20.2,15.4,-1.4,9.6,2026-03-09T07:34,2026-03-09T19:01,41211.56,23577.45,4.6,4.65,1.2,0.0,0.0,0.42,3.0,30,27,23,29.6,45.4,221,10.53,0.54
182,Einsiedlerhof Air Station,,49.42833333333333,7.1175,act,xlsx,,2026-03-03,3,59.2,35.6,45.7,57.5,30.2,42.5,2026-03-03T07:09,2026-03-03T18:17,40021.32,35154.34,3.25,3.25,0.0,0.0,0.0,0.0,0.0,0,0,0,7.9,11.5,18,13.2,1.74
182,Einsiedlerhof Air Station,,49.42833333333333,7.1175,act,xlsx,,2026-03-04,3,57.9,36.3,45.3,54.1,31.7,41.3,2026-03-04T07:07,2026-03-04T18:18,40237.63,35322.04,3.35,3.35,0.0,0.0,0.0,0.0,0.0,0,0,0,9.7,17.6,55,13.6,1.8
182,Einsiedlerhof Air Station,,49.42833333333333,7.1175,act,xlsx,,2026-03-05,2,58.5,36.1,45.0,54.0,30.2,40.0,2026-03-05T07:05,2026-03-05T18:20,40455.33,35752.95,3.45,3.45,0.0,0.0,0.0,0.0,0.0,0,0,0,11.9,25.2,67,14.34,1.85
182,Einsiedlerhof Air Station,,49.42833333333333,7.1175,act,xlsx,,2026-03-06,3,58.7,39.7,47.2,54.5,33.2,42.0,2026-03-06T07:03,2026-03-06T18:21,40674.27,36330.2,3.5,3.5,0.0,0.0,0.0,0.0,0.0,0,0,0,13.3,24.5,58,13.15,1.87
182,Einsiedlerhof Air Station,,49.42833333333333,7.1175,act,xlsx,,2026-03-07,3,59.2,40.7,48.4,53.3,34.0,42.4,2026-03-07T07:01,2026-03-07T18:23,40894.29,37580.97,2.95,3.5,0.0,0.0,0.0,0.0,0.0,0,0,0,14.0,31.3,58,14.51,2.18
182,Einsiedlerhof Air Station,,49.42833333333333,7.1175,act,xlsx,,2026-03-08,2,59.7,36.0,47.4,56.6,31.1,44.1,2026-03-08T06:59,2026-03-08T18:25,41115.23,37694.34,3.3,3.3,0.0,0.0,0.0,0.0,0.0,2,0,0,8.6,21.6,108,14.07,1.84
182,Einsiedlerhof Air Station,,49.42833333333333,7.1175,act,xlsx,,2026-03-09,3,59.1,40.5,48.7,55.5,35.6,45.2,2026-03-09T06:57,2026-03-09T18:26,41336.96,37851.86,3.4,3.4,0.0,0.0,0.0,0.0,0.0,20,6,0,9.2,28.8,199,14.12,1.84
183,Ghedi Air Base,,45.43111111111111,57.17111111111111,act,xlsx,,2026-03-03,3,42.9,28.7,35.0,35.2,22.8,28.3,2026-03-03T07:46,2026-03-03T19:00,40442.89,24153.37,4.35,4.35,0.0,0.0,0.0,0.0,0.0,5,0,0,12.3,21.6,202,10.77,1.25
183,Ghedi Air Base,,45.43111111111111,57.17111111111111,act,xlsx,,2026-03-04,61,45.6,32.4,38.2,38.4,24.9,31.1,2026-03-04T07:44,2026-03-04T19:01,40630.38,30099.41,3.1,4.25,0.2,0.2,0.0,0.0,2.0,25,6,0,17.9,28.1,218,10.65,1.21
183,Ghedi Air Base,,45.43111111111111,57.17111111111111,act,xlsx,,2026-03-05,61,43.6,33.1,38.1,34.9,27.2,31.6,2026-03-05T07:42,2026-03-05T19:02,40819.13,34244.29,4.2,4.35,0.8,0.8,0.0,0.0,3.0,30,7,0,19.5,31.0,268,13.78,1.46
183,Ghedi Air Base,,45.43111111111111,57.17111111111111,act,xlsx,,2026-03-06,80,50.8,33.3,40.6,44.3,26.3,34.8,2026-03-06T07:40,2026-03-06T19:04,41009.02,13912.09,3.65,4.4,1.6,0.7,0.9,0.0,8.0,23,12,0,15.7,27.0,177,8.03,1.13
183,Ghedi Air Base,,45.43111111111111,57.17111111111111,act,xlsx,,2026-03-07,3,47.4,35.9,41.5,41.6,30.6,36.3,2026-03-07T07:38,2026-03-07T19:05,41199.91,10128.77,2.9,4.45,0.3,0.3,0.0,0.0,3.0,33,27,10,10.2,17.6,284,9.04,1.19
183,Ghedi Air Base,,45.43111111111111,57.17111111111111,act,xlsx,,2026-03-08,3,45.5,30.2,36.6,36.9,24.2,29.7,2026-03-08T07:37,2026-03-08T19:07,41391.66,30819.16,4.15,4.15,0.0,0.0,0.0,0.0,0.0,7,3,0,21.0,34.0,254,12.74,1.34
183,Ghedi Air Base,,45.43111111111111,57.17111111111111,act,xlsx,,2026-03-09,3,44.1,28.9,36.2,36.3,23.0,29.4,2026-03-09T07:35,2026-03-09T19:08,41584.14,35501.29,3.8,4.2,0.0,0.0,0.0,0.0,0.0,22,13,5,13.0,20.5,246,13.46,1.52
184,Incirlik Air Base,,37.00194444444445,35.42583333333333,act,xlsx,,2026-03-03,3,64.9,39.8,51.8,61.2,34.0,46.5,2026-03-03T07:06,2026-03-03T18:33,41245.48,37610.32,5.1,5.1,0.0,0.0,0.0,0.0,0.0,0,0,0,15.7,27.4,65,18.8,3.29
184,Incirlik Air Base,,37.00194444444445,35.42583333333333,act,xlsx,,2026-03-04,3,64.2,45.4,53.7,57.5,39.3,46.7,2026-03-04T07:05,2026-03-04T18:34,41384.32,37075.35,5.05,5.05,0.0,0.0,0.0,0.0,0.0,5,1,0,40.2,76.3,16,18.04,3.68
184,Incirlik Air Base,,37.00194444444445,35.42583333333333,act,xlsx,,2026-03-05,3,64.0,43.2,52.6,59.8,36.5,47.0,2026-03-05T07:03,2026-03-05T18:35,41524.14,37874.1,5.15,5.15,0.0,0.0,0.0,0.0,0.0,0,0,0,14.5,27.4,26,19.46,3.53
184,Incirlik Air Base,,37.00194444444445,35.42583333333333,act,xlsx,,2026-03-06,80,58.1,44.2,51.2,56.2,39.9,47.8,2026-03-06T07:02,2026-03-06T18:36,41664.84,20542.68,4.0,4.95,4.2,0.0,4.2,0.0,8.0,23,9,0,11.4,23.8,63,9.41,1.57
184,Incirlik Air Base,,37.00194444444445,35.42583333333333,act,xlsx,,2026-03-07,45,61.2,43.6,52.5,58.4,40.0,47.4,2026-03-07T07:00,2026-03-07T18:37,41806.3,38171.42,4.7,5.25,0.0,0.0,0.0,0.0,0.0,18,7,0,27.7,49.3,20,16.23,3.24
184,Incirlik Air Base,,37.00194444444445,35.42583333333333,act,xlsx,,2026-03-08,2,62.4,45.3,52.7,54.1,37.7,44.5,2026-03-08T06:59,2026-03-08T18:38,41948.44,38935.2,4.95,4.95,0.0,0.0,0.0,0.0,0.0,7,3,0,18.5,34.7,351,20.18,4.3
184,Incirlik Air Base,,37.00194444444445,35.42583333333333,act,xlsx,,2026-03-09,0,62.0,39.8,50.0,59.0,32.9,44.3,2026-03-09T06:57,2026-03-09T18:39,42091.14,39065.94,5.0,5.0,0.0,0.0,0.0,0.0,0.0,5,5,4,15.1,27.4,14,20.45,3.42
185,Izmir Air Station,,38.4575,27.17027777777778,act,xlsx,,2026-03-03,45,64.3,39.6,50.5,60.5,35.1,47.1,2026-03-03T07:40,2026-03-03T19:05,41124.27,37441.27,4.9,5.05,0.0,0.0,0.0,0.0,0.0,0,0,0,10.7,21.6,331,15.59,2.43
185,Izmir Air Station,,38.4575,27.17027777777778,act,xlsx,,2026-03-04,45,65.6,40.6,52.2,61.1,36.1,48.1,2026-03-04T07:38,2026-03-04T19:06,41270.56,38170.65,5.05,5.05,0.0,0.0,0.0,0.0,0.0,0,0,0,11.2,22.3,60,18.24,3.02
185,Izmir Air Station,,38.4575,27.17027777777778,act,xlsx,,2026-03-05,3,63.4,38.5,51.3,59.4,34.2,47.8,2026-03-05T07:37,2026-03-05T19:07,41417.87,37332.84,5.1,5.1,0.0,0.0,0.0,0.0,0.0,0,0,0,12.1,24.5,292,18.25,2.78
185,Izmir Air Station,,38.4575,27.17027777777778,act,xlsx,,2026-03-06,61,66.2,45.3,54.2,62.3,41.6,50.6,2026-03-06T07:36,2026-03-06T19:08,41566.1,38474.2,5.2,5.2,0.8,0.6,0.2,0.0,2.0,3,1,0,12.1,23.4,43,17.52,3.05
185,Izmir Air Station,,38.4575,27.17027777777778,act,xlsx,,2026-03-07,0,56.5,43.4,50.0,47.3,39.0,42.7,2026-03-07T07:34,2026-03-07T19:09,41715.13,38655.36,5.15,5.15,0.0,0.0,0.0,0.0,0.0,0,0,0,26.2,50.8,48,18.9,3.12
185,Izmir Air Station,,38.4575,27.17027777777778,act,xlsx,,2026-03-08,0,57.5,36.2,46.3,51.1,31.5,40.6,2026-03-08T07:33,2026-03-08T19:10,41864.87,38769.99,5.05,5.05,0.0,0.0,0.0,0.0,0.0,0,0,0,21.9,37.8,24,18.9,2.84
185,Izmir Air Station,,38.4575,27.17027777777778,act,xlsx,,2026-03-09,0,60.7,39.3,49.0,53.7,34.8,43.3,2026-03-09T07:31,2026-03-09T19:11,42015.19,38887.7,5.05,5.05,0.0,0.0,0.0,0.0,0.0,2,0,0,20.9,36.7,20,18.84,2.97
186,Kleine Brogel Air Base,,51.16944444444445,5.091111111111111,act,xlsx,,2026-03-03,0,63.1,38.2,49.4,60.9,33.0,46.2,2026-03-03T07:19,2026-03-03T18:23,39800.35,35451.12,3.15,3.15,0.0,0.0,0.0,0.0,0.0,0,0,0,9.0,14.0,167,12.3,1.72
186,Kleine Brogel Air Base,,51.16944444444445,5.091111111111111,act,xlsx,,2026-03-04,45,60.4,41.3,49.0,58.0,37.4,46.0,2026-03-04T07:17,2026-03-04T18:24,40030.73,30560.63,3.15,3.15,0.0,0.0,0.0,0.0,0.0,0,0,0,8.3,17.6,75,11.11,1.51
186,Kleine Brogel Air Base,,51.16944444444445,5.091111111111111,act,xlsx,,2026-03-05,3,64.0,40.8,50.8,60.1,35.5,46.4,2026-03-05T07:15,2026-03-05T18:26,40262.55,35666.56,3.3,3.3,0.0,0.0,0.0,0.0,0.0,0,0,0,11.2,23.4,123,13.29,2.04
186,Kleine Brogel Air Base,,51.16944444444445,5.091111111111111,act,xlsx,,2026-03-06,3,64.8,40.5,50.9,62.8,35.9,47.6,2026-03-06T07:13,2026-03-06T18:28,40495.66,35761.29,3.2,3.35,0.0,0.0,0.0,0.0,0.0,0,0,0,7.5,13.7,121,12.58,1.81
186,Kleine Brogel Air Base,,51.16944444444445,5.091111111111111,act,xlsx,,2026-03-07,3,62.2,41.6,50.2,58.7,37.3,46.8,2026-03-07T07:11,2026-03-07T18:30,40729.9,36919.12,3.35,3.4,0.0,0.0,0.0,0.0,0.0,0,0,0,11.2,25.6,41,12.58,1.76
186,Kleine Brogel Air Base,,51.16944444444445,5.091111111111111,act,xlsx,,2026-03-08,3,62.1,40.6,49.0,59.8,37.1,46.3,2026-03-08T07:08,2026-03-08T18:31,40965.1,30577.95,3.15,3.15,0.0,0.0,0.0,0.0,0.0,2,0,0,7.0,15.1,117,12.16,1.66
186,Kleine Brogel Air Base,,51.16944444444445,5.091111111111111,act,xlsx,,2026-03-09,3,63.1,43.8,52.2,61.3,39.8,49.7,2026-03-09T07:06,2026-03-09T18:33,41201.12,37335.36,3.25,3.25,0.0,0.0,0.0,0.0,0.0,25,10,0,9.7,23.8,175,13.42,1.83
187,Lajes Field,,38.76166666666666,-27.09055555555556,act,xlsx,,2026-03-03,3,65.1,46.6,55.8,66.2,42.9,54.1,2026-03-03T07:17,2026-03-03T18:43,41126.19,36000.0,5.1,5.35,0.0,0.0,0.0,0.0,0.0,10,1,0,13.4,24.1,245,15.11,2.24
187,Lajes Field,,38.76166666666666,-27.09055555555556,act,xlsx,,2026-03-04,53,60.6,52.0,57.2,59.5,42.1,51.4,2026-03-04T07:16,2026-03-04T18:44,41274.05,21600.0,3.2,5.3,2.1,2.1,0.0,0.0,6.0,68,17,0,34.6,72.0,341,9.94,1.86
187,Lajes Field,,38.76166666666666,-27.09055555555556,act,xlsx,,2026-03-05,3,56.8,49.8,53.0,53.7,42.1,47.1,2026-03-05T07:14,2026-03-05T18:45,41422.92,36000.0,5.35,5.35,0.0,0.0,0.0,0.0,0.0,0,0,0,25.0,51.5,52,17.85,3.14
187,Lajes Field,,38.76166666666666,-27.09055555555556,act,xlsx,,2026-03-06,3,59.2,49.8,55.4,52.9,44.9,48.7,2026-03-06T07:13,2026-03-06T18:46,41572.7,36000.0,4.1,5.35,0.0,0.0,0.0,0.0,0.0,13,2,0,32.0,58.3,183,17.51,2.85
187,Lajes Field,,38.76166666666666,-27.09055555555556,act,xlsx,,2026-03-07,65,58.9,48.4,54.6,52.6,41.0,47.6,2026-03-07T07:11,2026-03-07T18:47,41723.27,8891.17,5.45,5.5,30.38,30.38,0.0,0.0,11.0,70,43,17,33.0,68.4,264,4.43,1.37
187,Lajes Field,,38.76166666666666,-27.09055555555556,act,xlsx,,2026-03-08,3,51.5,46.9,48.8,41.1,36.5,39.1,2026-03-08T07:10,2026-03-08T18:48,41874.54,37914.54,3.7,5.3,0.0,0.0,0.0,0.0,0.0,25,22,19,35.6,66.6,336,17.08,2.61
187,Lajes Field,,38.76166666666666,-27.09055555555556,act,xlsx,,2026-03-09,3,54.7,46.5,50.5,49.3,39.6,43.8,2026-03-09T07:08,2026-03-09T18:49,42026.38,37982.71,4.8,5.3,0.0,0.0,0.0,0.0,0.0,25,19,15,25.2,43.6,300,16.09,2.66
188,Łask Air Base,,51.55138888888889,76.31944444444444,act,xlsx,,2026-03-03,71,25.8,13.7,20.1,17.0,2.3,9.6,2026-03-03T06:35,2026-03-03T17:37,39719.12,25296.17,4.15,4.2,0.8,0.0,0.0,0.56,7.0,53,14,0,28.1,41.0,242,10.09,0.63
188,Łask Air Base,,51.55138888888889,76.31944444444444,act,xlsx,,2026-03-04,3,30.3,17.2,23.7,22.0,9.4,15.2,2026-03-04T06:33,2026-03-04T17:39,39951.95,31923.47,3.95,4.35,0.0,0.0,0.0,0.0,0.0,3,0,0,21.0,31.0,202,11.07,0.84
188,Łask Air Base,,51.55138888888889,76.31944444444444,act,xlsx,,2026-03-05,71,33.0,24.3,28.1,22.4,11.7,17.0,2026-03-05T06:31,2026-03-05T17:40,40186.27,2614.52,3.1,4.3,1.7,0.0,0.0,1.19,6.0,30,9,0,28.0,42.1,232,6.79,0.67
188,Łask Air Base,,51.55138888888889,76.31944444444444,act,xlsx,,2026-03-06,85,31.6,25.4,28.6,23.4,17.0,19.1,2026-03-06T06:28,2026-03-06T17:42,40421.91,30730.58,4.45,4.45,0.1,0.0,0.0,0.0,1.0,5,2,0,22.8,34.9,241,12.34,0.94
188,Łask Air Base,,51.55138888888889,76.31944444444444,act,xlsx,,2026-03-07,71,35.5,22.5,29.4,24.8,13.7,19.4,2026-03-07T06:26,2026-03-07T17:44,40658.71,27821.16,4.5,4.6,0.3,0.3,0.0,0.0,3.0,3,1,0,32.2,49.7,218,11.57,0.99
188,Łask Air Base,,51.55138888888889,76.31944444444444,act,xlsx,,2026-03-08,3,34.2,27.0,31.3,26.6,20.2,23.6,2026-03-08T06:24,2026-03-08T17:46,40896.52,27412.11,3.75,4.4,0.0,0.0,0.0,0.0,0.0,13,10,4,25.4,42.8,219,9.31,0.72
188,Łask Air Base,,51.55138888888889,76.31944444444444,act,xlsx,,2026-03-09,85,35.7,27.4,31.6,30.0,18.7,24.2,2026-03-09T06:22,2026-03-09T17:47,41135.16,35628.53,4.55,4.55,1.5,1.2,0.0,0.0,9.0,9,4,3,18.2,29.5,206,11.14,0.84
189,Morón Air Base,,37.17472222222222,-5.615833333333333,act,xlsx,,2026-03-03,80,69.5,52.1,59.4,66.4,49.7,56.8,2026-03-03T07:50,2026-03-03T19:18,41241.53,34624.58,4.9,5.2,0.5,0.0,0.5,0.0,2.0,28,4,0,18.6,36.7,63,16.81,2.95
189,Morón Air Base,,37.17472222222222,-5.615833333333333,act,xlsx,,2026-03-04,81,59.2,50.9,55.4,58.1,48.1,53.7,2026-03-04T07:49,2026-03-04T19:19,41381.41,8254.44,2.3,5.1,15.2,8.3,7.1,0.0,14.0,85,42,0,16.8,32.8,226,7.08,1.14
189,Morón Air Base,,37.17472222222222,-5.615833333333333,act,xlsx,,2026-03-05,95,63.1,49.1,55.3,61.0,45.9,53.1,2026-03-05T07:47,2026-03-05T19:20,41522.27,33613.63,2.2,5.15,11.1,8.3,2.8,0.0,10.0,73,31,0,15.5,32.4,253,16.29,2.45
189,Morón Air Base,,37.17472222222222,-5.615833333333333,act,xlsx,,2026-03-06,80,56.0,43.7,49.8,51.2,37.9,44.0,2026-03-06T07:46,2026-03-06T19:21,41664.0,21544.72,4.75,5.15,2.1,0.7,1.2,0.0,11.0,43,20,3,22.0,45.7,253,8.7,1.47
189,Morón Air Base,,37.17472222222222,-5.615833333333333,act,xlsx,,2026-03-07,61,54.3,47.0,50.5,49.9,43.1,46.7,2026-03-07T07:45,2026-03-07T19:21,41806.49,14135.13,5.35,5.35,2.5,1.1,0.9,0.0,8.0,51,37,25,16.3,33.5,215,7.19,1.11
189,Morón Air Base,,37.17472222222222,-5.615833333333333,act,xlsx,,2026-03-08,45,60.5,46.3,52.9,58.2,44.9,51.6,2026-03-08T07:43,2026-03-08T19:22,41949.66,33374.48,4.6,5.0,0.0,0.0,0.0,0.0,0.0,20,10,6,7.4,15.5,341,15.26,2.16
189,Morón Air Base,,37.17472222222222,-5.615833333333333,act,xlsx,,2026-03-09,45,64.7,44.1,54.6,65.8,41.6,53.1,2026-03-09T07:42,2026-03-09T19:23,42093.38,39359.21,0.8,5.05,0.0,0.0,0.0,0.0,0.0,13,8,3,9.2,16.9,173,18.71,2.81
190,NATO Air Base Geilenkirchen,,50.96083333333333,6.0425,act,xlsx,,2026-03-03,0,65.4,46.8,54.3,62.6,42.0,50.6,2026-03-03T07:15,2026-03-03T18:19,39828.56,35251.96,3.2,3.2,0.0,0.0,0.0,0.0,0.0,0,0,0,13.0,22.3,211,12.41,2.03
190,NATO Air Base Geilenkirchen,,50.96083333333333,6.0425,act,xlsx,,2026-03-04,3,63.0,40.2,51.0,60.2,36.7,47.7,2026-03-04T07:13,2026-03-04T18:21,40057.14,35358.84,3.25,3.25,0.0,0.0,0.0,0.0,0.0,0,0,0,10.1,18.4,76,12.68,1.89
190,NATO Air Base Geilenkirchen,,50.96083333333333,6.0425,act,xlsx,,2026-03-05,0,65.8,41.1,51.5,58.9,35.5,46.0,2026-03-05T07:11,2026-03-05T18:23,40287.16,35465.45,3.35,3.35,0.0,0.0,0.0,0.0,0.0,0,0,0,16.2,31.3,117,13.54,2.39
190,NATO Air Base Geilenkirchen,,50.96083333333333,6.0425,act,xlsx,,2026-03-06,3,62.1,38.1,49.1,59.7,33.4,45.9,2026-03-06T07:09,2026-03-06T18:24,40518.46,35763.57,3.25,3.4,0.0,0.0,0.0,0.0,0.0,2,0,0,8.9,14.6,95,12.76,1.83
190,NATO Air Base Geilenkirchen,,50.96083333333333,6.0425,act,xlsx,,2026-03-07,3,61.1,37.9,48.4,56.9,33.5,44.8,2026-03-07T07:07,2026-03-07T18:26,40750.87,37016.0,3.45,3.45,0.0,0.0,0.0,0.0,0.0,0,0,0,9.8,22.7,71,12.87,1.8
190,NATO Air Base Geilenkirchen,,50.96083333333333,6.0425,act,xlsx,,2026-03-08,3,61.5,34.2,48.0,60.0,30.0,45.4,2026-03-08T07:05,2026-03-08T18:28,40984.26,37352.76,3.25,3.2,0.0,0.0,0.0,0.0,0.0,0,0,0,11.1,19.8,144,13.4,1.8
190,NATO Air Base Geilenkirchen,,50.96083333333333,6.0425,act,xlsx,,2026-03-09,3,63.7,46.4,53.3,60.7,42.5,50.2,2026-03-09T07:02,2026-03-09T18:29,41218.45,37488.43,3.35,3.35,0.0,0.0,0.0,0.0,0.0,22,8,0,10.5,24.1,207,13.63,1.99
191,RAF Akrotiri,,34.583333333333336,32.983333333333334,act,xlsx,,2026-03-03,2,63.7,46.7,55.5,61.3,42.2,51.3,2026-03-03T06:14,2026-03-03T17:45,41441.95,36559.05,5.85,5.85,0.0,0.0,0.0,0.0,0.0,0,0,0,18.0,31.0,282,19.21,3.34
191,RAF Akrotiri,,34.583333333333336,32.983333333333334,act,xlsx,,2026-03-04,3,66.5,53.8,59.4,63.9,50.6,55.2,2026-03-04T06:13,2026-03-04T17:46,41569.13,36427.82,5.8,5.8,0.1,0.0,0.1,0.0,1.0,5,0,0,25.4,44.6,273,17.07,3.08
191,RAF Akrotiri,,34.583333333333336,32.983333333333334,act,xlsx,,2026-03-05,2,64.1,48.2,56.3,61.5,43.9,52.9,2026-03-05T06:12,2026-03-05T17:47,41697.23,36836.15,5.75,5.8,0.0,0.0,0.0,0.0,0.0,0,0,0,11.2,19.8,352,18.8,3.15
191,RAF Akrotiri,,34.583333333333336,32.983333333333334,act,xlsx,,2026-03-06,3,63.1,49.7,56.4,60.1,47.5,53.6,2026-03-06T06:10,2026-03-06T17:48,41826.11,37071.13,5.9,5.9,0.0,0.0,0.0,0.0,0.0,5,1,0,22.3,37.8,277,17.72,2.71
191,RAF Akrotiri,,34.583333333333336,32.983333333333334,act,xlsx,,2026-03-07,80,61.9,48.9,55.0,61.6,46.6,53.2,2026-03-07T06:09,2026-03-07T17:48,41955.71,38387.35,4.8,5.9,3.6,0.0,3.6,0.0,9.0,44,20,0,10.0,19.1,43,17.52,2.61
191,RAF Akrotiri,,34.583333333333336,32.983333333333334,act,xlsx,,2026-03-08,2,61.4,46.2,53.1,57.9,39.6,48.7,2026-03-08T06:08,2026-03-08T17:49,42085.94,39122.19,5.7,5.8,0.0,0.0,0.0,0.0,0.0,15,4,0,17.9,33.5,300,20.42,3.31
191,RAF Akrotiri,,34.583333333333336,32.983333333333334,act,xlsx,,2026-03-09,2,61.1,43.7,51.9,58.5,38.0,47.8,2026-03-09T06:06,2026-03-09T17:50,42216.68,39265.55,5.75,5.85,0.0,0.0,0.0,0.0,0.0,5,2,0,14.8,30.2,16,19.3,2.95
192,RAF Alconbury,,52.37083333333334,-27.00361111111112,act,xlsx,,2026-03-03,51,48.1,39.7,44.3,40.7,26.3,31.9,2026-03-03T06:29,2026-03-03T17:30,39669.62,0.0,1.85,3.05,1.2,1.2,0.0,0.0,11.0,88,37,0,68.0,95.4,239,3.61,1.25
192,RAF Alconbury,,52.37083333333334,-27.00361111111112,act,xlsx,,2026-03-04,55,42.1,37.4,40.0,26.6,21.3,24.7,2026-03-04T06:27,2026-03-04T17:32,39910.46,17126.04,2.65,3.05,2.0,2.0,0.0,0.0,7.0,100,64,25,53.6,79.6,251,8.54,2.38
192,RAF Alconbury,,52.37083333333334,-27.00361111111112,act,xlsx,,2026-03-05,51,49.0,42.6,46.3,35.3,25.1,29.3,2026-03-05T06:24,2026-03-05T17:34,40152.77,0.0,0.95,3.1,1.9,1.63,0.28,0.0,12.0,96,74,37,74.2,100.1,217,3.0,1.3
192,RAF Alconbury,,52.37083333333334,-27.00361111111112,act,xlsx,,2026-03-06,71,47.8,38.9,41.6,30.3,21.8,25.9,2026-03-06T06:22,2026-03-06T17:35,40396.38,7200.0,2.7,3.15,3.4,3.0,0.4,0.21,16.0,77,51,29,59.0,76.7,245,3.88,1.56
192,RAF Alconbury,,52.37083333333334,-27.00361111111112,act,xlsx,,2026-03-07,71,39.1,36.6,38.2,28.2,23.5,25.6,2026-03-07T06:20,2026-03-07T17:37,40641.12,36253.55,2.65,3.15,2.9,0.3,2.6,1.82,19.0,67,46,27,38.4,56.9,241,10.51,1.82
192,RAF Alconbury,,52.37083333333334,-27.00361111111112,act,xlsx,,2026-03-08,73,40.0,35.9,38.1,30.1,19.2,25.3,2026-03-08T06:18,2026-03-08T17:39,40886.84,27107.1,2.8,3.1,5.8,0.3,5.2,3.85,17.0,66,40,22,49.7,71.3,310,9.27,1.67
192,RAF Alconbury,,52.37083333333334,-27.00361111111112,act,xlsx,,2026-03-09,55,48.9,40.8,46.6,40.8,24.4,33.9,2026-03-09T06:15,2026-03-09T17:41,41133.36,0.0,1.65,3.35,16.8,13.8,3.0,0.0,21.0,81,60,29,55.1,78.1,213,1.78,0.87
193,RAF Barford St John,,52.00361111111111,-1.36,act,xlsx,,2026-03-03,3,52.7,43.4,47.9,48.1,40.1,44.0,2026-03-03T06:46,2026-03-03T17:48,39700.67,205.22,0.7,3.05,0.0,0.0,0.0,0.0,0.0,2,0,0,12.2,23.4,56,4.51,0.79
193,RAF Barford St John,,52.00361111111111,-1.36,act,xlsx,,2026-03-04,3,56.9,39.2,46.1,52.4,34.8,41.9,2026-03-04T06:44,2026-03-04T17:49,39938.1,28052.44,1.4,3.15,0.0,0.0,0.0,0.0,0.0,0,0,0,13.7,25.6,129,10.8,1.31
193,RAF Barford St John,,52.00361111111111,-1.36,act,xlsx,,2026-03-05,3,58.2,38.8,48.3,54.8,34.9,44.8,2026-03-05T06:42,2026-03-05T17:51,40177.0,35756.61,1.45,3.2,0.0,0.0,0.0,0.0,0.0,29,7,0,15.5,27.4,172,11.57,1.47
193,RAF Barford St John,,52.00361111111111,-1.36,act,xlsx,,2026-03-06,51,44.5,39.0,42.8,39.8,34.0,36.7,2026-03-06T06:39,2026-03-06T17:53,40417.21,0.0,1.45,3.2,2.7,2.7,0.0,0.0,12.0,45,28,16,18.7,34.2,355,3.61,0.55
193,RAF Barford St John,,52.00361111111111,-1.36,act,xlsx,,2026-03-07,3,48.0,34.0,41.7,42.7,28.8,36.4,2026-03-07T06:37,2026-03-07T17:55,40658.56,3429.76,2.6,3.3,0.0,0.0,0.0,0.0,0.0,22,7,1,14.8,28.4,92,6.21,0.81
193,RAF Barford St John,,52.00361111111111,-1.36,act,xlsx,,2026-03-08,51,50.3,42.8,46.8,46.0,37.7,42.2,2026-03-08T06:35,2026-03-08T17:57,40900.89,18462.9,3.15,3.15,1.1,0.8,0.0,0.0,11.0,15,6,0,17.6,32.4,147,7.28,0.99
193,RAF Barford St John,,52.00361111111111,-1.36,act,xlsx,,2026-03-09,51,49.9,39.8,46.2,45.3,33.7,41.2,2026-03-09T06:33,2026-03-09T17:58,41144.03,28582.93,3.2,3.2,0.1,0.1,0.0,0.0,1.0,31,22,14,16.2,29.2,256,8.73,1.1
194,RAF Croughton,,51.9875,-1.1861111111111111,act,xlsx,,2026-03-03,3,52.2,42.3,47.4,47.6,38.8,42.9,2026-03-03T06:45,2026-03-03T17:47,39700.92,4033.06,0.95,3.05,0.0,0.0,0.0,0.0,0.0,2,0,0,14.8,27.7,60,5.71,0.93
194,RAF Croughton,,51.9875,-1.1861111111111111,act,xlsx,,2026-03-04,3,56.8,38.5,46.1,52.0,33.2,41.5,2026-03-04T06:43,2026-03-04T17:49,39938.34,29055.24,1.4,3.1,0.0,0.0,0.0,0.0,0.0,0,0,0,14.0,25.9,114,11.03,1.33
194,RAF Croughton,,51.9875,-1.1861111111111111,act,xlsx,,2026-03-05,3,58.4,40.4,48.9,55.0,36.1,45.2,2026-03-05T06:41,2026-03-05T17:51,40177.23,35690.38,1.45,3.2,0.0,0.0,0.0,0.0,0.0,29,7,0,15.1,27.0,166,11.45,1.47
194,RAF Croughton,,51.9875,-1.1861111111111111,act,xlsx,,2026-03-06,51,44.3,40.2,42.8,39.3,34.6,36.7,2026-03-06T06:39,2026-03-06T17:52,40417.42,0.0,1.85,3.2,2.4,2.4,0.0,0.0,9.0,45,28,16,18.4,33.1,356,3.98,0.59
194,RAF Croughton,,51.9875,-1.1861111111111111,act,xlsx,,2026-03-07,3,47.1,35.5,41.8,41.6,30.3,36.5,2026-03-07T06:36,2026-03-07T17:54,40658.76,2837.04,2.45,3.25,0.0,0.0,0.0,0.0,0.0,22,7,1,14.4,28.1,83,6.12,0.8
194,RAF Croughton,,51.9875,-1.1861111111111111,act,xlsx,,2026-03-08,51,50.2,42.3,46.6,45.8,37.5,42.2,2026-03-08T06:34,2026-03-08T17:56,40901.07,21488.77,3.1,3.15,0.8,0.2,0.0,0.0,5.0,15,6,0,17.3,30.2,148,7.63,1.06
194,RAF Croughton,,51.9875,-1.1861111111111111,act,xlsx,,2026-03-09,51,49.8,39.0,46.5,44.9,33.9,41.6,2026-03-09T06:32,2026-03-09T17:58,41144.19,35241.02,3.2,3.2,0.1,0.1,0.0,0.0,1.0,31,22,14,17.3,30.6,243,9.22,1.15
195,RAF Fairford,,51.68222222222222,-1.7899999999999998,act,xlsx,,2026-03-03,3,54.3,43.0,48.7,49.5,39.8,44.7,2026-03-03T06:47,2026-03-03T17:50,39743.79,973.73,0.95,3.1,0.0,0.0,0.0,0.0,0.0,4,1,0,14.4,26.3,60,5.92,0.98
195,RAF Fairford,,51.68222222222222,-1.7899999999999998,act,xlsx,,2026-03-04,3,58.1,40.0,47.2,54.0,34.9,42.8,2026-03-04T06:45,2026-03-04T17:52,39978.46,28800.0,1.5,3.15,0.0,0.0,0.0,0.0,0.0,0,0,0,12.6,23.0,105,11.11,1.4
195,RAF Fairford,,51.68222222222222,-1.7899999999999998,act,xlsx,,2026-03-05,3,59.6,42.1,49.9,56.7,37.9,46.6,2026-03-05T06:43,2026-03-05T17:53,40214.59,33142.31,1.5,3.25,0.0,0.0,0.0,0.0,0.0,40,10,0,17.6,32.4,155,11.88,1.58
195,RAF Fairford,,51.68222222222222,-1.7899999999999998,act,xlsx,,2026-03-06,51,45.3,42.1,43.7,40.4,35.3,37.5,2026-03-06T06:41,2026-03-06T17:55,40452.02,0.0,2.0,3.2,1.8,1.8,0.0,0.0,9.0,45,29,18,19.4,36.0,360,3.68,0.63
195,RAF Fairford,,51.68222222222222,-1.7899999999999998,act,xlsx,,2026-03-07,3,48.8,38.9,44.0,43.2,33.8,38.9,2026-03-07T06:39,2026-03-07T17:57,40690.57,11826.38,2.85,3.3,0.0,0.0,0.0,0.0,0.0,24,7,2,14.0,27.4,83,6.63,0.89
195,RAF Fairford,,51.68222222222222,-1.7899999999999998,act,xlsx,,2026-03-08,51,52.2,44.4,48.2,48.7,40.2,44.3,2026-03-08T06:36,2026-03-08T17:59,40930.11,13492.93,3.15,3.2,1.4,1.4,0.0,0.0,5.0,27,9,2,15.1,28.1,137,6.93,0.97
195,RAF Fairford,,51.68222222222222,-1.7899999999999998,act,xlsx,,2026-03-09,51,50.7,38.8,47.1,46.5,33.6,42.4,2026-03-09T06:34,2026-03-09T18:00,41170.45,36553.52,3.25,3.25,0.7,0.1,0.0,0.0,7.0,30,21,10,14.4,25.6,253,8.93,1.17
196,RAF Feltwell,,52.47944444444445,0.5191666666666667,act,xlsx,,2026-03-03,3,53.0,38.9,46.1,47.8,35.4,41.4,2026-03-03T06:39,2026-03-03T17:40,39633.77,15437.72,1.0,3.0,0.0,0.0,0.0,0.0,0.0,0,0,0,15.8,28.4,56,7.05,1.12
196,RAF Feltwell,,52.47944444444445,0.5191666666666667,act,xlsx,,2026-03-04,3,57.4,38.8,46.8,53.3,34.5,42.7,2026-03-04T06:37,2026-03-04T17:41,39875.49,32585.59,1.25,3.05,0.0,0.0,0.0,0.0,0.0,0,0,0,12.6,23.0,118,11.02,1.38
196,RAF Feltwell,,52.47944444444445,0.5191666666666667,act,xlsx,,2026-03-05,1,61.0,43.2,50.4,57.0,38.4,46.3,2026-03-05T06:35,2026-03-05T17:43,40118.71,35567.48,1.4,3.1,0.0,0.0,0.0,0.0,0.0,14,2,0,14.4,26.5,154,11.85,1.7
196,RAF Feltwell,,52.47944444444445,0.5191666666666667,act,xlsx,,2026-03-06,51,46.9,41.3,44.7,43.8,36.6,39.2,2026-03-06T06:32,2026-03-06T17:45,40363.24,9645.59,3.1,3.2,0.9,0.9,0.0,0.0,9.0,27,15,2,18.7,36.4,355,5.09,0.76
196,RAF Feltwell,,52.47944444444445,0.5191666666666667,act,xlsx,,2026-03-07,3,49.1,37.2,43.2,43.2,32.0,38.3,2026-03-07T06:30,2026-03-07T17:47,40608.92,24198.31,1.95,3.15,0.0,0.0,0.0,0.0,0.0,16,4,0,14.0,27.0,75,7.93,1.04
196,RAF Feltwell,,52.47944444444445,0.5191666666666667,act,xlsx,,2026-03-08,3,50.5,43.4,47.2,46.6,39.6,43.5,2026-03-08T06:28,2026-03-08T17:49,40855.59,20177.46,3.0,3.1,0.0,0.0,0.0,0.0,0.0,8,3,0,13.3,25.2,141,8.23,1.09
196,RAF Feltwell,,52.47944444444445,0.5191666666666667,act,xlsx,,2026-03-09,3,52.8,43.1,48.9,46.8,40.3,44.8,2026-03-09T06:25,2026-03-09T17:50,41103.08,37095.81,3.15,3.15,0.0,0.0,0.0,0.0,0.0,26,13,2,17.6,34.2,224,9.37,1.23
197,RAF Lakenheath,,52.40833333333333,0.5566666666666668,act,xlsx,,2026-03-03,3,53.8,37.3,45.8,48.6,33.4,41.2,2026-03-03T06:39,2026-03-03T17:39,39643.93,12332.57,0.9,3.0,0.0,0.0,0.0,0.0,0.0,0,0,0,14.0,26.3,62,7.11,1.14
197,RAF Lakenheath,,52.40833333333333,0.5566666666666668,act,xlsx,,2026-03-04,3,57.6,38.0,46.5,53.6,33.7,42.4,2026-03-04T06:37,2026-03-04T17:41,39885.0,35336.68,1.4,3.05,0.0,0.0,0.0,0.0,0.0,0,0,0,13.0,23.8,116,11.07,1.39
197,RAF Lakenheath,,52.40833333333333,0.5566666666666668,act,xlsx,,2026-03-05,1,61.1,43.9,50.8,57.3,38.8,46.8,2026-03-05T06:34,2026-03-05T17:43,40127.55,35588.86,1.4,3.1,0.0,0.0,0.0,0.0,0.0,14,2,0,14.0,26.6,154,11.94,1.73
197,RAF Lakenheath,,52.40833333333333,0.5566666666666668,act,xlsx,,2026-03-06,51,47.3,41.5,44.9,44.5,37.2,39.8,2026-03-06T06:32,2026-03-06T17:45,40371.43,10400.17,3.0,3.2,1.8,1.8,0.0,0.0,9.0,27,15,2,16.9,33.8,354,5.31,0.79
197,RAF Lakenheath,,52.40833333333333,0.5566666666666668,act,xlsx,,2026-03-07,3,48.9,37.1,43.2,43.5,32.2,38.5,2026-03-07T06:30,2026-03-07T17:47,40616.45,23215.66,1.95,3.2,0.0,0.0,0.0,0.0,0.0,16,4,0,12.6,25.2,72,7.46,1.0
197,RAF Lakenheath,,52.40833333333333,0.5566666666666668,act,xlsx,,2026-03-08,3,50.8,43.7,47.3,47.1,40.1,43.9,2026-03-08T06:27,2026-03-08T17:49,40862.46,20686.6,3.0,3.1,0.0,0.0,0.0,0.0,0.0,8,3,0,12.6,24.8,141,8.51,1.13
197,RAF Lakenheath,,52.40833333333333,0.5566666666666668,act,xlsx,,2026-03-09,3,53.1,44.3,49.2,47.2,41.9,45.3,2026-03-09T06:25,2026-03-09T17:50,41109.3,37104.02,3.15,3.15,0.0,0.0,0.0,0.0,0.0,26,13,2,16.2,33.1,223,9.51,1.24
198,RAF Menwith Hill,,54.007777777777775,-35.028055555555554,act,xlsx,,2026-03-03,85,39.4,30.7,32.8,23.2,12.1,14.7,2026-03-03T07:03,2026-03-03T18:00,39437.96,32494.94,1.9,2.85,3.3,0.0,0.0,0.0,20.0,100,74,0,54.9,83.2,254,9.72,1.47
198,RAF Menwith Hill,,54.007777777777775,-35.028055555555554,act,xlsx,,2026-03-04,86,35.6,32.1,33.5,17.4,13.4,15.5,2026-03-04T07:00,2026-03-04T18:02,39693.77,33243.93,2.05,2.8,5.0,0.0,0.0,0.0,22.0,98,79,48,61.5,96.1,250,9.43,1.43
198,RAF Menwith Hill,,54.007777777777775,-35.028055555555554,act,xlsx,,2026-03-05,85,42.2,30.1,36.2,23.5,9.7,16.7,2026-03-05T06:58,2026-03-05T18:04,39951.12,20752.2,2.7,2.9,8.1,2.6,1.2,0.56,19.0,90,69,40,83.6,133.2,234,7.74,1.49
198,RAF Menwith Hill,,54.007777777777775,-35.028055555555554,act,xlsx,,2026-03-06,86,37.0,29.3,32.8,19.6,9.0,14.0,2026-03-06T06:56,2026-03-06T18:06,40209.81,35860.4,2.2,2.85,8.0,0.0,0.0,0.0,21.0,93,74,58,67.5,105.5,265,10.9,1.7
198,RAF Menwith Hill,,54.007777777777775,-35.028055555555554,act,xlsx,,2026-03-07,85,36.9,33.2,34.5,19.4,15.5,17.8,2026-03-07T06:53,2026-03-07T18:08,40469.68,36310.75,2.15,2.9,3.4,0.0,0.0,0.0,22.0,89,81,68,53.4,77.8,273,10.52,1.63
198,RAF Menwith Hill,,54.007777777777775,-35.028055555555554,act,xlsx,,2026-03-08,85,44.3,33.7,39.0,28.7,16.8,20.2,2026-03-08T06:51,2026-03-08T18:10,40730.54,0.0,2.45,2.85,12.9,11.8,0.4,0.0,24.0,100,68,48,79.4,118.1,216,3.43,1.06
198,RAF Menwith Hill,,54.007777777777775,-35.028055555555554,act,xlsx,,2026-03-09,85,42.3,36.3,37.7,27.9,20.1,22.1,2026-03-09T06:48,2026-03-09T18:12,40992.23,0.0,2.9,3.05,0.3,0.2,0.2,0.0,3.0,99,60,25,45.0,69.5,270,4.65,1.59
199,RAF Mildenhall,,52.365,0.4808333333333333,act,xlsx,,2026-03-03,3,53.9,39.3,46.7,48.8,35.6,42.0,2026-03-03T06:39,2026-03-03T17:40,39651.04,12816.19,1.0,3.0,0.0,0.0,0.0,0.0,0.0,0,0,0,14.4,26.6,62,7.19,1.17
199,RAF Mildenhall,,52.365,0.4808333333333333,act,xlsx,,2026-03-04,3,58.0,39.1,46.9,53.7,35.0,42.8,2026-03-04T06:37,2026-03-04T17:42,39891.66,34589.73,1.4,3.05,0.0,0.0,0.0,0.0,0.0,0,0,0,13.7,24.8,120,11.09,1.43
199,RAF Mildenhall,,52.365,0.4808333333333333,act,xlsx,,2026-03-05,1,61.5,42.8,50.9,57.6,38.3,46.9,2026-03-05T06:35,2026-03-05T17:44,40133.76,35572.78,1.4,3.15,0.0,0.0,0.0,0.0,0.0,21,3,0,14.8,26.8,153,11.98,1.73
199,RAF Mildenhall,,52.365,0.4808333333333333,act,xlsx,,2026-03-06,51,47.9,41.2,45.0,44.8,36.7,39.2,2026-03-06T06:32,2026-03-06T17:45,40377.17,11078.88,3.0,3.2,1.2,1.2,0.0,0.0,9.0,32,19,6,20.9,38.2,356,5.58,0.8
199,RAF Mildenhall,,52.365,0.4808333333333333,act,xlsx,,2026-03-07,3,49.7,36.4,43.2,44.1,31.4,38.4,2026-03-07T06:30,2026-03-07T17:47,40621.73,19831.58,1.95,3.15,0.0,0.0,0.0,0.0,0.0,18,3,0,13.3,25.6,74,7.14,0.94
199,RAF Mildenhall,,52.365,0.4808333333333333,act,xlsx,,2026-03-08,3,51.8,43.8,47.7,47.6,40.0,44.1,2026-03-08T06:28,2026-03-08T17:49,40867.29,21193.8,3.1,3.1,0.0,0.0,0.0,0.0,0.0,8,3,0,14.4,26.6,142,8.81,1.13
199,RAF Mildenhall,,52.365,0.4808333333333333,act,xlsx,,2026-03-09,3,52.9,43.9,49.1,46.8,41.7,44.9,2026-03-09T06:26,2026-03-09T17:51,41113.65,37115.09,3.15,3.15,0.0,0.0,0.0,0.0,0.0,24,14,4,18.0,34.2,222,9.65,1.23
200,RAF Molesworth,,52.379444444444445,-0.405,act,xlsx,,2026-03-03,3,51.8,42.2,46.7,47.4,38.2,42.1,2026-03-03T06:43,2026-03-03T17:43,39648.37,12947.61,1.25,3.0,0.0,0.0,0.0,0.0,0.0,0,0,0,17.6,32.0,44,6.98,1.04
200,RAF Molesworth,,52.379444444444445,-0.405,act,xlsx,,2026-03-04,3,56.2,38.6,45.5,52.7,33.9,41.1,2026-03-04T06:40,2026-03-04T17:45,39889.16,24724.91,1.25,3.05,0.0,0.0,0.0,0.0,0.0,0,0,0,13.0,23.8,118,9.94,1.17
200,RAF Molesworth,,52.379444444444445,-0.405,act,xlsx,,2026-03-05,3,60.0,42.8,49.7,56.5,37.4,45.6,2026-03-05T06:38,2026-03-05T17:47,40131.43,35439.4,1.4,3.15,0.0,0.0,0.0,0.0,0.0,18,4,0,13.0,22.7,167,10.99,1.47
200,RAF Molesworth,,52.379444444444445,-0.405,act,xlsx,,2026-03-06,51,45.9,39.4,43.6,40.2,34.9,37.8,2026-03-06T06:36,2026-03-06T17:49,40375.02,0.0,2.45,3.1,2.1,2.1,0.0,0.0,9.0,30,24,20,17.6,31.0,354,3.14,0.52
200,RAF Molesworth,,52.379444444444445,-0.405,act,xlsx,,2026-03-07,3,48.6,33.1,41.6,43.6,27.7,36.7,2026-03-07T06:34,2026-03-07T17:51,40619.75,1622.25,2.2,3.15,0.0,0.0,0.0,0.0,0.0,20,6,0,11.9,23.8,76,5.34,0.75
200,RAF Molesworth,,52.379444444444445,-0.405,act,xlsx,,2026-03-08,3,50.9,41.9,46.9,46.5,37.6,43.0,2026-03-08T06:31,2026-03-08T17:52,40865.48,16886.97,2.95,3.1,0.0,0.0,0.0,0.0,0.0,8,3,0,14.4,25.6,145,6.58,0.94
200,RAF Molesworth,,52.379444444444445,-0.405,act,xlsx,,2026-03-09,3,50.6,39.3,47.4,45.2,34.3,42.6,2026-03-09T06:29,2026-03-09T17:54,41112.02,33799.89,3.15,3.15,0.0,0.0,0.0,0.0,0.0,33,18,6,16.2,29.2,241,8.66,1.15
201,RAF Welford,,51.46833333333333,-1.403611111111111,act,xlsx,,2026-03-03,3,55.5,43.1,48.4,51.9,39.7,45.0,2026-03-03T06:46,2026-03-03T17:48,39770.55,16172.0,1.25,3.15,0.0,0.0,0.0,0.0,0.0,8,2,0,10.8,22.0,63,6.77,0.98
201,RAF Welford,,51.46833333333333,-1.403611111111111,act,xlsx,,2026-03-04,3,57.3,40.5,47.0,52.3,35.7,42.4,2026-03-04T06:43,2026-03-04T17:50,40003.52,32400.0,1.5,3.2,0.0,0.0,0.0,0.0,0.0,0,0,0,14.8,27.4,121,11.4,1.46
201,RAF Welford,,51.46833333333333,-1.403611111111111,act,xlsx,,2026-03-05,3,58.7,41.6,49.0,55.5,37.3,45.4,2026-03-05T06:41,2026-03-05T17:52,40237.93,35927.6,1.65,3.3,0.0,0.0,0.0,0.0,0.0,50,10,0,15.1,27.0,157,11.9,1.48
201,RAF Welford,,51.46833333333333,-1.403611111111111,act,xlsx,,2026-03-06,51,44.7,41.5,42.9,38.1,34.3,36.5,2026-03-06T06:39,2026-03-06T17:54,40473.62,0.0,2.7,3.3,2.7,2.7,0.0,0.0,12.0,49,33,19,18.4,33.1,356,3.81,0.55
201,RAF Welford,,51.46833333333333,-1.403611111111111,act,xlsx,,2026-03-07,51,47.6,36.5,42.4,42.3,30.9,37.2,2026-03-07T06:37,2026-03-07T17:55,40710.45,4057.71,2.5,3.3,0.2,0.0,0.0,0.0,2.0,18,6,0,12.6,24.5,78,6.38,0.81
201,RAF Welford,,51.46833333333333,-1.403611111111111,act,xlsx,,2026-03-08,51,51.6,43.5,47.3,47.6,38.8,43.0,2026-03-08T06:35,2026-03-08T17:57,40948.25,20239.56,3.25,3.25,1.3,0.6,0.0,0.0,7.0,20,6,0,15.8,28.8,144,7.58,1.04
201,RAF Welford,,51.46833333333333,-1.403611111111111,act,xlsx,,2026-03-09,3,49.9,38.8,46.2,45.5,32.8,41.5,2026-03-09T06:32,2026-03-09T17:59,41186.84,37481.35,3.3,3.3,0.0,0.0,0.0,0.0,0.0,31,22,12,15.5,26.6,244,10.97,1.44
202,Ramstein Air Base,,49.443888888888885,10.126666666666669,act,xlsx,,2026-03-03,45,55.2,34.2,44.1,51.4,29.6,40.4,2026-03-03T06:57,2026-03-03T18:04,40020.33,26864.13,3.25,3.25,0.0,0.0,0.0,0.0,0.0,0,0,0,5.9,10.8,127,11.13,1.43
202,Ramstein Air Base,,49.443888888888885,10.126666666666669,act,xlsx,,2026-03-04,45,57.9,36.6,46.7,53.7,32.4,42.9,2026-03-04T06:55,2026-03-04T18:06,40236.71,32168.96,3.35,3.35,0.0,0.0,0.0,0.0,0.0,0,0,0,10.1,18.4,113,11.89,1.65
202,Ramstein Air Base,,49.443888888888885,10.126666666666669,act,xlsx,,2026-03-05,0,60.0,36.0,46.7,53.1,30.8,41.3,2026-03-05T06:53,2026-03-05T18:08,40454.48,36087.23,3.4,3.4,0.0,0.0,0.0,0.0,0.0,0,0,0,17.2,33.1,121,13.16,2.0
202,Ramstein Air Base,,49.443888888888885,10.126666666666669,act,xlsx,,2026-03-06,3,61.2,38.0,48.2,56.0,32.8,43.4,2026-03-06T06:51,2026-03-06T18:09,40673.48,36324.8,3.45,3.45,0.0,0.0,0.0,0.0,0.0,0,0,0,12.6,26.6,107,13.11,1.97
202,Ramstein Air Base,,49.443888888888885,10.126666666666669,act,xlsx,,2026-03-07,1,60.3,37.1,47.9,55.4,32.4,43.9,2026-03-07T06:49,2026-03-07T18:11,40893.56,37147.93,3.3,3.55,0.0,0.0,0.0,0.0,0.0,0,0,0,10.0,19.8,90,13.45,1.89
202,Ramstein Air Base,,49.443888888888885,10.126666666666669,act,xlsx,,2026-03-08,2,60.0,37.4,47.5,54.4,33.1,43.0,2026-03-08T06:47,2026-03-08T18:12,41114.57,37370.49,3.25,3.35,0.0,0.0,0.0,0.0,0.0,0,0,0,12.5,25.6,92,13.58,1.94
202,Ramstein Air Base,,49.443888888888885,10.126666666666669,act,xlsx,,2026-03-09,0,61.0,34.5,47.0,51.4,29.4,39.9,2026-03-09T06:45,2026-03-09T18:14,41336.36,37607.24,3.45,3.45,0.0,0.0,0.0,0.0,0.0,3,1,0,22.8,45.4,94,14.13,2.58
203,Spangdahlem Air Base,,49.97583333333333,6.697222222222223,act,xlsx,,2026-03-03,2,60.8,38.7,48.2,57.8,34.3,44.8,2026-03-03T07:12,2026-03-03T18:18,39954.65,35196.7,3.2,3.2,0.0,0.0,0.0,0.0,0.0,0,0,0,7.2,18.0,331,13.09,1.81
203,Spangdahlem Air Base,,49.97583333333333,6.697222222222223,act,xlsx,,2026-03-04,0,61.0,39.7,49.0,57.2,35.6,45.1,2026-03-04T07:10,2026-03-04T18:19,40175.2,35299.25,3.25,3.25,0.0,0.0,0.0,0.0,0.0,0,0,0,11.2,21.6,81,13.32,1.98
203,Spangdahlem Air Base,,49.97583333333333,6.697222222222223,act,xlsx,,2026-03-05,3,60.0,40.2,48.6,54.1,33.9,42.8,2026-03-05T07:07,2026-03-05T18:21,40397.16,35549.33,3.35,3.35,0.0,0.0,0.0,0.0,0.0,0,0,0,13.3,25.6,73,14.04,2.18
203,Spangdahlem Air Base,,49.97583333333333,6.697222222222223,act,xlsx,,2026-03-06,3,61.3,38.8,48.1,57.7,33.5,43.7,2026-03-06T07:05,2026-03-06T18:23,40620.37,35495.41,3.4,3.4,0.0,0.0,0.0,0.0,0.0,0,0,0,10.5,18.4,49,12.88,1.87
203,Spangdahlem Air Base,,49.97583333333333,6.697222222222223,act,xlsx,,2026-03-07,3,61.3,38.6,48.0,56.3,32.8,43.0,2026-03-07T07:03,2026-03-07T18:24,40844.67,37331.36,3.05,3.45,0.0,0.0,0.0,0.0,0.0,0,0,0,10.1,24.8,47,13.73,2.03
203,Spangdahlem Air Base,,49.97583333333333,6.697222222222223,act,xlsx,,2026-03-08,1,61.2,35.0,46.7,57.9,30.2,43.2,2026-03-08T07:01,2026-03-08T18:26,41069.91,37557.52,3.1,3.2,0.0,0.0,0.0,0.0,0.0,4,1,0,8.5,22.0,248,14.08,1.9
203,Spangdahlem Air Base,,49.97583333333333,6.697222222222223,act,xlsx,,2026-03-09,3,59.8,39.0,48.0,56.3,35.3,44.7,2026-03-09T06:59,2026-03-09T18:27,41295.95,37721.11,3.3,3.3,0.0,0.0,0.0,0.0,0.0,14,4,0,9.1,32.8,236,13.89,1.84
204,Stavanger,,58.9075,5.721666666666667,act,xlsx,,2026-03-03,61,45.2,40.4,42.9,36.9,31.9,35.0,2026-03-03T07:27,2026-03-03T18:10,38577.0,27072.39,2.1,2.1,3.4,3.4,0.0,0.0,4.0,100,52,0,28.4,50.8,249,5.76,0.64
204,Stavanger,,58.9075,5.721666666666667,act,xlsx,,2026-03-04,3,47.5,37.5,42.2,40.9,29.9,36.3,2026-03-04T07:24,2026-03-04T18:12,38886.29,30466.07,2.05,2.2,0.0,0.0,0.0,0.0,0.0,6,1,0,14.8,31.3,208,8.64,1.1
204,Stavanger,,58.9075,5.721666666666667,act,xlsx,,2026-03-05,3,49.0,37.8,43.4,40.7,29.6,34.7,2026-03-05T07:21,2026-03-05T18:15,39197.27,13884.93,2.25,2.25,0.0,0.0,0.0,0.0,0.0,0,0,0,29.5,51.5,150,4.5,1.02
204,Stavanger,,58.9075,5.721666666666667,act,xlsx,,2026-03-06,61,43.8,38.3,40.3,36.3,33.3,35.1,2026-03-06T07:19,2026-03-06T18:17,39509.74,0.0,1.6,2.3,9.3,6.9,2.4,0.0,17.0,61,26,0,22.3,40.9,69,1.51,0.31
204,Stavanger,,58.9075,5.721666666666667,act,xlsx,,2026-03-07,55,47.4,32.2,40.2,42.8,27.1,36.4,2026-03-07T07:16,2026-03-07T18:20,39823.49,34972.27,1.05,2.3,1.2,0.3,0.9,0.0,1.0,16,5,1,7.9,24.1,247,8.5,0.87
204,Stavanger,,58.9075,5.721666666666667,act,xlsx,,2026-03-08,3,44.8,32.0,37.5,40.5,26.5,32.9,2026-03-08T07:13,2026-03-08T18:22,40138.34,15721.4,1.45,2.15,0.0,0.0,0.0,0.0,0.0,8,5,3,7.8,19.8,237,5.35,0.63
204,Stavanger,,58.9075,5.721666666666667,act,xlsx,,2026-03-09,3,49.1,32.1,38.5,43.8,26.5,33.6,2026-03-09T07:10,2026-03-09T18:24,40454.07,36252.84,0.55,2.2,0.0,0.0,0.0,0.0,0.0,33,15,0,11.6,30.2,204,9.82,0.97
205,Volkel Air Base,,51.657222222222224,5.690833333333334,act,xlsx,,2026-03-03,3,62.2,39.1,49.4,60.4,33.7,45.9,2026-03-03T07:17,2026-03-03T18:20,39735.92,35257.97,3.1,3.1,0.0,0.0,0.0,0.0,0.0,0,0,0,10.4,16.6,193,12.01,1.66
205,Volkel Air Base,,51.657222222222224,5.690833333333334,act,xlsx,,2026-03-04,3,58.0,38.4,47.1,55.6,33.2,43.6,2026-03-04T07:15,2026-03-04T18:22,39970.41,34518.91,3.15,3.15,0.0,0.0,0.0,0.0,0.0,0,0,0,10.4,20.9,77,10.44,1.28
205,Volkel Air Base,,51.657222222222224,5.690833333333334,act,xlsx,,2026-03-05,0,60.9,38.6,49.0,55.6,33.2,43.9,2026-03-05T07:13,2026-03-05T18:23,40206.36,35477.86,3.2,3.2,0.0,0.0,0.0,0.0,0.0,0,0,0,16.6,31.3,126,12.98,1.93
205,Volkel Air Base,,51.657222222222224,5.690833333333334,act,xlsx,,2026-03-06,3,63.4,37.6,48.9,61.0,32.9,45.5,2026-03-06T07:11,2026-03-06T18:25,40443.62,35949.56,3.15,3.3,0.0,0.0,0.0,0.0,0.0,0,0,0,9.0,16.8,120,12.16,1.71
205,Volkel Air Base,,51.657222222222224,5.690833333333334,act,xlsx,,2026-03-07,3,60.2,38.3,48.2,57.3,33.8,44.9,2026-03-07T07:09,2026-03-07T18:27,40682.01,36988.04,3.35,3.35,0.0,0.0,0.0,0.0,0.0,0,0,0,10.1,22.3,33,12.47,1.61
205,Volkel Air Base,,51.657222222222224,5.690833333333334,act,xlsx,,2026-03-08,3,59.6,41.1,47.7,57.4,37.2,44.4,2026-03-08T07:06,2026-03-08T18:29,40921.38,27869.62,3.15,3.15,0.0,0.0,0.0,0.0,0.0,2,0,0,8.9,18.0,90,10.8,1.43
205,Volkel Air Base,,51.657222222222224,5.690833333333334,act,xlsx,,2026-03-09,3,63.0,41.0,50.9,61.3,36.6,47.8,2026-03-09T07:04,2026-03-09T18:30,41161.57,37337.45,3.2,3.25,0.0,0.0,0.0,0.0,0.0,25,8,0,9.3,20.9,182,13.37,1.82
206,Abdullah Al Mubarak Air Base (Cargo City),,29.226666666666667,47.98,act,xlsx,,2026-03-03,3,68.7,53.3,60.8,58.8,44.9,52.0,2026-03-03T06:11,2026-03-03T17:48,41834.93,31779.15,6.05,6.05,0.0,0.0,0.0,0.0,0.0,3,0,0,21.0,38.2,332,13.83,4.83
206,Abdullah Al Mubarak Air Base (Cargo City),,29.226666666666667,47.98,act,xlsx,,2026-03-04,2,69.2,51.7,60.2,60.1,44.5,52.1,2026-03-04T06:10,2026-03-04T17:49,41937.93,37883.93,6.0,6.0,0.0,0.0,0.0,0.0,0.0,0,0,0,21.4,38.2,300,21.65,5.25
206,Abdullah Al Mubarak Air Base (Cargo City),,29.226666666666667,47.98,act,xlsx,,2026-03-05,3,75.3,46.7,60.4,69.0,40.0,54.2,2026-03-05T06:09,2026-03-05T17:49,42041.66,38119.79,6.1,6.1,0.0,0.0,0.0,0.0,0.0,0,0,0,12.6,21.6,217,22.23,4.65
206,Abdullah Al Mubarak Air Base (Cargo City),,29.226666666666667,47.98,act,xlsx,,2026-03-06,3,71.5,53.6,61.5,65.2,48.8,56.4,2026-03-06T06:08,2026-03-06T17:50,42146.07,37566.66,5.15,6.1,0.0,0.0,0.0,0.0,0.0,0,0,0,10.8,21.6,355,20.16,4.15
206,Abdullah Al Mubarak Air Base (Cargo City),,29.226666666666667,47.98,act,xlsx,,2026-03-07,2,73.6,49.5,61.6,69.6,44.7,56.5,2026-03-07T06:06,2026-03-07T17:51,42251.08,39475.41,6.2,6.2,0.0,0.0,0.0,0.0,0.0,4,1,0,20.4,36.7,118,21.3,4.62
206,Abdullah Al Mubarak Air Base (Cargo City),,29.226666666666667,47.98,act,xlsx,,2026-03-08,2,83.7,61.2,69.7,81.9,57.6,66.7,2026-03-08T06:05,2026-03-08T17:51,42356.59,39583.22,5.75,5.75,0.0,0.0,0.0,0.0,0.0,23,8,3,24.9,43.9,140,21.05,5.17
206,Abdullah Al Mubarak Air Base (Cargo City),,29.226666666666667,47.98,act,xlsx,,2026-03-09,1,80.5,60.1,69.4,75.4,56.1,65.5,2026-03-09T06:04,2026-03-09T17:52,42462.54,39691.34,5.85,5.85,0.0,0.0,0.0,0.0,0.0,3,1,0,15.1,28.1,345,22.0,5.05
207,Al Dhafra Air Base,,24.24805555555556,54.5475,act,xlsx,,2026-03-03,2,92.2,74.9,81.2,91.1,77.4,82.8,2026-03-03T06:42,2026-03-03T18:25,42169.2,39310.49,7.6,7.6,0.0,0.0,0.0,0.0,0.0,3,0,0,12.7,21.6,344,21.0,5.12
207,Al Dhafra Air Base,,24.24805555555556,54.5475,act,xlsx,,2026-03-04,3,85.1,72.5,76.8,90.5,71.3,80.3,2026-03-04T06:41,2026-03-04T18:25,42251.92,39364.94,7.65,7.65,0.0,0.0,0.0,0.0,0.0,0,0,0,32.9,47.2,313,20.55,4.58
207,Al Dhafra Air Base,,24.24805555555556,54.5475,act,xlsx,,2026-03-05,3,76.3,70.9,73.3,74.6,69.2,72.1,2026-03-05T06:40,2026-03-05T18:26,42335.25,36473.76,7.65,7.65,0.0,0.0,0.0,0.0,0.0,5,0,0,24.9,35.6,322,20.69,5.0
207,Al Dhafra Air Base,,24.24805555555556,54.5475,act,xlsx,,2026-03-06,3,76.0,69.8,72.3,74.6,67.8,69.8,2026-03-06T06:39,2026-03-06T18:26,42419.13,39476.85,7.55,7.7,0.0,0.0,0.0,0.0,0.0,3,1,0,27.2,38.5,310,22.1,5.48
207,Al Dhafra Air Base,,24.24805555555556,54.5475,act,xlsx,,2026-03-07,3,78.0,71.5,73.9,76.8,68.2,71.6,2026-03-07T06:38,2026-03-07T18:27,42503.5,39852.79,7.6,7.7,0.0,0.0,0.0,0.0,0.0,0,0,0,24.4,34.9,318,22.17,5.86
207,Al Dhafra Air Base,,24.24805555555556,54.5475,act,xlsx,,2026-03-08,3,79.9,68.9,74.7,79.0,72.0,76.1,2026-03-08T06:37,2026-03-08T18:27,42588.3,34494.38,6.5,7.1,0.0,0.0,0.0,0.0,0.0,3,1,0,10.9,28.8,332,14.61,3.47
207,Al Dhafra Air Base,,24.24805555555556,54.5475,act,xlsx,,2026-03-09,80,81.3,73.0,76.5,80.0,75.0,77.3,2026-03-09T06:36,2026-03-09T18:28,42673.45,17530.66,5.25,7.35,0.9,0.0,0.9,0.0,6.0,5,2,0,15.4,23.0,30,9.64,3.29
208,Al Udeid Air Base,,25.11722222222222,51.31472222222222,act,xlsx,,2026-03-03,61,76.1,65.4,68.8,75.0,61.2,65.9,2026-03-03T05:55,2026-03-03T17:37,42115.38,28269.81,6.75,7.45,1.0,1.0,0.0,0.0,2.0,25,9,0,35.3,53.6,349,14.73,3.73
208,Al Udeid Air Base,,25.11722222222222,51.31472222222222,act,xlsx,,2026-03-04,80,65.6,61.5,64.2,63.1,56.2,60.0,2026-03-04T05:54,2026-03-04T17:37,42201.55,223.4,4.65,7.45,3.9,0.9,3.0,0.0,9.0,70,34,0,32.1,48.2,333,7.53,2.1
208,Al Udeid Air Base,,25.11722222222222,51.31472222222222,act,xlsx,,2026-03-05,3,69.9,57.3,63.3,64.9,53.0,59.1,2026-03-05T05:53,2026-03-05T17:38,42288.34,38635.27,7.45,7.45,0.0,0.0,0.0,0.0,0.0,0,0,0,26.8,39.6,326,23.07,4.44
208,Al Udeid Air Base,,25.11722222222222,51.31472222222222,act,xlsx,,2026-03-06,3,74.2,58.3,65.0,70.3,52.4,60.7,2026-03-06T05:52,2026-03-06T17:38,42375.7,36768.65,6.8,7.5,0.0,0.0,0.0,0.0,0.0,0,0,0,25.5,37.8,328,23.23,5.06
208,Al Udeid Air Base,,25.11722222222222,51.31472222222222,act,xlsx,,2026-03-07,2,76.2,58.4,67.1,73.1,55.4,64.6,2026-03-07T05:51,2026-03-07T17:39,42463.57,39790.34,7.55,7.55,0.0,0.0,0.0,0.0,0.0,1,0,0,18.5,28.4,328,22.53,4.68
208,Al Udeid Air Base,,25.11722222222222,51.31472222222222,act,xlsx,,2026-03-08,2,82.2,63.8,71.8,80.2,64.4,70.7,2026-03-08T05:50,2026-03-08T17:39,42551.87,39880.63,6.7,7.0,0.0,0.0,0.0,0.0,0.0,30,13,1,16.6,31.0,149,19.5,4.56
208,Al Udeid Air Base,,25.11722222222222,51.31472222222222,act,xlsx,,2026-03-09,3,83.1,70.2,75.8,81.5,70.4,75.7,2026-03-09T05:49,2026-03-09T17:40,42640.55,36509.23,6.2,7.2,0.3,0.0,0.3,0.0,3.0,7,4,3,19.1,32.0,163,14.95,4.31
209,Muwaffaq Salti Air Base,,31.834166666666665,36.78722222222222,act,xlsx,,2026-03-03,1,64.2,42.6,53.3,60.0,36.3,46.8,2026-03-03T06:57,2026-03-03T18:31,41650.38,38303.71,5.9,5.9,0.0,0.0,0.0,0.0,0.0,0,0,0,9.2,17.3,35,21.27,3.95
209,Muwaffaq Salti Air Base,,31.834166666666665,36.78722222222222,act,xlsx,,2026-03-04,3,63.6,43.3,53.1,53.7,38.1,45.6,2026-03-04T06:56,2026-03-04T18:32,41764.53,38374.27,5.95,5.95,0.0,0.0,0.0,0.0,0.0,5,0,0,28.4,44.3,289,18.81,3.81
209,Muwaffaq Salti Air Base,,31.834166666666665,36.78722222222222,act,xlsx,,2026-03-05,2,63.4,46.2,54.2,58.7,43.7,50.0,2026-03-05T06:55,2026-03-05T18:33,41879.5,38445.95,5.95,5.95,0.0,0.0,0.0,0.0,0.0,8,1,0,16.3,28.4,300,20.15,3.46
209,Muwaffaq Salti Air Base,,31.834166666666665,36.78722222222222,act,xlsx,,2026-03-06,3,69.5,41.0,54.9,66.2,36.9,49.7,2026-03-06T06:54,2026-03-06T18:34,41995.2,38518.65,5.85,6.05,0.0,0.0,0.0,0.0,0.0,0,0,0,17.6,27.7,296,21.25,4.11
209,Muwaffaq Salti Air Base,,31.834166666666665,36.78722222222222,act,xlsx,,2026-03-07,3,63.9,45.1,53.9,55.0,39.1,47.2,2026-03-07T06:52,2026-03-07T18:34,42111.56,33607.02,5.65,6.1,0.0,0.0,0.0,0.0,0.0,8,2,0,23.7,36.4,299,15.2,3.34
209,Muwaffaq Salti Air Base,,31.834166666666665,36.78722222222222,act,xlsx,,2026-03-08,61,60.3,46.0,52.8,49.8,38.0,45.0,2026-03-08T06:51,2026-03-08T18:35,42228.48,39397.27,5.75,5.75,3.0,2.4,0.3,0.0,6.0,7,5,2,35.3,56.9,280,18.48,3.4
209,Muwaffaq Salti Air Base,,31.834166666666665,36.78722222222222,act,xlsx,,2026-03-09,3,57.2,43.2,49.4,46.4,37.5,41.8,2026-03-09T06:50,2026-03-09T18:36,42345.88,36021.87,5.85,5.85,0.0,0.0,0.0,0.0,0.0,5,2,0,31.4,54.0,278,14.24,2.68
210,Prince Sultan Air Base,,24.05527777777778,47.56361111111111,act,xlsx,,2026-03-03,80,63.8,53.4,58.7,56.9,48.6,51.5,2026-03-03T06:09,2026-03-03T17:52,42188.86,25859.7,7.45,7.45,5.5,0.0,5.5,0.0,13.0,90,44,3,27.8,45.0,23,12.01,3.52
210,Prince Sultan Air Base,,24.05527777777778,47.56361111111111,act,xlsx,,2026-03-04,3,65.5,52.7,58.1,56.3,47.8,51.7,2026-03-04T06:08,2026-03-04T17:53,42270.64,36699.62,7.5,7.5,0.0,0.0,0.0,0.0,0.0,33,5,0,26.7,42.1,357,21.29,4.2
210,Prince Sultan Air Base,,24.05527777777778,47.56361111111111,act,xlsx,,2026-03-05,3,68.9,50.8,60.0,64.2,47.8,55.8,2026-03-05T06:08,2026-03-05T17:53,42353.03,37041.33,7.55,7.55,0.0,0.0,0.0,0.0,0.0,0,0,0,9.6,15.5,24,23.02,4.18
210,Prince Sultan Air Base,,24.05527777777778,47.56361111111111,act,xlsx,,2026-03-06,3,74.2,52.4,64.0,68.1,49.3,58.1,2026-03-06T06:07,2026-03-06T17:54,42435.95,37044.74,4.75,7.55,0.0,0.0,0.0,0.0,0.0,0,0,0,14.9,22.7,98,21.7,5.16
210,Prince Sultan Air Base,,24.05527777777778,47.56361111111111,act,xlsx,,2026-03-07,3,72.2,58.8,66.2,64.4,54.0,59.7,2026-03-07T06:06,2026-03-07T17:54,42519.36,38816.43,7.55,7.6,0.2,0.0,0.2,0.0,2.0,20,6,0,20.2,32.4,161,16.6,4.95
210,Prince Sultan Air Base,,24.05527777777778,47.56361111111111,act,xlsx,,2026-03-08,2,82.9,60.6,71.3,74.6,55.7,64.7,2026-03-08T06:05,2026-03-08T17:55,42603.17,39654.05,4.6,7.05,0.1,0.0,0.1,0.0,1.0,28,12,0,30.6,47.5,195,18.21,6.32
210,Prince Sultan Air Base,,24.05527777777778,47.56361111111111,act,xlsx,,2026-03-09,2,85.7,67.1,76.3,81.2,64.7,72.5,2026-03-09T06:04,2026-03-09T17:55,42687.35,40042.08,7.15,7.25,0.0,0.0,0.0,0.0,0.0,0,0,0,19.1,28.4,216,18.54,5.38
