OBJECTID,Site_Name,State,latitude,longitude,Cluster,Temp (°F),Humidity (%),Feels Like (°F),Precip (mm),Rain (mm),Snow (mm),Weather Code,Cloud Cover (%),Pressure MSL,Surface Press.,Wind Speed (km/h),Wind Dir (°),Wind Gusts (km/h),Temperature 2M Max (7d),Temperature 2M Min (7d),Temperature 2M Mean (7d),Apparent Temperature Max (7d),Apparent Temperature Min (7d),Precipitation Sum (7d),Rain Sum (7d),Snowfall Sum (7d),Wind Speed 10M Max (7d),Wind Gusts 10M Max (7d),Sunshine Duration (7d),Uv Index Max (7d),Shortwave Radiation Sum (7d),Precipitation Hours (7d),Et0 Fao Evapotranspiration (7d),Temp (°F) (z-score),Humidity (%) (z-score),Feels Like (°F) (z-score),Precip (mm) (z-score),Rain (mm) (z-score),Snow (mm) (z-score),Weather Code (z-score),Cloud Cover (%) (z-score),Pressure MSL (z-score),Surface Press. (z-score),Wind Speed (km/h) (z-score),Wind Dir (°) (z-score),Wind Gusts (km/h) (z-score),Temperature 2M Max (7d) (z-score),Temperature 2M Min (7d) (z-score),Temperature 2M Mean (7d) (z-score),Apparent Temperature Max (7d) (z-score),Apparent Temperature Min (7d) (z-score),Precipitation Sum (7d) (z-score),Rain Sum (7d) (z-score),Snowfall Sum (7d) (z-score),Wind Speed 10M Max (7d) (z-score),Wind Gusts 10M Max (7d) (z-score),Sunshine Duration (7d) (z-score),Uv Index Max (7d) (z-score),Shortwave Radiation Sum (7d) (z-score),Precipitation Hours (7d) (z-score),Et0 Fao Evapotranspiration (7d) (z-score),Temp (°F) (rank),Humidity (%) (rank),Feels Like (°F) (rank),Precip (mm) (rank),Rain (mm) (rank),Snow (mm) (rank),Weather Code (rank),Cloud Cover (%) (rank),Pressure MSL (rank),Surface Press. (rank),Wind Speed (km/h) (rank),Wind Dir (°) (rank),Wind Gusts (km/h) (rank),Temperature 2M Max (7d) (rank),Temperature 2M Min (7d) (rank),Temperature 2M Mean (7d) (rank),Apparent Temperature Max (7d) (rank),Apparent Temperature Min (7d) (rank),Precipitation Sum (7d) (rank),Rain Sum (7d) (rank),Snowfall Sum (7d) (rank),Wind Speed 10M Max (7d) (rank),Wind Gusts 10M Max (7d) (rank),Sunshine Duration (7d) (rank),Uv Index Max (7d) (rank),Shortwave Radiation Sum (7d) (rank),Precipitation Hours (7d) (rank),Et0 Fao Evapotranspiration (7d) (rank)
88,Fort Bliss,,31.801944444444445,-106.42472222222224,0,70.4,16,63.9,0.0,0.0,0.0,0,0,1012.4,884.0,5.2,254,19.1,74.97142857142856,54.42857142857143,64.82857142857144,66.32857142857144,47.94285714285714,0.0,0.0,0.0,27.37142857142857,40.3,38575.874285714286,6.7,21.262857142857143,0.0,5.8100000000000005,1.1695929722613847,-2.771891188764043,0.8826736285247193,-0.17352829709160011,-0.14265580790704105,-0.06917144638660745,-0.40390044557469484,-1.592101429271151,-1.1356314658754896,-2.0690622937257923,-0.8810188115197434,0.9566941107703162,-0.3739534082222846,0.8689388939270706,0.5462155562846917,0.7971850658240285,0.4089212659260134,0.3154285198598652,-0.8428269329148801,-0.6690254025745666,-0.3321682985375722,0.5962787710253449,-0.04455409196187481,1.3514537713253338,1.3312499914661293,1.7055546439563225,-1.0811174452289627,2.3371002220108186,23,210,37,12,8,2,161,182,181,196,176,39,122,60,64,59,71,68,182,140,43,42,105,14,19,7,182,4
11,Davis–Monthan Air Force Base,,32.16638888888889,-110.88305555555554,0,70.2,18,63.2,0.0,0.0,0.0,0,0,1012.7,923.0,8.3,185,9.4,78.64285714285714,55.62857142857143,66.51428571428572,70.9,47.94285714285714,0.0,0.0,0.0,27.285714285714285,35.44285714285714,38659.85428571428,6.735714285714286,21.97714285714286,0.0,6.388571428571429,1.1562816141509387,-2.6743956440625194,0.8426226906622218,-0.17352829709160011,-0.14265580790704105,-0.06917144638660745,-0.40390044557469484,-1.592101429271151,-1.0942186490485777,-1.2828940712214552,-0.5389521053115052,0.22136111347231696,-1.0682776198245032,1.1542329206045505,0.6416489567666701,0.934768614585133,0.7010482506308309,0.3154285198598652,-0.8428269329148801,-0.6690254025745666,-0.3321682985375722,0.5861918899301845,-0.45539771408221846,1.362905911505048,1.3540104775285813,1.8675114366181287,-1.0811174452289627,2.77049011493801,25,208,40,12,8,2,161,182,174,188,139,81,182,34,61,47,61,68,182,140,43,46,129,12,16,3,182,2
35,Luke Air Force Base,,33.535,-112.38305555555554,0,69.9,23,61.8,0.0,0.0,0.0,0,0,1012.5,974.9,15.4,53,31.3,79.21428571428571,58.21428571428572,68.18571428571428,73.48571428571428,51.5,0.0,0.0,0.0,22.928571428571427,30.6,38793.62714285714,6.128571428571428,20.43285714285714,0.0,5.611428571428571,1.13631457698527,-2.4306567823087093,0.7625208149372262,-0.17352829709160011,-0.14265580790704105,-0.06917144638660745,-0.40390044557469484,-1.592101429271151,-1.1218271935998523,-0.23668559050414567,0.24449099600413685,-1.185362881358638,0.49932034245267054,1.1986366601652476,0.8472852125671234,1.0711862010686006,0.8662825763544927,0.5398028540113048,-0.8428269329148801,-0.6690254025745666,-0.3321682985375722,0.07344210092619217,-0.8650329726080906,1.3811481776665266,0.9670822144668947,1.5173608508833039,-1.0811174452289627,2.1883565303642016,28,202,46,12,8,2,161,182,179,158,70,187,60,31,46,39,54,60,182,140,43,88,164,8,41,12,182,8
124,Morris Air National Guard Base,,32.11527777777778,-110.93055555555556,0,68.9,19,62.1,0.0,0.0,0.0,0,0,1012.6,923.8,7.6,161,9.0,78.95714285714287,56.22857142857144,66.92857142857143,71.74285714285715,48.8,0.0,0.0,0.0,28.67142857142857,38.07142857142857,38637.92285714286,6.721428571428571,21.89428571428571,0.0,6.372857142857143,1.0697577864330412,-2.6256478717117573,0.7796855025925826,-0.17352829709160011,-0.14265580790704105,-0.06917144638660745,-0.40390044557469484,-1.592101429271151,-1.108022921324215,-1.2667675435803416,-0.616192974455301,-0.034406885587856685,-1.096909546076141,1.1786549773629353,0.68936565700766,0.9685815206365908,0.7549091634357816,0.36949462447466974,-0.8428269329148801,-0.6690254025745666,-0.3321682985375722,0.7492631343019459,-0.23305881269944428,1.3599151780644512,1.3449062831036,1.8487244486693581,-1.0811174452289627,2.758719031426407,33,206,44,12,8,2,161,182,176,187,147,103,183,32,59,45,60,65,182,140,43,32,118,13,17,4,182,3
99,Goldwater Air National Guard Base,,33.42666666666666,-112.01194444444444,0,68.3,25,63.9,0.0,0.0,0.0,0,0,1012.6,973.7,1.8,143,10.1,80.0,60.62857142857143,70.11428571428571,74.31428571428572,54.41428571428571,0.0,0.0,0.0,20.542857142857144,26.642857142857142,38749.24428571429,6.15,20.57857142857143,0.0,5.63,1.029823712101703,-2.3331612376071855,0.8826736285247193,-0.17352829709160011,-0.14265580790704105,-0.06917144638660745,-0.40390044557469484,-1.592101429271151,-1.108022921324215,-0.2608753819658162,-1.2561887473610367,-0.2262328848829869,-1.0181717488841369,1.2596918020612067,1.0392881254415793,1.2285911085495256,0.9192305923322414,0.7236276097016406,-0.8428269329148801,-0.6690254025745666,-0.3321682985375722,-0.20730942288910809,-1.199749688276724,1.3750957997006275,0.9807385061043665,1.5504000365863126,-1.0811174452289627,2.202267810877914,35,199,37,12,8,2,161,182,176,159,201,115,180,28,37,23,50,52,182,140,43,108,192,9,36,10,182,7
7,Cannon Air Force Base,,34.382777777777775,-103.32222222222222,0,67.9,24,60.1,0.0,0.0,0.0,0,0,1009.0,868.5,14.2,277,25.2,71.84285714285714,42.4,56.24285714285714,61.84285714285714,34.98571428571428,0.0,0.0,0.0,33.042857142857144,52.971428571428575,38206.21142857143,6.171428571428572,19.99857142857143,0.0,5.304285714285714,1.0032009958808121,-2.381909009957947,0.665254251556875,-0.17352829709160011,-0.14265580790704105,-0.06917144638660745,-0.40390044557469484,-1.592101429271151,-1.6049767232470473,-2.381513766772388,0.11207807747191553,1.2018051098696492,0.06268346711519283,0.6258284198322542,-0.41039067235609034,0.09644173696450294,0.12227166218441053,-0.5018707615672665,-0.8428269329148801,-0.6690254025745666,-0.3321682985375722,1.2636940701551318,1.0272644163344347,1.3010437825275976,0.9943947977418377,1.4188911209449266,-1.0811174452289627,1.958285352637421,36,201,57,12,8,2,161,182,205,200,75,28,90,69,130,89,89,143,182,140,43,21,33,20,35,23,182,9
20,Gila Bend Air Force Auxiliary Field,,32.8875,-112.72,0,66.5,25,61.9,0.0,0.0,0.0,0,0,1012.7,982.6,1.8,143,5.4,80.74285714285715,57.471428571428575,68.31428571428572,73.75714285714285,51.35714285714285,0.0,0.0,0.0,23.357142857142858,31.057142857142857,37779.55857142857,6.2,20.24,0.0,5.808571428571428,0.9100214891076911,-2.3331612376071855,0.7682423774890117,-0.17352829709160011,-0.14265580790704105,-0.06917144638660745,-0.40390044557469484,-1.592101429271151,-1.0942186490485777,-0.08146776195841668,-1.2561887473610367,-0.2262328848829869,-1.354596882340882,1.3174166634901134,0.7882073932211366,1.0816798615673293,0.8836276160713413,0.5307918365755033,-0.8428269329148801,-0.6690254025745666,-0.3321682985375722,0.12387650640199492,-0.8263653375849995,1.242862211581232,1.0126031865917993,1.4736325168646163,-1.0811174452289627,2.336030123509763,42,199,45,12,8,2,161,182,174,149,201,115,201,24,52,37,53,61,182,140,43,82,158,25,34,18,182,5
206,Abdullah Al Mubarak Air Base (Cargo City),,29.226666666666667,47.98,0,64.9,18,56.8,0.0,0.0,0.0,2,57,1016.7,1010.9,10.7,315,23.0,74.64285714285714,53.72857142857144,63.371428571428574,68.57142857142857,48.08571428571429,0.0,0.0,0.0,18.02857142857143,32.614285714285714,37728.5,5.871428571428572,20.31714285714286,0.0,4.817142857142857,0.803530624224125,-2.6743956440625194,0.47644268734795714,-0.17352829709160011,-0.14265580790704105,-0.06917144638660745,-0.28786885382273053,-0.2030741618968304,-0.5420477580232119,0.48900815334601155,-0.27412626824706293,1.6067711083815908,-0.09479212726881543,0.8434067436796703,0.4905460726702053,0.6782569135051071,0.552246067796814,0.32443953729566616,-0.8428269329148801,-0.6690254025745666,-0.3321682985375722,-0.5031912683471497,-0.6946537057875952,1.2358994833438426,0.8032067148172398,1.4911238504720918,-1.0811174452289627,1.593381763777736,47,208,73,12,8,2,119,133,145,86,111,24,100,61,67,63,65,67,182,140,43,128,151,26,53,15,182,15
190,NATO Air Base Geilenkirchen,,50.96083333333333,6.0425,0,63.5,52,60.7,0.0,0.0,0.0,0,0,1025.9,1016.1,6.1,346,14.0,63.22857142857144,40.67142857142857,50.8,59.85714285714285,36.22857142857143,0.0,0.0,0.0,11.37142857142857,21.885714285714283,36242.43,3.3000000000000003,13.04142857142857,0.0,1.9614285714285715,0.7103511174510041,-1.0169713841366113,0.6995836268675873,-0.17352829709160011,-0.14265580790704105,-0.06917144638660745,-0.40390044557469484,-1.592101429271151,0.7279452913351356,0.5938305830132574,-0.7817091226205775,1.9371381071676483,-0.7390104679306676,-0.043557954045254706,-0.5478602135265589,-0.3477898908149961,-0.004620996796745201,-0.42347490987579933,-0.8428269329148801,-0.6690254025745666,-0.3321682985375722,-1.2866057000712823,-1.602134765235767,1.033247876331832,-0.8355482816793143,-0.15856803958106322,-1.0811174452289627,-0.5457451398307968,57,177,54,12,8,2,161,182,56,68,166,12,156,98,146,126,97,135,182,140,43,201,206,45,161,105,182,133
44,Nellis Air Force Base,,36.23611111111112,-115.03416666666666,0,62.8,26,56.6,0.0,0.0,0.0,0,0,1017.1,952.4,6.3,66,10.4,72.02857142857142,53.68571428571429,62.4,63.08571428571429,45.07142857142857,0.0,0.0,0.0,30.685714285714287,43.21428571428572,37125.44,5.985714285714286,19.80857142857143,0.0,5.715714285714286,0.6637613640644435,-2.2844134652564234,0.4649995622443866,-0.17352829709160011,-0.14265580790704105,-0.06917144638660745,-0.40390044557469484,-1.592101429271151,-0.48683066892067844,-0.690244180410494,-0.7596403028652072,-1.0468218818677106,-0.9966978041954084,0.6402596351894806,0.4871377369387054,0.5989714786258261,0.2016936861510331,0.13430706940026924,-0.8428269329148801,-0.6690254025745666,-0.3321682985375722,0.986304840038218,0.20195208131033246,1.1536617165329504,0.8760402702170864,1.375810614096886,-1.0811174452289627,2.2664737209412023,60,198,75,12,8,2,161,182,140,177,163,182,176,68,68,68,86,79,182,140,43,30,90,33,47,25,182,6
26,Holloman Air Force Base,,32.8525,-106.10638888888889,0,62.4,19,55.6,0.0,0.0,0.0,0,0,1011.3,875.6,5.4,176,7.2,72.94285714285715,50.2,61.68571428571429,66.27142857142857,42.98571428571428,0.0,0.0,0.0,20.214285714285715,25.557142857142857,38359.32857142857,6.807142857142857,21.004285714285714,0.0,5.298571428571429,0.637138647843552,-2.6256478717117573,0.4077839367265328,-0.17352829709160011,-0.14265580790704105,-0.06917144638660745,-0.40390044557469484,-1.592101429271151,-1.2874784609074683,-2.238390833957495,-0.8589499917643731,0.12544811382475185,-1.2257532142085115,0.711305618486597,0.20992643077676848,0.5406733647440026,0.40526967861720276,0.002746214837577565,-0.8428269329148801,-0.6690254025745666,-0.3321682985375722,-0.24597580042055675,-1.2915853214565653,1.3219239800022031,1.3995314496534854,1.6469262850127488,-1.0811174452289627,1.9540049586332022,66,206,80,12,8,2,161,182,189,198,170,89,191,66,82,70,72,89,182,140,43,110,198,18,15,8,182,10
186,Kleine Brogel Air Base,,51.16944444444445,5.091111111111111,0,62.2,56,59.7,0.0,0.0,0.0,0,0,1026.0,1021.9,5.8,321,11.2,62.81428571428571,40.971428571428575,50.21428571428572,60.22857142857144,36.57142857142857,0.0,0.0,0.0,9.128571428571428,19.02857142857143,34610.29,3.2214285714285715,12.491428571428573,0.0,1.7614285714285711,0.6238272897331065,-0.8219802947335634,0.6423680013497335,-0.17352829709160011,-0.14265580790704105,-0.06917144638660745,-0.40390044557469484,-1.592101429271151,0.7417495636107573,0.7107479084113374,-0.8148123522536328,1.6707131081466342,-0.9394339516921328,-0.07575066522676158,-0.524001863406064,-0.395594344198091,0.01911432071052274,-0.4018484680298775,-0.8428269329148801,-0.6690254025745666,-0.3321682985375722,-1.5505457553946485,-1.8438074841300864,0.8106770728914942,-0.8856213510167091,-0.2832747699306531,-1.0811174452289627,-0.6955589299784682,67,171,59,12,8,2,161,182,53,36,167,22,169,103,140,133,95,131,182,140,43,209,209,67,169,113,182,150
205,Volkel Air Base,,51.657222222222224,5.690833333333334,0,61.0,61,58.2,0.0,0.0,0.0,0,0,1026.2,1022.9,8.3,344,14.8,61.04285714285714,39.15714285714286,48.74285714285714,58.371428571428574,34.371428571428574,0.0,0.0,0.0,10.671428571428573,20.97142857142857,34771.34428571429,3.185714285714286,12.032857142857145,0.0,1.634285714285714,0.5439591410704315,-0.5782414329797534,0.5565445630729527,-0.17352829709160011,-0.14265580790704105,-0.06917144638660745,-0.40390044557469484,-1.592101429271151,0.7693581081620319,0.7309060679627306,-0.5389521053115052,1.9158241072459674,-0.6817466154273918,-0.21340225786492292,-0.6682880760395312,-0.5156884587946493,-0.09956226682581014,-0.5406181365412094,-0.8428269329148801,-0.6690254025745666,-0.3321682985375722,-1.3689818956817592,-1.679470035281949,0.8326396384611993,-0.9083818370791612,-0.3872510308195324,-1.0811174452289627,-0.790797696572345,70,164,65,12,8,2,161,182,49,31,139,13,154,116,156,139,104,150,182,140,43,204,207,63,171,119,182,157
209,Muwaffaq Salti Air Base,,31.834166666666665,36.78722222222222,0,60.4,20,52.9,0.0,0.0,0.0,0,0,1020.4,960.2,7.9,317,11.9,63.15714285714286,43.91428571428571,53.08571428571429,55.68571428571429,38.51428571428572,0.4285714285714285,0.3428571428571428,0.0,23.12857142857143,37.85714285714285,37524.10571428571,5.842857142857143,18.485714285714288,0.8571428571428571,3.5357142857142856,0.504025066739094,-2.576900099360995,0.2533017478283273,-0.17352829709160011,-0.14265580790704105,-0.06917144638660745,-0.40390044557469484,-1.592101429271151,-0.03128968382475796,-0.5330105359096252,-0.5830897448222456,1.628085108303272,-0.8893280807517665,-0.0491084214903428,-0.28996280984311795,-0.16123592639315878,-0.27118687033989036,-0.2792986309029864,-0.683005070626554,-0.5018677213955098,-0.3321682985375722,0.09697815681490035,-0.251184266616519,1.20802675159899,0.7849983259672783,1.0758666340872218,-0.7920240706558529,0.633503408331586,73,204,89,12,8,2,161,182,93,174,142,23,167,100,118,114,116,117,142,105,43,85,120,30,55,46,153,48
191,RAF Akrotiri,,34.583333333333336,32.983333333333334,0,59.8,63,54.8,0.0,0.0,0.0,1,41,1022.5,1018.6,16.3,262,28.8,63.114285714285714,48.17142857142857,55.371428571428574,60.68571428571429,44.05714285714286,0.5285714285714286,0.0,0.0,17.085714285714285,30.857142857142858,37667.03428571428,5.65,18.577142857142857,1.4285714285714286,3.021428571428572,0.46409099240775653,-0.48074588827822934,0.3620114363122495,-0.17352829709160011,-0.14265580790704105,-0.06917144638660745,-0.3458846496987127,-0.592976552738745,0.25860003396356224,0.6442259818917405,0.3438006849033028,1.0419501104570408,0.32037080337993384,-0.052438701957395216,0.04859853948580502,0.02531803802867802,0.04832701918100395,0.07032884560608378,-0.645713302759278,-0.6690254025745666,-0.3321682985375722,-0.6141469603939153,-0.8432824279076019,1.2275175593590089,0.6620917012300366,1.0965971035479323,-0.5992951542737798,0.24826794795186058,74,158,84,12,8,2,139,142,78,51,63,35,70,101,91,93,94,83,136,140,43,143,162,27,63,43,134,86
203,Spangdahlem Air Base,,49.97583333333333,6.697222222222223,0,59.8,56,57.3,0.0,0.0,0.0,0,0,1025.9,983.9,3.6,257,12.6,60.771428571428565,38.57142857142857,48.08571428571429,56.75714285714286,33.65714285714286,0.0,0.0,0.0,9.985714285714286,23.314285714285717,36307.24,3.2357142857142853,13.575714285714286,0.0,1.9442857142857144,0.46409099240775653,-0.8219802947335634,0.505050500106884,-0.17352829709160011,-0.14265580790704105,-0.06917144638660745,-0.40390044557469484,-1.592101429271151,0.7279452913351356,-0.055262154541606365,-1.057569369562705,0.9886651106528379,-0.8392222098114002,-0.23449403415625414,-0.714868664370021,-0.569322723565927,-0.20271960829969884,-0.5856732237202134,-0.8428269329148801,-0.6690254025745666,-0.3321682985375722,-1.4496769444430435,-1.4812984057886063,1.042085852100435,-0.8765171565917286,-0.03742435867003215,-1.0811174452289627,-0.5585863218434542,74,171,69,12,8,2,161,182,56,147,189,38,165,121,159,142,110,153,182,140,43,207,202,43,166,97,182,135
176,Camp Darby,,43.63333333333333,10.316666666666666,0,59.1,78,57.8,0.0,0.0,0.0,3,77,1025.5,1024.5,7.6,245,16.2,63.51428571428572,48.5,54.871428571428574,61.08571428571429,44.98571428571428,0.0,0.0,0.0,12.314285714285711,26.3,33031.71857142857,3.9,13.594285714285714,0.0,2.1842857142857146,0.4175012390211965,0.2504706969832007,0.5336583128658109,-0.17352829709160011,-0.14265580790704105,-0.06917144638660745,-0.22985305794674837,0.28430382665556286,0.6727282022325866,0.7631591232449603,-0.616192974455301,0.860781111122751,-0.5815348735466593,-0.021356084264906747,0.0747291134272991,-0.015490641688598795,0.0738881303426754,0.12890045893878857,-0.8428269329148801,-0.6690254025745666,-0.3321682985375722,-1.175650008024517,-1.2287504145440422,0.5954112800397139,-0.45317211583011857,-0.033213482060825174,-1.0811174452289627,-0.37880977366624874,79,99,68,12,8,2,19,119,60,25,147,42,141,97,89,99,92,80,182,140,43,195,193,76,126,96,182,115
185,Izmir Air Station,,38.4575,27.17027777777778,0,58.9,67,57.0,0.0,0.0,0.0,2,70,1023.3,1022.9,5.4,270,16.9,62.02857142857143,40.41428571428571,50.5,56.48571428571428,36.04285714285714,0.1142857142857143,0.0857142857142857,0.0,16.442857142857143,31.014285714285712,38247.43,5.071428571428571,18.034285714285712,0.2857142857142857,2.887142857142857,0.4041898809107505,-0.28575479887518135,0.48788581245152807,-0.17352829709160011,-0.14265580790704105,-0.06917144638660745,-0.28786885382273053,0.1137215306622252,0.3690342121686291,0.7309060679627306,-0.8589499917643731,1.1272061101437651,-0.5314290026062931,-0.13680580712271956,-0.5683102279155544,-0.372275098645362,-0.2200646480165479,-0.43518923254234065,-0.8002077696379931,-0.6272359822798024,-0.3321682985375722,-0.6897985686076189,-0.8299904283684145,1.3066646548544327,0.2933718270183115,0.9735099411249595,-0.9847529870379261,0.14767868885270957,80,148,72,12,8,2,119,125,74,31,170,33,134,109,148,130,112,136,165,125,43,153,160,19,84,55,173,93
182,Einsiedlerhof Air Station,,49.42833333333333,7.1175,0,58.6,67,57.3,0.0,0.0,0.0,0,0,1026.0,989.3,2.5,275,7.6,58.9,37.84285714285714,46.81428571428571,55.07142857142857,32.285714285714285,0.0,0.0,0.0,10.657142857142857,22.928571428571427,36526.67142857143,3.314285714285714,13.855714285714283,0.0,1.8742857142857143,0.384222843745082,-0.28575479887518135,0.505050500106884,-0.17352829709160011,-0.14265580790704105,-0.06917144638660745,-0.40390044557469484,-1.592101429271151,0.7417495636107573,0.053591907035916764,-1.1789478782172411,1.180491109947968,-1.1971212879568736,-0.37991628121753707,-0.7728103718055076,-0.6730933662755744,-0.31044143390960066,-0.672178991103901,-0.8428269329148801,-0.6690254025745666,-0.3321682985375722,-1.370663042530953,-1.51392422283934,1.0720091609815392,-0.8264440872543337,0.026062704053395197,-1.0811174452289627,-0.6110211483951392,81,148,69,12,8,2,161,182,53,133,197,29,189,131,160,154,122,156,182,140,43,205,204,39,160,90,182,141
76,Channel Islands Air National Guard Station,,34.115,-119.11027777777775,0,57.8,90,55.7,0.0,0.0,0.0,0,4,1016.7,1016.3,14.1,148,22.3,68.9,52.15714285714286,59.54285714285714,65.68571428571428,45.74285714285714,0.2142857142857142,0.0428571428571428,0.0,28.428571428571427,39.271428571428565,37090.33,5.778571428571429,19.782857142857143,0.8571428571428571,4.188571428571429,0.3309774113032985,0.8354439651923447,0.41350549927831826,-0.17352829709160011,-0.14265580790704105,-0.06917144638660745,-0.40390044557469484,-1.4946258315606724,-0.5420477580232119,0.5978622149235346,0.10104366759423047,-0.17294788507878406,-0.14489799820918167,0.39714916109466425,0.3655737625152328,0.36577902309852967,0.3678409087018978,0.1766588513485329,-0.7629160017707172,-0.6481306924271845,-0.3321682985375722,0.7206836378656577,-0.13155627076383028,1.1488738546407165,0.7440294510548645,1.3699801695610607,-0.7920240706558529,1.122538423313627,83,47,78,12,8,2,161,174,145,66,76,110,104,78,78,76,75,76,155,134,43,34,109,34,58,26,153,29
30,Kirtland Air Force Base,,35.040277777777774,-106.60916666666668,0,56.5,22,50.2,0.0,0.0,0.0,0,0,1013.7,838.9,3.1,339,13.7,65.45714285714286,44.51428571428572,54.971428571428575,56.471428571428575,35.68571428571429,0.0,0.0,0.0,25.071428571428573,39.81428571428571,38367.34142857143,6.4071428571428575,20.967142857142857,0.0,4.808571428571429,0.24445358358540095,-2.4794045546594714,0.09881955893012229,-0.17352829709160011,-0.14265580790704105,-0.06917144638660745,-0.40390044557469484,-1.592101429271151,-0.9561759262922362,-2.9781952894936286,-1.1127414189511304,1.8625391074417645,-0.760484412619396,0.12961663024146317,-0.24224610960212814,-0.007328905745143317,-0.22097754484374987,-0.457716776131842,-0.8428269329148801,-0.6690254025745666,-0.3321682985375722,0.3256141283052051,-0.08563845417390936,1.3230166730629334,1.144614005754022,1.638504531794335,-1.0811174452289627,1.5869611727714077,87,203,97,12,8,2,161,182,170,204,193,15,161,91,115,97,114,139,182,140,43,66,106,17,30,9,182,17
142,San Diego Air National Guard Station,,32.83611111111112,-117.16055555555556,0,56.4,86,56.7,0.0,0.0,0.0,0,16,1016.3,1000.1,1.5,166,6.8,69.27142857142857,54.114285714285714,60.08571428571429,65.88571428571429,50.72857142857144,0.0428571428571428,0.0428571428571428,0.0,18.842857142857145,24.27142857142857,34013.444285714286,5.735714285714286,17.245714285714286,0.4285714285714285,3.337142857142857,0.23779790453017796,0.6404528757892967,0.47072112479617206,-0.17352829709160011,-0.14265580790704105,-0.06917144638660745,-0.40390044557469484,-1.2021990384292365,-0.597264847125761,0.2713000301909653,-1.289291976994092,0.018878114216346158,-1.2543851404601494,0.4260115918091171,0.5212210942536972,0.41008558964871666,0.38062146428273375,0.49114335985798135,-0.8268447466860476,-0.6481306924271845,-0.3321682985375722,-0.40736589794312467,-1.4003380449590097,0.7292867325049501,0.7167168677799215,0.7947096420263263,-0.9365707579424078,0.4847597166849698,88,60,74,12,8,2,161,162,151,118,206,99,194,76,66,72,74,62,173,134,43,122,201,72,59,63,166,63
184,Incirlik Air Base,,37.00194444444445,35.42583333333333,0,56.4,40,50.9,0.0,0.0,0.0,1,18,1021.5,1014.0,6.4,223,20.9,62.4,43.04285714285714,52.07142857142857,58.02857142857143,37.18571428571429,0.6,0.0,0.0,20.442857142857143,38.04285714285714,35610.71571428572,4.8500000000000005,17.509999999999998,1.1428571428571428,3.29,0.23779790453017796,-1.6019446523457552,0.13887049679261973,-0.17352829709160011,-0.14265580790704105,-0.06917144638660745,-0.3458846496987127,-1.1534612395739972,0.12055731120722077,0.5514984479553311,-0.7486058929875221,0.6263271119842585,-0.24510974008991437,-0.10794337640826678,-0.3592656363836023,-0.2440192481053493,-0.12147179067867139,-0.36310109305593374,-0.6190763257112235,-0.6690254025745666,-0.3321682985375722,-0.2190774508334622,-0.2354755398883878,0.9471025970566674,0.15225681343110872,0.8546336553111941,-0.6956596124648163,0.4494464661501616,88,190,95,12,8,2,139,159,87,77,162,51,109,105,124,120,108,125,132,140,43,109,119,52,92,57,147,71
175,Büchel Air Base,,50.17638888888889,7.057777777777778,0,56.2,66,52.8,0.0,0.0,0.0,0,0,1025.8,969.3,7.9,218,16.2,57.34285714285714,37.2,45.785714285714285,52.74285714285714,32.15714285714286,0.0,0.0,0.0,10.842857142857143,22.9,36300.61142857143,3.392857142857143,13.558571428571428,0.0,1.8057142857142856,0.22448654641973242,-0.33450257122594335,0.24758018527654188,-0.17352829709160011,-0.14265580790704105,-0.06917144638660745,-0.40390044557469484,-1.592101429271151,0.7141410190594827,-0.34957128399194837,-0.5830897448222456,0.5730421121800557,-0.5815348735466593,-0.5009164715204368,-0.8239354077779956,-0.7570426502654006,-0.4592436167436172,-0.6802889067961216,-0.8428269329148801,-0.6690254025745666,-0.3321682985375722,-1.3488081334914384,-1.5163409500282832,1.04118193058113,-0.776371017916939,-0.04131132169391564,-1.0811174452289627,-0.6623858764457695,90,151,90,12,8,2,161,182,58,163,142,55,141,137,165,159,136,157,182,140,43,203,205,44,154,98,182,146
122,Moffett Federal Airfield,,37.415,-122.04833333333332,0,55.3,93,55.1,0.0,0.0,0.0,3,100,1020.2,1019.8,4.7,122,10.4,67.21428571428571,49.1,57.22857142857144,62.74285714285714,44.58571428571429,0.0,0.0,0.0,18.6,33.8,36123.07428571428,5.607142857142857,18.84714285714286,0.0,3.291428571428572,0.16458543492272595,0.9816872822446306,0.3791761239676059,-0.17352829709160011,-0.14265580790704105,-0.06917144638660745,-0.22985305794674837,0.8447885134908151,-0.05889822837601684,0.6684157733534111,-0.9361908609081687,-0.4500298840606388,-0.9966978041954084,0.2661581293906067,0.12244581366828833,0.17689313412142138,0.1797841622981714,0.1036696101185469,-0.8428269329148801,-0.6690254025745666,-0.3321682985375722,-0.4359453943794128,-0.5943595274464527,1.016971639474842,0.6347791179550935,1.1578167711740956,-1.0811174452289627,0.45051656465121664,94,29,82,12,8,2,19,1,95,44,180,130,176,83,86,84,88,81,182,140,43,125,137,47,65,38,182,70
202,Ramstein Air Base,,49.443888888888885,10.126666666666669,0,54.3,59,51.0,0.0,0.0,0.0,1,45,1026.1,988.9,3.6,45,7.9,59.371428571428574,36.25714285714286,46.871428571428574,53.62857142857143,31.5,0.0,0.0,0.0,13.014285714285714,25.67142857142857,34795.82571428571,3.35,12.921428571428573,0.0,1.922857142857143,0.09802864437049692,-0.6757369776812774,0.14459205934440517,-0.17352829709160011,-0.14265580790704105,-0.06917144638660745,-0.3458846496987127,-0.49550095502826635,0.7555538358863788,0.04552864321535992,-1.057569369562705,-1.2706188810453627,-1.1756473432681454,-0.3432831960799616,-0.8989187938709785,-0.6684295171650279,-0.40264401345705825,-0.7217395870008053,-0.8428269329148801,-0.6690254025745666,-0.3321682985375722,-1.093273812414039,-1.2819184127007928,0.8359781089517877,-0.8036836011918814,-0.18577678074824602,-1.0811174452289627,-0.5746377993592762,98,167,94,12,8,2,139,140,50,136,189,191,185,125,168,152,130,159,182,140,43,192,197,62,158,108,182,137
29,Kegelman Air Force Auxiliary Field,,36.73805555555556,-98.1261111111111,0,54.0,81,51.2,0.0,0.0,0.0,3,100,1010.5,967.2,8.8,261,14.4,68.58571428571429,47.92857142857143,57.71428571428572,63.82857142857143,41.385714285714286,0.8285714285714285,0.0571428571428571,0.0,28.414285714285715,53.385714285714286,28506.08,5.135714285714286,13.694285714285714,2.142857142857143,3.151428571428572,0.07806160720482841,0.3967140140354867,0.1560351844479761,-0.17352829709160011,-0.14265580790704105,-0.06917144638660745,-0.22985305794674837,0.8447885134908151,-1.3979126391125352,-0.39190341904987236,-0.4837800559230797,1.0312931104962002,-0.7103785416790297,0.37272710433628065,0.02928463700730963,0.2165358515610613,0.2491643211655658,-0.09817718044339088,-0.5338379991574497,-0.6411657890447238,-0.3321682985375722,0.7190024910164645,1.0623069605741107,-0.021738604727181265,0.33434070193072574,-0.010539531088172434,-0.3583840087961883,0.3456469115478471,99,86,93,12,8,2,19,1,193,164,137,37,155,79,94,83,83,101,123,130,43,35,30,102,82,95,115,77
101,Hall Air Guard Station,,31.329444444444444,-8.424166666666666,0,53.9,44,44.9,0.0,0.0,0.0,2,64,1007.4,921.4,20.2,286,35.3,57.72857142857144,43.91428571428571,50.285714285714285,53.385714285714286,39.2,1.957142857142857,1.5714285714285714,0.0,16.071428571428573,28.985714285714288,35036.28142857143,5.714285714285714,16.46,2.2857142857142856,2.448571428571429,0.07140592814960542,-1.4069535629427072,-0.20442325631450317,-0.17352829709160011,-0.14265580790704105,-0.06917144638660745,-0.28786885382273053,-0.03249186590349277,-1.8258450796571968,-1.315147126503685,0.7741426701330215,1.2977181095172143,0.785639604969049,-0.47094394731696515,-0.28996280984311795,-0.3897645328099093,-0.418163259519502,-0.23604574721114277,-0.1129737617981908,0.09711396949611044,-0.3321682985375722,-0.7335083866866476,-1.0015780587833814,0.8687684464966013,0.7030605761424502,0.6165571700983401,-0.31020177970067003,-0.1808415509711119,101,189,124,12,8,2,119,128,209,189,38,27,45,136,118,132,132,113,90,64,43,164,174,58,61,65,108,106
10,Creech Air Force Base,,36.58722222222222,-115.67333333333332,0,53.7,37,49.2,0.0,0.0,0.0,0,0,1018.3,910.4,0.5,315,7.2,66.12857142857142,46.35714285714285,55.91428571428571,57.51428571428572,39.5,0.0142857142857142,0.0,0.0,24.8,33.24285714285714,38087.474285714285,6.028571428571429,20.08,0.1428571428571428,4.42,0.058094570039159896,-1.7481879693980413,0.04160393341226848,-0.17352829709160011,-0.14265580790704105,-0.06917144638660745,-0.40390044557469484,-1.592101429271151,-0.3211794016130781,-1.5368868815690107,-1.399636075770943,1.6067711083815908,-1.2257532142085115,0.18179102422528173,-0.09568767314766283,0.06962460457886382,-0.15433607645796327,-0.21712261059596127,-0.8374995375052693,-0.6690254025745666,-0.3321682985375722,0.29367233817053007,-0.641485707630845,1.2848518986916986,0.9033528534920294,1.4373541953083717,-1.0329352161334444,1.2958943804845036,102,193,102,12,8,2,161,182,123,192,210,24,191,88,102,90,109,112,177,140,43,69,145,21,46,21,175,25
179,Câmpia Turzii (71st Air Base),,46.50333333333333,23.885277777777777,0,51.9,38,45.6,0.0,0.0,0.0,0,0,1026.0,986.5,6.9,351,16.6,54.85714285714285,30.542857142857144,41.75714285714286,48.92857142857143,25.62857142857143,0.0,0.0,0.0,9.614285714285714,19.285714285714285,36378.188571428575,3.814285714285714,13.76,0.0,1.9085714285714288,-0.06170765295485262,-1.6994401970472792,-0.16437231845200534,-0.17352829709160011,-0.14265580790704105,-0.06917144638660745,-0.40390044557469484,-1.592101429271151,0.7417495636107573,-0.0028509397079834417,-0.6934338435990967,1.9904231069718512,-0.5529029472950213,-0.6940727386094703,-1.353363558070875,-1.0858440125588877,-0.7029870696066991,-1.0920924036122175,-0.8428269329148801,-0.6690254025745666,-0.3321682985375722,-1.4933867625220723,-1.8220569394295978,1.0517609293277577,-0.5077972823800038,0.004360493836713732,-1.0811174452289627,-0.585338784369824,115,192,122,12,8,2,161,182,53,141,155,9,140,157,196,178,150,182,182,140,43,208,208,42,131,92,182,140
93,Fresno Air National Guard Base,,36.77611111111111,-119.73055555555555,0,50.4,92,48.5,0.0,0.0,0.0,0,10,1019.4,1007.2,5.4,352,10.8,69.21428571428571,49.04285714285714,58.614285714285714,64.9,43.785714285714285,0.0142857142857142,0.0,0.0,16.185714285714287,29.985714285714288,37503.397142857146,5.65,19.60571428571429,0.1428571428571428,3.7842857142857143,-0.16154283878319614,0.9329395098938686,0.0015529955497706476,-0.17352829709160011,-0.14265580790704105,-0.06917144638660745,-0.40390044557469484,-1.3484124349949544,-0.1693324065810994,0.4144229630058579,-0.8589499917643731,2.001080106932692,-0.9680658779437706,0.4215712178530468,0.11790136602628881,0.2899914750521589,0.3176315832057578,0.05320791247806224,-0.8374995375052693,-0.6690254025745666,-0.3321682985375722,-0.7200592118931003,-0.9169926071703693,1.2052027760938513,0.6620917012300366,1.3298148849809335,-1.0329352161334444,0.8197005475151202,120,33,104,12,8,2,161,166,109,105,170,8,174,77,87,79,79,85,177,140,43,160,170,31,63,29,175,40
116,March Joint Air Reserve Base,,33.88055555555555,-117.25944444444444,0,49.7,80,47.6,0.0,0.0,0.0,0,1,1015.6,960.9,2.2,90,5.8,71.34285714285714,50.04285714285714,59.51428571428572,65.94285714285715,45.58571428571429,0.0142857142857142,0.0,0.0,25.6,30.02857142857143,36597.72285714286,5.6571428571428575,18.251428571428573,0.1428571428571428,4.102857142857142,-0.2081325921697562,0.3479662416847247,-0.0499410674162977,-0.17352829709160011,-0.14265580790704105,-0.06917144638660745,-0.40390044557469484,-1.5677325298435314,-0.6938947530551907,-0.5188998242236512,-1.2120511078502962,-0.7910538828075371,-1.3259649560892441,0.5869751477166442,0.19742919976127066,0.36344709854325763,0.3842730515915444,0.16674673216915242,-0.8374995375052693,-0.6690254025745666,-0.3321682985375722,0.3878165617253615,-0.9133675163869548,1.0816982645772637,0.666643798442527,1.0227448060941493,-1.0329352161334444,1.058332513250339,121,91,113,12,8,2,161,181,157,173,199,152,200,72,83,77,73,77,177,140,43,61,168,37,62,50,175,31
57,Travis Air Force Base,,38.26277777777778,-121.9275,0,49.6,96,48.1,0.0,0.0,0.0,0,17,1020.2,1018.5,4.4,235,15.1,66.55714285714285,46.15714285714286,55.08571428571429,61.642857142857146,40.114285714285714,0.0,0.0,0.0,26.228571428571428,38.2,37567.51142857143,5.421428571428572,19.06142857142857,0.0,3.481428571428572,-0.21478827122497918,1.1279305992969166,-0.021333254657370796,-0.17352829709160011,-0.14265580790704105,-0.06917144638660745,-0.40390044557469484,-1.1778301390016168,-0.05889822837601684,0.6422101659366007,-0.9692940905412241,0.7542111115143454,-0.6602726707386635,0.2150938288958048,-0.11159323989465829,0.001998792475948494,0.10949110660357503,-0.17837523562201793,-0.8428269329148801,-0.6690254025745666,-0.3321682985375722,0.4617870230898716,-0.2221835403491995,1.213945879065062,0.5164245904303428,1.2064038089726368,-1.0811174452289627,0.5928396652915046,122,15,108,12,8,2,161,161,95,52,182,46,150,85,105,96,91,108,182,140,43,55,115,29,71,35,182,52
16,Ellsworth Air Force Base,,44.145,-103.1036111111111,0,48.5,28,38.0,0.0,0.0,0.0,0,11,1017.8,905.2,18.6,350,36.0,58.32857142857143,34.08571428571428,45.471428571428575,49.6,23.97142857142857,1.1428571428571428,0.2285714285714286,0.55,32.028571428571425,46.9,32205.505714285715,3.957142857142857,12.92,1.4285714285714286,3.0242857142857145,-0.28800074083243116,-2.186917920554899,-0.5992110723876943,-0.17352829709160011,-0.14265580790704105,-0.06917144638660745,-0.40390044557469484,-1.3240435355673348,-0.39020076299124884,-1.6417093112362542,0.5975921120900601,1.9797661070110106,0.8357454759094155,-0.42432002077823405,-1.0716078042669397,-0.7826938203734028,-0.6600809187281791,-1.1966202058675068,-0.41663530014601047,-0.5575869484551953,2.0660998687032492,1.1443326438623986,0.5137098886840044,0.48274272254647,-0.4167553381301953,-0.18610069433356993,-0.5992951542737798,0.25040814495397,125,196,143,12,8,2,161,165,132,193,48,10,41,132,178,165,147,192,112,115,9,23,67,82,123,109,134,85
6,Beale Air Force Base,,39.13611111111111,-121.4363888888889,0,48.4,92,46.0,0.0,0.0,0.0,0,3,1019.5,1015.6,5.0,180,8.6,66.74285714285715,43.84285714285714,54.3,64.05714285714285,38.68571428571429,0.0,0.0,0.0,17.657142857142855,28.9,37830.70714285714,5.285714285714286,18.40571428571429,0.0,3.1514285714285712,-0.2946564198876542,0.9329395098938686,-0.14148606824486387,-0.17352829709160011,-0.14265580790704105,-0.06917144638660745,-0.40390044557469484,-1.518994730988292,-0.1555281343054621,0.5837515032375608,-0.9030876312751136,0.16807611366811412,-1.125541472327779,0.2295250442530323,-0.2956433693956165,-0.06212913279405843,0.2637706704008062,-0.26848540998002546,-0.8428269329148801,-0.6690254025745666,-0.3321682985375722,-0.5469010864261789,-1.0088282403502111,1.2498372128909745,0.4299347433930244,1.0577274733090998,-1.0811174452289627,0.34564691154784644,126,33,121,12,8,2,161,177,107,70,177,86,184,84,120,103,82,116,182,140,43,134,177,24,75,47,182,78
134,Peterson Space Force Base,,38.82361111111111,-104.695,0,47.7,53,36.4,0.0,0.0,0.0,0,0,1012.3,808.6,28.1,359,39.2,56.68571428571428,35.34285714285714,45.385714285714286,48.31428571428573,25.97142857142857,1.7,1.5142857142857145,0.12,23.32857142857143,29.61428571428571,34185.05285714286,5.9071428571428575,18.212857142857143,1.7142857142857142,3.391428571428572,-0.3412461732742142,-0.9682236117858494,-0.6907560732162605,-0.17352829709160011,-0.14265580790704105,-0.06917144638660745,-0.40390044557469484,-1.592101429271151,-1.1494357381511269,-3.5889875239008435,1.6458610504701445,2.075679106658576,1.0648008859225186,-0.5519807720152388,-0.9716299561429622,-0.789689594039222,-0.742241633176408,-1.0704659617662957,-0.2088668791711865,0.06925435596626774,0.191090210678607,0.1205142127036081,-0.9484100606266315,0.7526885593213422,0.8259672008796919,1.0139991392904115,-0.5029306960827432,0.5254234597250523,128,176,147,12,8,2,161,182,182,208,13,4,31,143,173,166,158,180,98,66,28,83,171,70,52,51,128,60
144,Schriever Space Force Base,,38.80333333333333,-104.52555555555556,0,46.8,52,34.0,0.0,0.0,0.0,0,0,1012.0,806.3,33.1,12,42.8,56.114285714285714,34.25714285714286,44.7,47.642857142857146,25.042857142857144,2.0571428571428574,1.74,0.2128571428571428,25.914285714285715,39.04285714285714,35755.91428571429,5.957142857142857,18.19428571428572,1.8571428571428568,3.335714285714286,-0.4011472847712207,-1.0169713841366113,-0.8280735744591097,-0.17352829709160011,-0.14265580790704105,-0.06917144638660745,-0.40390044557469484,-1.592101429271151,-1.190848554978023,-3.6353512908690493,2.1975815443544,-1.6222998797531014,1.3224882221872591,-0.5963845115759357,-1.0579744613409423,-0.8456557833657729,-0.785147784054929,-1.1290375750990007,-0.07568199393091458,0.1792998294091467,0.5959926285244597,0.42480179240761656,-0.1508900882753758,0.9669029589749134,0.8578318813671248,1.0097882626812056,-0.454748466987225,0.4836896181839151,130,177,159,12,8,2,161,182,184,209,8,208,22,145,176,169,159,185,83,59,22,58,110,49,50,53,124,64
129,North Highlands Air National Guard Station,,38.64,-121.4025,0,46.5,98,45.2,0.0,0.0,0.0,3,89,1020.1,1017.7,1.0,315,6.8,67.51428571428572,45.74285714285714,55.471428571428575,63.35714285714285,39.65714285714286,0.0,0.0,0.0,19.728571428571428,34.871428571428574,36963.06714285714,5.4,18.898571428571422,0.0,3.447142857142857,-0.4211143219368892,1.2254261439984406,-0.18725856865914678,-0.17352829709160011,-0.14265580790704105,-0.06917144638660745,-0.22985305794674837,0.5767306197869988,-0.07270250065165412,0.6260836382954871,-1.3444640263825176,1.6067711083815908,-1.2543851404601494,0.28947009265997353,-0.1445404852991511,0.033479773972133496,0.2190387258678808,-0.20721049141658035,-0.8428269329148801,-0.6690254025745666,-0.3321682985375722,-0.30313479329313314,-0.5037322578610822,1.1315193407127444,0.5027682987928715,1.1694776602457437,-1.0811174452289627,0.5671573012661889,131,6,123,12,8,2,19,110,97,56,209,24,194,82,109,92,84,111,182,140,43,116,134,36,72,37,182,56
14,Edwards Air Force Base,,34.90555555555555,-117.88361111111112,0,45.0,68,40.9,0.0,0.0,0.0,0,0,1017.3,935.0,2.9,30,4.3,67.54285714285713,46.2,56.31428571428571,59.5,38.71428571428572,0.1285714285714286,0.0,0.0,33.08571428571428,52.35714285714285,37073.16142857143,6.107142857142857,19.774285714285718,0.8571428571428571,5.051428571428572,-0.5209495077652327,-0.23700702652441935,-0.43328575838591843,-0.17352829709160011,-0.14265580790704105,-0.06917144638660745,-0.40390044557469484,-1.592101429271151,-0.45922212436941956,-1.040996156604736,-1.1348102387065007,-1.430473880457971,-1.433334679532886,0.29169027963800703,-0.10818490416315893,0.10227154835268516,-0.02744341747680843,-0.2666832064928651,-0.7948803742283823,-0.6690254025745666,-0.3321682985375722,1.2687375107027115,0.9753047817721547,1.1465326199814472,0.9534259228294234,1.36803668804912,-0.7920240706558529,1.7688779179507228,137,144,134,12,8,2,161,182,139,184,195,196,204,81,104,86,100,115,159,140,43,20,35,35,42,27,153,13
59,United States Air Force Academy,,38.99027777777778,-104.85833333333332,0,44.6,68,34.0,0.0,0.0,0.0,0,6,1014.0,795.8,27.4,357,34.2,55.24285714285714,33.042857142857144,43.17142857142857,47.48571428571428,24.77142857142857,2.3385714285714285,1.7314285714285715,0.4242857142857143,22.0,38.1,34440.14,5.964285714285714,18.505714285714284,1.7142857142857142,3.2528571428571427,-0.5475722239861243,-0.23700702652441935,-0.8280735744591097,-0.17352829709160011,-0.14265580790704105,-0.06917144638660745,-0.40390044557469484,-1.445888032705433,-0.9147631094653401,-3.8470119661586786,1.5686201813263487,2.0543651067368947,0.7069018077770453,-0.6641002144059991,-1.1545439737334202,-0.9704137470728765,-0.7951896491541576,-1.1461585082270225,0.02926769563841947,0.17512088737967035,1.517924287619633,-0.03583244427137975,-0.2306420855105008,0.7874741477714837,0.8623839785796152,1.0804014242817515,-0.5029306960827432,0.4216239051227368,140,144,159,12,8,2,161,169,168,210,14,6,47,152,184,175,161,187,78,60,17,96,117,68,49,45,128,74
25,Homey Airport,,37.23333333333333,-115.80833333333334,0,42.7,68,37.0,0.0,0.0,0.0,0,0,1018.9,865.2,7.7,332,18.0,59.142857142857146,39.871428571428574,49.02857142857143,48.85714285714285,29.942857142857143,0.0142857142857142,0.0,0.0,30.37142857142857,40.31428571428571,37377.07714285714,5.842857142857143,19.925714285714285,0.1428571428571428,4.082857142857143,-0.6740301260353593,-0.23700702652441935,-0.6564266979055482,-0.17352829709160011,-0.14265580790704105,-0.06917144638660745,-0.40390044557469484,-1.592101429271151,-0.23835376795927013,-2.4480356932919847,-0.6051585645776159,1.7879401077158805,-0.45269120541428887,-0.3610446919042404,-0.6114824805145441,-0.49236921324191923,-0.7075515537427126,-0.8199596770510339,-0.8374995375052693,-0.6690254025745666,-0.3321682985375722,0.9493196093559625,-0.043345728367403365,1.1879768372095736,0.7849983259672783,1.402371528093422,-1.0329352161334444,1.0433511342355721,145,144,144,12,8,2,161,182,116,202,144,18,127,129,151,136,152,162,177,140,43,31,104,32,55,24,175,33
56,Tonopah Test Range Airport,,37.79472222222222,-116.7786111111111,0,39.7,52,31.3,0.0,0.0,0.0,0,0,1020.1,832.7,13.2,334,18.0,54.7,34.32857142857143,44.02857142857143,44.785714285714285,24.02857142857143,0.0428571428571428,0.0,0.02,27.414285714285715,38.35714285714285,37575.16571428572,5.571428571428571,19.525714285714287,0.1428571428571428,3.68,-0.8737004976920464,-1.0169713841366113,-0.9825557633573149,-0.17352829709160011,-0.14265580790704105,-0.06917144638660745,-0.40390044557469484,-1.592101429271151,-0.07270250065165412,-3.1031758787122654,0.0017339786950645404,1.8092541076375617,-0.45269120541428887,-0.706283766988661,-1.0522939017884436,-0.9004560104146874,-0.9677271494954403,-1.1930157988931864,-0.8268447466860476,-0.6690254025745666,-0.24495854700154232,0.6013222115729253,-0.208891540810013,1.2149896746470537,0.6120186318926414,1.311675724202811,-1.0329352161334444,0.7415833569381205,161,177,170,12,8,2,161,182,97,205,83,16,127,159,175,171,177,190,173,140,38,41,114,28,68,30,175,42
43,Mountain Home Air Force Base,,43.04361111111111,-115.8725,0,38.1,87,33.2,0.0,0.0,0.0,0,0,1021.5,913.8,5.7,108,7.6,56.04285714285714,37.24285714285714,45.54285714285714,47.01428571428572,27.857142857142858,0.7857142857142857,0.7857142857142857,0.0,30.8,42.04285714285714,32619.35714285714,4.55,15.858571428571429,0.7142857142857143,2.827142857142857,-0.9801913625756129,0.6892006481400587,-0.8738460748733925,-0.17352829709160011,-0.14265580790704105,-0.06917144638660745,-0.40390044557469484,-1.592101429271151,0.12055731120722077,-1.4683491390942742,-0.8258467621313178,-0.5992278835124067,-1.1971212879568736,-0.6019349790210233,-0.8205270720464969,-0.7768640089852211,-0.8253152444518412,-0.9515205316137253,-0.5498201853862823,-0.285955716539228,-0.3321682985375722,0.9997540148317652,0.10286626656366013,0.5391785950586773,-0.0389312694934897,0.4801895506770994,-0.8402062997513712,0.10273455180840818,170,54,162,12,8,2,161,182,87,191,168,140,189,147,164,164,166,171,126,86,43,28,93,78,98,72,160,96
138,Reno Air National Guard Base,,39.49916666666667,-119.76805555555556,0,36.2,71,31.4,0.0,0.0,0.0,0,0,1019.8,865.9,1.6,333,2.2,55.142857142857146,35.84285714285714,45.2,47.48571428571428,29.185714285714287,0.0,0.0,0.0,17.714285714285715,26.957142857142856,36134.82,5.578571428571428,18.71,0.0,2.981428571428572,-1.1066492646248478,-0.09076370947213334,-0.9768342008055296,-0.17352829709160011,-0.14265580790704105,-0.06917144638660745,-0.40390044557469484,-1.592101429271151,-0.11411531747856597,-2.4339249816060105,-1.278257567116407,1.798597107676721,-1.583652292353985,-0.6718708688291207,-0.9318660392754713,-0.804847103648496,-0.7951896491541576,-0.867718069460778,-0.8428269329148801,-0.6690254025745666,-0.3321682985375722,-0.5401764990294048,-1.1731656891983488,1.0185733728221975,0.6165707291051319,1.1267210669830285,-1.0811174452289627,0.21830518992232664,174,134,168,12,8,2,161,182,103,201,205,17,210,154,170,167,161,167,182,140,43,131,189,46,67,40,182,87
189,Morón Air Base,,37.17472222222222,-5.615833333333333,1,69.2,52,66.4,0.0,0.0,0.0,2,49,1008.1,998.4,12.0,49,28.1,61.04285714285714,47.6,53.98571428571428,58.65714285714286,44.457142857142856,4.485714285714286,2.628571428571429,0.0,15.114285714285714,30.5,26415.17,3.557142857142857,12.86285714285714,6.428571428571429,2.012857142857143,1.0897248235987096,-1.0169713841366113,1.0257126923193542,-0.17352829709160011,-0.14265580790704105,-0.06917144638660745,-0.28786885382273053,-0.3980253573177877,-1.7292151737277515,0.23703115895359586,-0.1306789398371566,-1.2279908812020004,0.27026493243956756,-0.21340225786492292,0.003154063065815546,-0.0877803029020612,-0.08130433028175911,0.09555969442632589,0.8299752257029335,0.6125168197982025,-0.3321682985375722,-0.8461452255826069,-0.8734915177693919,-0.3068707126477259,-0.6716727820296592,-0.19905723774651515,1.0870828640693604,-0.5072215937928243,30,177,28,12,8,2,119,136,207,121,93,190,74,116,96,105,102,82,38,42,43,182,165,122,148,110,33,131
187,Lajes Field,,38.76166666666666,-27.09055555555556,1,64.7,77,64.6,0.0,0.0,0.0,3,89,1026.1,1020.1,9.8,234,23.8,58.114285714285714,48.57142857142857,53.614285714285714,53.614285714285714,41.3,4.640000000000001,4.640000000000001,0.0,28.4,54.92857142857143,30626.91714285714,4.5285714285714285,14.001428571428573,2.4285714285714284,2.39,0.7902192661136791,0.20172292463243865,0.9227245663872167,-0.17352829709160011,-0.14265580790704105,-0.06917144638660745,-0.22985305794674837,0.5767306197869988,0.7555538358863788,0.6744632212188304,-0.3734359571462287,0.7435541115535048,-0.037528274765539625,-0.4409714231134956,0.08040967297979765,-0.11809532212060929,-0.40355691028426116,-0.10358379090487156,0.8875110961267311,1.593175216048669,-0.3321682985375722,0.7173213441672709,1.1928102287770437,0.2674745919666218,-0.052587561130960934,0.059101889756404444,-0.2620195506051518,-0.22471558951435855,49,106,35,12,8,2,19,110,50,43,120,47,95,134,88,110,131,103,34,22,43,36,22,96,99,87,103,110
164,Zanesville Air National Guard Base,,39.94638888888888,-7.364722222222221,1,64.5,51,58.2,0.0,0.0,0.0,1,37,1012.6,972.7,19.9,86,40.0,57.25714285714286,44.94285714285714,50.785714285714285,53.35714285714285,40.642857142857146,1.1714285714285713,0.7714285714285715,0.0,15.842857142857143,33.114285714285714,19501.032857142854,4.0285714285714285,10.592857142857143,4.142857142857143,1.7142857142857142,0.7769079080032331,-1.0657191564873734,0.5565445630729527,-0.17352829709160011,-0.14265580790704105,-0.06917144638660745,-0.3458846496987127,-0.6904521504492237,-1.108022921324215,-0.28103354151720944,0.7410394404999662,-0.8336818826508993,1.1220647384257942,-0.5075770324545411,-0.20816275228713632,-0.3489558530926325,-0.4199890531739078,-0.1450344711095548,-0.40598050932678875,-0.2929206199216887,-0.3321682985375722,-0.7604067362737424,-0.6523609799810892,-1.2497341060958351,-0.37123436600529086,-0.7137559248257332,0.3161671985410679,-0.7308721805132763,50,181,65,12,8,2,139,146,176,160,43,158,29,138,113,127,133,106,111,87,43,169,147,184,118,148,72,153
108,Jefferson Barracks Air National Guard Station,,38.50388888888889,-4.504444444444444,1,64.1,49,57.1,0.0,0.0,0.0,3,100,1009.7,937.2,21.3,84,45.0,55.85714285714285,42.65714285714286,48.8,51.42857142857143,38.21428571428572,3.1714285714285717,1.4428571428571428,0.0,15.928571428571429,33.74285714285714,26348.557142857146,3.9214285714285713,11.934285714285712,6.428571428571429,1.9557142857142855,0.7502851917823411,-1.1632147011888974,0.49360737500331353,-0.17352829709160011,-0.14265580790704105,-0.06917144638660745,-0.22985305794674837,0.8447885134908151,-1.508346817317602,-0.9966482055916701,0.8955211787875578,-0.8549958825725804,1.4799638165712676,-0.6163661943782502,-0.38994065796709476,-0.5110246096841035,-0.543230124846252,-0.29822176751816787,0.3398548480187334,0.03442983905396415,-0.3321682985375722,-0.7503198551785819,-0.599192981824339,-0.3159545394847259,-0.43951582419264734,-0.40960106820686243,1.0870828640693604,-0.5500255338350162,53,183,71,12,8,2,19,1,200,183,33,162,17,149,128,138,139,118,61,69,43,166,138,123,125,121,33,134
110,Johnstown Air National Guard Station,,40.32305555555556,-6.313888888888889,1,62.8,50,59.2,0.0,0.0,0.0,1,21,1012.5,945.8,7.7,208,23.8,55.2,43.62857142857143,48.94285714285714,51.385714285714286,39.971428571428575,2.5285714285714285,1.9285714285714288,0.0,10.599999999999998,30.02857142857143,22029.601428571423,4.314285714285714,10.624285714285715,7.285714285714286,1.637142857142857,0.6637613640644435,-1.1144669288381353,0.6137601885908066,-0.17352829709160011,-0.14265580790704105,-0.06917144638660745,-0.3458846496987127,-1.0803545412911382,-1.1218271935998523,-0.8232880334496899,-0.6051585645776159,0.46647211257165,-0.037528274765539625,-0.667430494873051,-0.3126850480531121,-0.49936498690773834,-0.5459688153278597,-0.18738625305781845,0.10012205458624404,0.2712365540576281,-0.3321682985375722,-1.3773876299277268,-0.9133675163869548,-0.9049196058098034,-0.18915047750567385,-0.7066298259486137,1.37617623864247,-0.7886574995702352,60,182,60,12,8,2,139,155,179,182,144,58,95,153,122,137,140,110,73,54,43,206,168,167,106,147,17,156
89,Fort Dodge Air National Guard Station,,42.55055555555556,-6.569444444444445,1,62.7,40,56.0,0.0,0.0,0.0,1,18,1015.0,946.7,14.6,100,34.9,56.114285714285714,41.457142857142856,47.84285714285714,51.82857142857143,37.35714285714285,5.757142857142857,5.214285714285714,0.0,11.728571428571428,25.714285714285715,23512.145714285714,3.642857142857143,10.922857142857142,6.571428571428571,1.75,0.6571056850092211,-1.6019446523457552,0.43067018693367426,-0.17352829709160011,-0.14265580790704105,-0.06917144638660745,-0.3458846496987127,-1.1534612395739972,-0.7767203867089987,-0.8051456898534342,0.156215716982656,-0.6844838831991313,0.7570076787174113,-0.5963845115759357,-0.4853740584490732,-0.5891440822857474,-0.5176690136845805,-0.35228787213297375,1.3041134171583009,1.873164332023589,-0.3321682985375722,-1.2445770288414466,-1.2782933219173778,-0.7027487915369396,-0.6170476154797739,-0.6389318866159793,1.1352650931648784,-0.7041197179869064,62,190,76,12,8,2,139,159,161,179,74,147,46,145,138,144,138,124,26,14,43,199,195,152,143,142,28,151
83,Eastern Air Defense Sector,,43.21638888888889,-9.256666666666666,1,62.5,66,60.4,0.0,0.0,0.0,0,2,1016.3,1016.3,9.1,9,20.2,57.2,49.785714285714285,52.9,53.971428571428575,43.5,4.557142857142857,3.885714285714286,0.0,22.342857142857145,43.34285714285714,19873.164285714283,3.378571428571429,9.478571428571428,7.857142857142857,1.7871428571428571,0.643794326898775,-0.33450257122594335,0.682418939212231,-0.17352829709160011,-0.14265580790704105,-0.06917144638660745,-0.40390044557469484,-1.5433636304159117,-0.597264847125761,0.5978622149235346,-0.45067682629002453,-1.6542708796356231,-0.2952156110302806,-0.5120174064106109,0.1769791853722757,-0.1763934360024334,-0.38073448960419704,0.035185877606460726,0.8566122027509877,1.225428317454744,-0.3321682985375722,0.004515080109262531,0.21282735366057606,-1.198987484456427,-0.7854752123419195,-0.9664085213781507,1.5689051550245432,-0.6762971569594817,64,151,56,12,8,2,161,179,151,66,131,209,116,139,85,115,129,87,37,26,43,94,87,182,155,170,13,148
154,Toledo Air National Guard Base,,41.586666666666666,-6.3966666666666665,1,60.5,47,53.0,0.0,0.0,0.0,1,19,1014.3,929.5,19.2,73,36.7,54.471428571428575,41.614285714285714,47.25714285714286,49.71428571428572,36.471428571428575,4.592857142857143,3.65,0.0,16.95714285714286,32.614285714285714,23399.812857142857,4.342857142857143,10.864285714285714,8.714285714285714,1.6414285714285717,0.510680745794317,-1.2607102458904214,0.2590233103801128,-0.17352829709160011,-0.14265580790704105,-0.06917144638660745,-0.3458846496987127,-1.1290923401463775,-0.8733502926384439,-1.151866034137399,0.6637985713561705,-0.9722228821418267,0.8858513468497821,-0.7240452628129398,-0.47287682743357595,-0.6369485356688428,-0.6527777441105582,-0.4081561802349377,0.8699306912750152,1.1105074116441422,-0.3321682985375722,-0.6292772820366558,-0.6946537057875952,-0.718067339129079,-0.17094208865571164,-0.6522123436142473,1.8579985295976527,-0.7854472040670705,71,186,88,12,8,2,139,158,165,186,47,177,39,160,135,147,146,134,36,30,43,145,151,156,104,143,6,155
97,Greeley Air National Guard Station,,40.42361111111111,-9.74388888888889,1,58.6,82,55.5,0.0,0.0,0.0,0,3,1014.1,1014.1,15.7,9,21.6,56.642857142857146,53.68571428571429,55.32857142857143,50.3,42.2,5.185714285714285,3.357142857142857,0.0,43.642857142857146,61.9,22368.5,4.264285714285714,10.827142857142858,6.857142857142857,2.1928571428571426,0.384222843745082,0.44546178638624867,0.40206237417474733,-0.17352829709160011,-0.14265580790704105,-0.06917144638660745,-0.40390044557469484,-1.518994730988292,-0.9009588371897028,0.5535142639104709,0.27759422563719205,-1.6542708796356231,-0.1950038691495479,-0.5553110524822906,0.4871377369387054,0.021820151195768446,-0.6153489741952541,-0.04681438105932625,1.091017600773866,0.967726892303698,-0.3321682985375722,2.5111050322566473,1.782491662879184,-0.8587048648392731,-0.22101515799310673,-0.6606340968326608,1.231629551355915,-0.3723891826599204,81,81,81,12,8,2,161,177,167,76,69,209,106,144,68,94,144,93,30,32,43,5,5,165,109,145,26,114
119,McLaughlin Air National Guard Base,,38.37305555555555,-81.59305555555555,1,57.2,72,54.9,0.0,0.0,0.0,3,100,1023.4,989.3,6.9,186,25.6,68.31428571428572,52.25714285714286,59.71428571428572,67.38571428571429,50.55714285714286,5.942857142857143,3.9,0.0,16.12857142857143,39.74285714285714,26450.42714285714,3.971428571428572,11.347142857142858,7.428571428571429,2.047142857142857,0.29104333697196144,-0.04201593712137134,0.367732998864035,-0.17352829709160011,-0.14265580790704105,-0.06917144638660745,-0.22985305794674837,0.8447885134908151,0.3828384844442664,0.053591907035916764,-0.6934338435990967,0.23201811343315754,0.09131539336683087,0.3516353280449494,0.37352654588873113,0.37977057043016854,0.47647563113900204,0.4803301389350196,1.3733695574832423,1.2323932208372046,-0.3321682985375722,-0.726783799289874,-0.09168027214626719,-0.302062785256249,-0.4076511437052139,-0.5427295517748663,1.4243584677379884,-0.4815392297675092,85,127,83,12,8,2,19,1,71,133,155,80,88,80,77,75,69,64,22,25,43,161,107,121,121,132,16,130
49,Rome Research Site,,43.22111111111112,-10.256666666666666,1,56.1,90,54.0,0.0,0.0,0.0,0,0,1016.9,1016.9,11.9,14,17.6,54.957142857142856,52.51428571428572,53.82857142857143,48.84285714285714,42.2,4.3,2.5285714285714285,0.0,40.58571428571429,57.24285714285715,26632.61285714286,3.778571428571429,11.25,6.571428571428571,2.0485714285714285,0.21783086736450943,0.8354439651923447,0.31623893589796664,-0.17352829709160011,-0.14265580790704105,-0.06917144638660745,-0.40390044557469484,-1.592101429271151,-0.514439213471953,0.6099571106543711,-0.14171334971484165,-1.6009858798314203,-0.48132313166592666,-0.6863020841863476,0.39397656027772665,-0.100605887956062,-0.7084644505699146,-0.04681438105932625,0.760719085377992,0.5637624961209773,-0.3321682985375722,2.1513396065292563,1.388565131081443,-0.2772185802224135,-0.5305577684424556,-0.564755675576872,1.1352650931648784,-0.48046913126645446,91,47,86,12,8,2,161,182,142,64,97,206,131,156,75,107,153,93,42,45,43,9,16,119,134,136,28,128
149,South Portland Air National Guard Station,,43.63333333333333,-10.171666666666669,1,55.8,91,53.7,0.0,0.0,0.0,0,0,1017.1,1017.1,12.1,23,16.9,54.785714285714285,52.51428571428572,53.68571428571429,48.81428571428571,42.35714285714285,3.6857142857142855,2.2285714285714286,0.0,39.41428571428571,56.05714285714286,26176.02857142857,3.9,11.155714285714286,6.0,2.0542857142857143,0.19786383019884046,0.8841917375431066,0.29907424824261064,-0.17352829709160011,-0.14265580790704105,-0.06917144638660745,-0.40390044557469484,-1.592101429271151,-0.48683066892067844,0.6139887425646506,-0.11964452995947152,-1.505072880183855,-0.5314290026062931,-0.6996232060545567,0.39397656027772665,-0.11226551073242648,-0.71029024422432,-0.036902261879946205,0.5316410827647245,0.4174995250893027,-0.3321682985375722,2.013485564895395,1.2882709527402998,-0.3394818243740562,-0.45317211583011857,-0.5861339722082304,0.9425361767828054,-0.47618873726223526,92,41,87,12,8,2,161,182,140,62,92,204,134,158,75,109,155,92,46,48,43,10,19,125,126,139,41,127
159,Warfield Air National Guard Base,,39.32555555555556,-39.27333333333333,1,55.7,74,46.5,0.1,0.1,0.0,61,100,1028.1,1028.1,32.6,354,46.4,59.31428571428571,52.98571428571428,56.25714285714286,51.17142857142857,41.9,2.9714285714285715,1.7714285714285716,0.0,41.6,58.114285714285714,28390.22,3.721428571428572,12.421428571428573,3.0,2.948571428571429,0.19120815114361792,0.055479607580152655,-0.11287825548593698,1.0830559232268833,1.6195629956505246,-0.06917144638660745,3.135063102860217,0.8447885134908151,1.0316392813990618,0.8357284976299743,2.142409494965974,2.022394106854373,1.5801755584520003,-0.3477235700360318,0.4314682533242173,0.09760769924213984,-0.5596622677358981,-0.06573751767450817,0.2652713122841811,0.19462261685056031,-0.3321682985375722,2.2707010328219885,1.46227531034421,-0.03753813986914071,-0.5669745461423789,-0.2991465356115101,-0.06929063422307856,0.193692924398066,93,117,120,6,4,2,8,1,37,14,10,7,13,126,73,88,142,97,65,58,43,8,13,104,137,114,87,91
201,RAF Welford,,51.46833333333333,-1.403611111111111,1,55.0,72,51.8,0.0,0.0,0.0,3,95,1026.7,1008.7,8.6,88,17.3,52.18571428571429,40.785714285714285,46.17142857142857,47.6,35.642857142857146,0.6,0.4714285714285715,0.0,14.714285714285714,27.057142857142857,20896.88857142857,2.307142857142857,8.401428571428571,3.0,1.1085714285714283,0.14461839775705743,-0.04201593712137134,0.19036455975868807,-0.17352829709160011,-0.14265580790704105,-0.06917144638660745,-0.22985305794674837,0.7229440163527168,0.8383794695402026,0.4446602023329478,-0.50584887567845,-0.8123678827292181,-0.5027970763546551,-0.9016602210557285,-0.538771318242561,-0.7255616687692157,-0.7878864745365367,-0.46042008136258233,-0.6190763257112235,-0.4391835909533634,-0.3321682985375722,-0.8932173373600225,-1.1647071440370476,-1.0593847930372993,-1.468289794215484,-1.2106393647121538,-0.06929063422307856,-1.184593944960509,95,127,92,12,8,2,19,101,46,96,138,157,133,169,144,157,160,140,132,95,43,186,187,174,195,191,87,188
195,RAF Fairford,,51.68222222222222,-1.7899999999999998,1,54.0,73,49.4,0.0,0.0,0.0,3,95,1026.9,1016.9,13.0,74,23.0,52.71428571428572,41.32857142857143,46.971428571428575,48.42857142857143,36.5,0.5571428571428572,0.4714285714285714,0.0,15.357142857142858,28.4,17826.981428571427,2.1714285714285717,7.868571428571428,3.0,1.0885714285714283,0.07806160720482841,0.0067318352293906595,0.053047058515839,-0.17352829709160011,-0.14265580790704105,-0.06917144638660745,-0.22985305794674837,0.7229440163527168,0.8659880140914771,0.6099571106543711,-0.02033484106030558,-0.9615658821809862,-0.09479212726881543,-0.8605867619620834,-0.4955990656435707,-0.6602677812215724,-0.7349384585587885,-0.4063539767477778,-0.6350585119400561,-0.43918359095336346,-0.3321682985375722,-0.8175657291463186,-1.0511209661567171,-1.4780202650390557,-1.5547796412528019,-1.331459132037861,-0.06929063422307856,-1.1995753239752762,99,118,100,12,8,2,19,101,45,64,84,176,100,166,139,151,156,133,134,96,43,178,181,196,198,198,87,192
114,Louisville Air National Guard Base,,38.17805555555555,-85.72472222222223,1,53.7,85,50.2,0.0,0.0,0.0,3,100,1019.4,1001.8,12.7,188,42.8,66.51428571428572,53.285714285714285,60.057142857142864,65.55714285714285,51.57142857142857,4.46,3.271428571428572,0.0,20.042857142857144,48.75714285714286,20569.26142857143,3.342857142857143,8.555714285714286,6.142857142857143,1.5971428571428572,0.058094570039159896,0.5917051034385347,0.09881955893012229,-0.17352829709160011,-0.14265580790704105,-0.06917144638660745,-0.22985305794674837,0.8447885134908151,-0.1693324065810994,0.3055689014283325,-0.053438070693360956,0.2533321133548387,1.3224882221872591,0.21176354842875347,0.45532660344471215,0.407753665093444,0.35962483725707445,0.544308362729205,0.8203859139656339,0.925937472008934,-0.3321682985375722,-0.2661495626108777,0.6707971559653126,-1.104062477803665,-0.8082356984043718,-1.1756566974972036,0.9907184058783239,-0.8186202575997693,102,66,97,12,8,2,19,1,109,113,88,78,22,86,70,73,76,59,39,33,43,112,56,177,159,189,40,160
67,Battle Creek Air National Guard Base,,42.30722222222222,-3.420833333333334,1,53.4,62,49.6,0.0,0.0,0.0,1,36,1016.7,898.3,10.5,68,26.3,51.3,37.785714285714285,43.82857142857143,47.05714285714286,32.92857142857143,3.25,2.6957142857142857,0.0,12.428571428571429,29.0,27043.152857142857,3.6,11.251428571428573,8.0,1.5371428571428571,0.0381275328734909,-0.5294936606289914,0.06449018361940992,-0.17352829709160011,-0.14265580790704105,-0.06917144638660745,-0.3458846496987127,-0.7148210498768434,-0.5420477580232119,-1.7808006121408695,-0.29619508800243305,-1.0255078819460295,0.1414212643071971,-0.9704860173748098,-0.7773548194475065,-0.9167794823015983,-0.822576553970234,-0.6316294126427974,0.3691555227715931,0.6452518656957675,-0.3321682985375722,-1.1622008332309692,-1.0003696951889098,-0.2212342788485144,-0.6443601987547164,-0.5644317619915481,1.6170873841200615,-0.8635643946440706,104,160,99,12,8,2,139,149,145,194,114,180,82,175,161,173,165,155,56,40,43,194,172,115,146,135,9,162
174,Aviano Air Base,,46.03138888888889,12.596944444444444,1,53.3,86,52.1,0.0,0.0,0.0,80,100,1027.2,1013.4,3.7,331,11.2,58.98571428571428,43.771428571428565,50.6,55.65714285714286,40.05714285714286,0.0,0.0,0.0,7.9142857142857155,17.9,32303.65857142857,3.807142857142857,12.512857142857143,0.0,1.8714285714285717,0.031471853818267906,0.6404528757892967,0.20752924741404447,-0.17352829709160011,-0.14265580790704105,-0.06917144638660745,4.237363224503878,0.8447885134908151,0.9074008309183733,0.5394035522244947,-1.0465349596850197,1.77728310775504,-0.9394339516921328,-0.3732557202834328,-0.3013239289481156,-0.36411336270190653,-0.2730126639942957,-0.18197964259633823,-0.8428269329148801,-0.6690254025745666,-0.3321682985375722,-1.6934432375760888,-1.939268208093343,0.4961275794057159,-0.5123493795924942,-0.2784160661507991,-1.0811174452289627,-0.6131613453972486,105,60,91,12,8,2,3,1,44,78,188,19,169,130,121,129,119,109,182,140,43,210,210,80,132,112,182,142
96,Great Falls Air National Guard Base,,47.48194444444445,-21.85611111111111,1,53.1,92,39.7,0.2,0.2,0.0,53,100,1014.9,1014.9,51.8,185,72.4,52.9,46.57142857142857,49.67142857142857,42.17142857142857,31.728571428571428,7.028571428571429,5.057142857142857,0.09,53.67142857142857,74.15714285714286,13224.401428571427,1.9642857142857144,7.822857142857143,11.714285714285714,2.072857142857143,0.01816049570782239,0.9329395098938686,-0.5019445090073428,2.339640143545367,3.3817817992080905,-0.06917144638660745,2.6709367358523597,0.8447885134908151,-0.7905246589846359,0.5696407915515845,4.261016191481513,0.22136111347231696,3.4412507648084625,-0.8461555466048575,-0.07864599449016606,-0.4399009107482779,-1.134787268873508,-0.7073219591035241,1.7782516086136686,1.7965503948165211,0.06027558337456219,3.691270120390426,2.8192676269358166,-2.1056624578034207,-1.6867904604150243,-1.3418243667682166,2.8698253406035366,-0.46227745674852283,106,33,137,4,3,2,10,1,163,73,1,81,2,164,100,134,181,158,8,17,29,3,3,206,209,199,3,124
199,RAF Mildenhall,,52.365,0.4808333333333333,1,53.1,62,47.6,0.0,0.0,0.0,2,58,1028.2,1027.3,12.2,78,22.7,53.67142857142857,40.92857142857143,47.07142857142857,49.05714285714286,36.957142857142856,0.1714285714285714,0.1714285714285714,0.0,15.642857142857142,28.97142857142857,24599.721428571425,2.142857142857143,8.777142857142858,1.2857142857142858,1.2042857142857142,0.01816049570782239,-0.5294936606289914,-0.0499410674162977,-0.17352829709160011,-0.14265580790704105,-0.06917144638660745,-0.28786885382273053,-0.17870526246921073,1.0454435536747146,0.8196019699888605,-0.10861012008178646,-0.9189378823376239,-0.11626607195754389,-0.7862104981979162,-0.5274101991375634,-0.6521060452781174,-0.6947709981618763,-0.37751872095321537,-0.7788981879995498,-0.5854465619850381,-0.3321682985375722,-0.7839427921624504,-1.002786422377853,-0.5544388423102985,-1.572988030102764,-1.1254500917720438,-0.6474773833692979,-1.1128973453898379,106,160,113,12,8,2,119,131,36,17,91,170,103,161,141,148,149,127,156,118,43,172,175,142,200,183,142,180
197,RAF Lakenheath,,52.40833333333333,0.5566666666666668,1,52.6,63,47.7,0.0,0.0,0.0,0,5,1028.3,1027.4,9.7,82,18.4,53.22857142857144,40.82857142857143,46.81428571428571,48.82857142857143,36.75714285714286,0.2571428571428572,0.2571428571428572,0.0,14.185714285714283,27.65714285714285,24952.08,2.1142857142857143,8.70142857142857,1.2857142857142858,1.2028571428571428,-0.015117899568292119,-0.48074588827822934,-0.04421950486451224,-0.17352829709160011,-0.14265580790704105,-0.06917144638660745,-0.40390044557469484,-1.4702569321330528,1.0592478259503364,0.8216177859440026,-0.38447036702391396,-0.8763098824942616,-0.4240592791626511,-0.8206233963574555,-0.5353629825110616,-0.6730933662755744,-0.7093773473971171,-0.39013414536333624,-0.7469338155418844,-0.5436571416902739,-0.3321682985375722,-0.9554197707801791,-1.1139558730692407,-0.5063885951856965,-1.5911964189527255,-1.1426175117941957,-0.6474773833692979,-1.1139674438908924,108,158,110,12,8,2,161,173,35,16,121,165,125,162,143,154,154,129,153,114,43,188,184,139,202,185,142,181
193,RAF Barford St John,,52.00361111111111,-1.36,1,52.5,73,47.9,0.0,0.0,0.0,3,99,1027.4,1013.0,11.5,82,22.0,51.5,39.57142857142857,45.68571428571429,47.01428571428572,34.857142857142854,0.5571428571428572,0.5142857142857143,0.0,15.528571428571428,28.65714285714285,16355.694285714288,1.9928571428571429,7.53,3.4285714285714284,1.002857142857143,-0.021773578623515116,0.0067318352293906595,-0.03277637976094172,-0.17352829709160011,-0.14265580790704105,-0.06917144638660745,-0.22985305794674837,0.8204196140631954,0.9350093754696478,0.5313402884039379,-0.18585098922558208,-0.8763098824942616,-0.16637194289791013,-0.9549447085285655,-0.635340830635039,-0.7652043862088556,-0.8253152444518412,-0.509980677259487,-0.6350585119400561,-0.4182888808059813,-0.3321682985375722,-0.7973919669559977,-1.0293704214562287,-1.6786559712144773,-1.6685820715650628,-1.4082266517595567,0.07525605306347624,-1.2637812340385637,110,118,109,12,8,2,19,98,40,79,103,165,105,173,154,162,166,145,134,94,43,174,180,200,207,203,82,200
146,Sepulveda Air National Guard Station,,34.18583333333333,-5.974444444444445,1,52.1,87,48.5,0.7,0.6,0.0,63,100,1009.4,1003.8,11.8,243,25.2,62.2,45.7,53.885714285714286,59.98571428571428,42.55714285714286,3.5571428571428574,1.9142857142857144,0.0,16.414285714285715,31.985714285714288,29695.73571428572,3.642857142857143,13.934285714285712,4.571428571428571,2.151428571428572,-0.04839629484440663,0.6892006481400587,0.0015529955497706476,8.622561245137783,10.430657013438353,-0.06917144638660745,3.2510946946121813,0.8447885134908151,-1.549759634144514,0.345885220531119,-0.1527477595925267,0.8394671112010699,0.06268346711519283,-0.12348468525451047,-0.14794882103064985,-0.0959420388455161,0.003595074648078107,-0.024286837469824473,0.4836945240782269,0.2642716506751673,-0.3321682985375722,-0.6931608623060058,-0.7478217039443454,0.1404917358967614,-0.6170476154797739,0.04387795124619398,0.4607138858276225,-0.40342203919050873,111,54,104,1,1,2,7,1,202,110,100,43,90,108,110,106,96,91,50,55,43,155,155,99,143,89,64,118
194,RAF Croughton,,51.9875,-1.1861111111111111,1,52.1,73,47.6,0.0,0.0,0.0,3,97,1027.4,1010.9,11.2,76,20.9,51.25714285714286,39.74285714285714,45.72857142857144,46.6,34.91428571428572,0.4714285714285714,0.3857142857142857,0.0,15.9,28.942857142857143,18335.07285714285,2.0571428571428574,7.877142857142857,2.142857142857143,1.0471428571428572,-0.04839629484440663,0.0067318352293906595,-0.0499410674162977,-0.17352829709160011,-0.14265580790704105,-0.06917144638660745,-0.22985305794674837,0.7716818152079561,0.9350093754696478,0.48900815334601155,-0.21895421885863744,-0.940251882259305,-0.24510974008991437,-0.9738162978418616,-0.6217074877090422,-0.7617064993759454,-0.8517892524407156,-0.5063762702851663,-0.6670228843977214,-0.48097301124812764,-0.3321682985375722,-0.7536821488769688,-1.0052031495667964,-1.4087331220989334,-1.6276131966526488,-1.3295156505259191,-0.3583840087961883,-1.230608180505865,111,118,113,12,8,2,19,100,40,86,104,174,109,176,152,160,169,144,139,102,43,168,176,192,206,197,115,196
196,RAF Feltwell,,52.47944444444445,0.5191666666666667,1,52.1,65,46.9,0.0,0.0,0.0,3,91,1028.4,1026.8,11.2,76,20.2,52.957142857142856,40.84285714285714,46.75714285714286,48.35714285714285,36.68571428571429,0.1285714285714286,0.1285714285714286,0.0,15.2,28.67142857142857,24958.28,2.1214285714285714,8.648571428571428,1.2857142857142858,1.1885714285714286,-0.04839629484440663,-0.38325034357670534,-0.08999200527879553,-0.17352829709160011,-0.14265580790704105,-0.06917144638660745,-0.22985305794674837,0.6254684186422381,1.0730520982259892,0.8095228902131639,-0.21895421885863744,-0.940251882259305,-0.2952156110302806,-0.8417151726487878,-0.5342268706005621,-0.6777572153861197,-0.7395029426948021,-0.39463965408123647,-0.7948803742283823,-0.6063412721324203,-0.3321682985375722,-0.8360583444874463,-1.0281620578617567,-0.5055431168680709,-1.586644321740235,-1.1546023144511692,-0.6474773833692979,-1.1246684289014404,111,154,118,12,8,2,19,106,34,20,104,174,116,163,142,156,157,130,159,121,43,180,179,138,201,186,142,182
200,RAF Molesworth,,52.379444444444445,-0.405,1,51.6,72,47.0,0.0,0.0,0.0,3,100,1028.1,1019.2,10.4,56,19.1,52.0,39.614285714285714,45.91428571428571,47.44285714285714,34.857142857142854,0.3,0.3,0.0,14.814285714285717,26.87142857142857,17917.29,2.092857142857143,7.375714285714286,1.2857142857142858,1.0057142857142858,-0.08167469012052114,-0.04201593712137134,-0.08427044272701008,-0.17352829709160011,-0.14265580790704105,-0.06917144638660745,-0.22985305794674837,0.8447885134908151,1.0316392813990618,0.656320877622577,-0.3072294978801181,-1.1533918814761164,-0.3739534082222846,-0.9160914364129554,-0.6319324949035396,-0.7465489897666725,-0.7979283396357649,-0.509980677259487,-0.7309516293130518,-0.5227624315428918,-0.3321682985375722,-0.8814493094156682,-1.1804158707651784,-1.465705113581211,-1.6048527105901966,-1.4432093189745068,-0.6474773833692979,-1.261641037036454,116,127,117,12,8,2,19,1,37,46,116,185,122,170,153,158,163,145,150,107,43,185,191,195,205,204,142,199
39,McConnell Air Force Base,,37.62305555555555,-97.26722222222222,1,51.3,86,47.7,0.0,0.0,0.0,3,100,1011.4,962.9,10.9,81,15.1,66.10000000000001,48.271428571428565,56.614285714285714,61.07142857142857,42.18571428571429,2.042857142857143,1.2,0.0,23.0,51.31428571428573,23457.644285714287,4.678571428571429,13.094285714285714,2.7142857142857144,2.845714285714286,-0.10164172728619013,0.6404528757892967,-0.04421950486451224,-0.17352829709160011,-0.14265580790704105,-0.06917144638660745,-0.22985305794674837,0.8447885134908151,-1.273674188631831,-0.4785835051208648,-0.25205744849169265,-0.8869668824551021,-0.6602726707386635,0.1795708372472483,0.05655132285930275,0.1267567561830516,0.0729752335154725,-0.04771548280290621,-0.08100938934052544,-0.08397351844786775,-0.3321682985375722,0.08184783517215943,0.8870942393757302,-0.7101810134944855,0.043006480331338276,-0.14658323692408928,-0.1656550924141151,0.11664583232212092,118,60,110,12,8,2,19,1,188,170,110,168,150,89,90,85,93,95,85,76,43,87,41,154,95,102,94,95
74,Camp Rilea,,46.12916666666667,-123.94388888888888,1,49.2,96,43.4,0.0,0.0,0.0,3,100,1018.2,1015.3,20.2,221,37.8,49.52857142857143,45.01428571428571,47.55714285714286,45.5,38.971428571428575,3.182857142857143,2.575714285714286,0.0,20.885714285714283,30.7,11507.864285714284,1.9857142857142855,4.732857142857142,10.0,0.7814285714285714,-0.2414109874458707,1.1279305992969166,-0.2902466945912839,-0.17352829709160011,-0.14265580790704105,-0.06917144638660745,-0.22985305794674837,0.8447885134908151,-0.3349836738886997,0.5777040553721414,0.7741426701330215,0.6050131120625775,0.9645891440417858,-1.1081376100129705,-0.2024821927346378,-0.612463327838477,-0.9220823081353124,-0.250463375108424,0.34411676434642197,0.5867466772830978,-0.3321682985375722,-0.16696189850846666,-0.8565744274467896,-2.3397422861397743,-1.6731341687775532,-2.0424494518231886,2.2916385914573176,-1.4296465017020568,123,15,126,12,8,2,19,1,124,71,38,52,35,180,112,146,174,114,60,43,43,104,163,210,208,210,5,209
136,Portland Air National Guard Base,,45.58222222222223,-122.58972222222222,1,49.0,94,47.7,0.0,0.0,0.0,3,100,1019.5,1019.0,2.1,121,13.3,52.4,44.285714285714285,48.21428571428572,48.885714285714286,40.74285714285714,2.0685714285714285,1.8285714285714287,0.0,11.785714285714286,27.314285714285717,12940.788571428571,2.107142857142857,6.33,3.2857142857142856,0.9985714285714286,-0.2547223455563167,1.0304350545953926,-0.04421950486451224,-0.17352829709160011,-0.14265580790704105,-0.06917144638660745,-0.22985305794674837,0.8447885134908151,-0.1555281343054621,0.6522892457122974,-1.2230855177279816,-0.4606868840214794,-0.7891163388710338,-0.8850088187204675,-0.2604239001701245,-0.5588290630671983,-0.7057257600883069,-0.13872675890449462,-0.07142007760322601,0.22248223038040313,-0.3321682985375722,-1.2378524414446728,-1.1429565993365585,-2.144338025757331,-1.5957485161652158,-1.6803140634313907,0.02707382396795797,-1.266991529541728,124,25,110,12,8,2,19,1,107,47,200,131,162,168,117,141,151,105,82,57,43,198,186,208,203,205,83,201
150,Springfield Air National Guard Base,,39.84027777777778,-83.84027777777777,1,47.6,85,41.6,0.0,0.0,0.0,3,100,1019.9,981.6,16.7,199,37.1,61.08571428571429,45.98571428571428,53.6,56.2,41.05714285714286,6.35,5.335714285714286,0.0,26.185714285714287,51.31428571428571,18854.06,2.857142857142857,7.6,8.0,1.364285714285714,-0.3479018523294372,0.5917051034385347,-0.39323482052342057,-0.17352829709160011,-0.14265580790704105,-0.06917144638660745,-0.22985305794674837,0.8447885134908151,-0.10031104520292869,-0.10162592150980994,0.387938324414043,0.3705591129240849,0.9144832731014197,-0.21007197739786995,-0.12522658282065569,-0.11926128439824563,-0.2383225845605985,-0.11890252054573273,1.525200326657152,1.932366010774505,-0.3321682985375722,0.4567435825422916,0.8870942393757284,-1.337960158161452,-1.117778308853721,-1.3923548860787,1.6170873841200615,-0.9930463132717009,129,66,130,12,8,2,19,1,102,151,58,62,38,115,107,111,115,104,18,12,43,56,42,188,186,202,9,171
73,Camp Murray Air National Guard Station,,47.11805555555556,-122.56,1,46.5,87,41.8,0.0,0.0,0.0,3,100,1017.9,1007.9,11.2,230,23.0,51.75714285714286,41.92857142857143,46.871428571428574,46.57142857142857,36.54285714285714,0.7571428571428571,0.6571428571428571,0.0,16.4,37.5,13870.442857142858,2.271428571428572,5.9,1.8571428571428568,1.0257142857142856,-0.4211143219368892,0.6892006481400587,-0.3817916954198501,-0.17352829709160011,-0.14265580790704105,-0.06917144638660745,-0.22985305794674837,0.8447885134908151,-0.3763964907156116,0.4285336746918318,-0.21895421885863744,0.7009261117101425,-0.09479212726881543,-0.9349630257262516,-0.4478823654025815,-0.6684295171650279,-0.853615046095121,-0.40365067151703793,-0.560474976205504,-0.34863984698137435,-0.3321682985375722,-0.6948420091551993,-0.2813933564783081,-2.017563422296119,-1.4910502802779357,-1.7778120526137977,-0.454748466987225,-1.246659658021687,131,54,129,12,8,2,19,1,129,99,104,48,100,171,133,152,171,132,127,92,43,156,121,204,196,207,124,197
62,Wright-Patterson Air Force Base,,39.82305555555556,-84.04944444444445,1,45.8,85,41.0,0.0,0.0,0.0,3,100,1020.3,990.4,10.6,204,31.3,61.785714285714285,46.85714285714285,54.471428571428575,58.15714285714285,42.885714285714286,6.94,5.914285714285714,0.0,22.3,47.65714285714286,18208.90142857143,2.9714285714285715,7.608571428571427,8.142857142857142,1.4171428571428577,-0.4677040753234497,0.5917051034385347,-0.42756419583413297,-0.17352829709160011,-0.14265580790704105,-0.06917144638660745,-0.22985305794674837,0.8447885134908151,-0.045093956100395245,0.0757658825424498,-0.285160678124748,0.42384411272828776,0.49932034245267054,-0.15567739643601622,-0.05592375628017189,-0.048137585462420134,-0.11325571923384899,-0.003561497367482627,1.7452217570740811,2.214444597764163,-0.3321682985375722,-0.0005283604383179112,0.5777531591909993,-1.425938800673294,-1.044944753453874,-1.3904114045667586,1.6652696132155795,-0.953452668732673,133,66,133,12,8,2,19,1,94,129,113,59,60,110,99,102,106,90,10,5,43,95,63,193,182,201,8,169
33,Joint Base Lewis-McChord,,47.1475,-122.47944444444444,1,45.7,95,43.3,0.0,0.0,0.0,3,100,1017.9,1007.3,3.8,229,15.5,51.7,42.08571428571429,47.0,46.642857142857146,36.957142857142856,0.9542857142857144,0.8685714285714285,0.0,16.057142857142857,35.22857142857143,13762.194285714284,2.164285714285714,5.392857142857143,2.2857142857142856,0.9871428571428572,-0.4743597543786722,1.0791828269461547,-0.29596825714306935,-0.17352829709160011,-0.14265580790704105,-0.06917144638660745,-0.22985305794674837,0.8447885134908151,-0.3763964907156116,0.4164387789609954,-1.0355005498073349,0.690269111749302,-0.6316407444870256,-0.9394033996823212,-0.43538513438708426,-0.6579358566662997,-0.8490505619591079,-0.37751872095321537,-0.4869569195528739,-0.245559276920956,-0.3321682985375722,-0.7351895335358413,-0.4735231679992925,-2.032325006176256,-1.5593317384652925,-1.89280137540368,-0.31020177970067003,-1.2755523175501664,134,19,127,12,8,2,19,1,129,104,185,49,148,172,132,150,168,127,117,84,43,165,131,205,199,209,108,202
139,Rickenbacker Air National Guard Base,,39.81361111111111,-82.94666666666667,1,44.9,92,40.7,0.0,0.0,0.0,3,100,1020.5,992.8,9.0,182,27.7,62.371428571428574,47.142857142857146,54.82857142857143,58.614285714285714,43.142857142857146,6.367142857142857,5.102857142857142,0.0,23.37142857142857,45.5,21917.608571428573,3.2285714285714286,8.31,8.0,1.5014285714285711,-0.5276051868204558,0.9329395098938686,-0.4447288834894889,-0.17352829709160011,-0.14265580790704105,-0.06917144638660745,-0.22985305794674837,0.8447885134908151,-0.01748541154912068,0.12414546546579316,-0.4617112361677096,0.18939011358979524,0.24163300618792957,-0.11016356338630136,-0.03320151807017603,-0.01898852852150837,-0.08404302076336688,0.012658334016958955,1.5315932011486855,1.8188380856403952,-0.3321682985375722,0.12555765325118812,0.3952902564257877,-0.9201917884619429,-0.8810692538042187,-1.2313698341728647,1.6170873841200615,-0.8903168571704407,138,33,135,12,8,2,19,1,92,127,134,84,75,106,98,100,103,88,17,16,43,81,73,168,167,192,9,163
37,Malmstrom Air Force Base,,47.50472222222222,-111.18722222222225,1,44.7,28,33.2,0.0,0.0,0.0,0,0,1017.5,895.8,21.1,240,35.6,48.7,31.942857142857143,39.371428571428574,37.642857142857146,22.985714285714288,3.2214285714285715,1.4071428571428573,1.27,32.82857142857143,53.271428571428565,26535.85714285714,3.857142857142857,11.392857142857142,3.7142857142857135,2.1142857142857143,-0.5409165449309012,-2.186917920554899,-0.8738460748733925,-0.17352829709160011,-0.14265580790704105,-0.06917144638660745,-0.40390044557469484,-1.592101429271151,-0.431613579818145,-1.8311960110193528,0.8734523590321877,0.8074961113185483,0.8071135496577777,-1.1725230323759814,-1.2420245908419005,-1.2805597129241801,-1.4241755630967177,-1.258796226174532,0.35850073195237137,0.01701758059781246,5.205650924000325,1.2384768674172304,1.0526400518183374,-0.29041291224418625,-0.48048469910506103,-0.5323643170445109,0.1716205112545126,-0.43124460021793387,139,196,162,12,8,2,161,182,135,195,36,44,43,182,190,189,200,196,57,71,2,22,32,120,130,129,75,121
31,Joint Base Langley–Eustis,,37.08277777777778,-76.36055555555555,1,44.3,95,42.1,0.0,0.0,0.0,3,100,1030.6,1030.3,1.8,53,5.4,69.78571428571429,50.614285714285714,59.771428571428565,67.84285714285714,47.34285714285714,0.3428571428571428,0.0714285714285714,0.0,20.842857142857145,43.51428571428572,28193.757142857143,5.271428571428571,13.724285714285717,1.1428571428571428,2.6342857142857143,-0.5675392611517932,1.0791828269461547,-0.3646270077644937,-0.17352829709160011,-0.14265580790704105,-0.06917144638660745,-0.22985305794674837,0.8447885134908151,1.3767460882899154,0.8800764486430402,-1.2561887473610367,-1.185362881358638,-1.354596882340882,0.46597495741374495,0.2428736761812607,0.38443441954071333,0.5056883296094837,0.2775822466295018,-0.7149694430842193,-0.6342008856622631,-0.3321682985375722,-0.17200533905604626,0.2273277167942358,-0.06432928276158273,0.42083054896804356,-0.0037373457963759283,-0.6956596124648163,-0.041728745833988834,141,19,128,12,8,2,19,1,26,7,201,187,201,75,81,74,68,71,147,127,43,107,85,108,76,94,147,101
204,Stavanger,,58.9075,5.721666666666667,1,44.2,83,36.6,0.0,0.0,0.0,3,100,1024.0,1015.2,19.4,271,39.2,46.68571428571429,35.75714285714286,40.71428571428572,40.271428571428565,29.25714285714286,1.9857142857142855,1.5142857142857145,0.0,17.47142857142857,35.51428571428571,22624.27142857143,1.5785714285714287,6.297142857142857,3.142857142857143,0.7914285714285715,-0.5741949402070158,0.49420955873701067,-0.6793129481126896,-0.17352829709160011,-0.14265580790704105,-0.06917144638660745,-0.22985305794674837,0.8447885134908151,0.4656641180980744,0.575688239417004,0.6858673911115406,1.1378631101046057,1.0648008859225186,-1.3290462143274389,-0.9386827107384694,-1.1709592588263504,-1.256202546891448,-0.8632125607428774,-0.1023189709789691,0.06925435596626774,-0.3321682985375722,-0.5687559954656929,-0.4493558961098606,-0.8238259620771168,-1.9326037098895075,-1.6877640758938337,-0.021108405127560296,-1.4221558121946731,142,79,145,12,8,2,19,1,69,72,46,32,31,187,171,184,188,166,89,66,43,137,127,161,210,206,85,208
61,Whiteman Air Force Base,,38.73027777777778,-93.54805555555556,1,44.1,98,39.3,0.0,0.0,0.0,3,100,1015.0,984.1,12.0,106,20.5,64.8,47.371428571428574,54.94285714285714,61.7,41.65714285714286,1.592857142857143,0.7357142857142857,0.0,25.228571428571428,50.4,25109.49,3.792857142857143,12.817142857142857,4.714285714285714,2.3042857142857143,-0.5808506192622388,1.2254261439984406,-0.5248307592144846,-0.17352829709160011,-0.14265580790704105,-0.06917144638660745,-0.22985305794674837,0.8447885134908151,-0.7767203867089987,-0.0512305226313268,-0.1306789398371566,-0.6205418834340879,-0.27374166634155217,0.07855232974666129,-0.01502372750218024,-0.00966083030041656,0.11314269391238524,-0.08105624731536934,-0.24882234474326795,-0.3103328783778405,-0.3321682985375722,0.3441067436463324,0.8097589693295463,-0.48492299164093705,-0.5214535740174747,-0.20942247247687004,0.5088961149231409,-0.2889214995776463,143,6,139,12,8,2,19,1,161,146,93,143,114,93,97,98,90,99,102,90,43,64,47,136,133,111,61,111
87,Forbes Field Air National Guard Base,,38.95111111111111,-95.66583333333334,1,42.9,100,39.7,0.0,0.0,0.0,45,100,1014.0,975.2,5.4,90,15.8,61.25714285714286,44.67142857142857,53.2,55.12857142857143,37.9,2.457142857142857,0.1857142857142857,0.0,27.2,50.3,24731.02571428571,3.4285714285714284,12.081428571428573,2.857142857142857,2.434285714285714,-0.6607187679249138,1.3229216886999646,-0.5019445090073428,-0.17352829709160011,-0.14265580790704105,-0.06917144638660745,2.2068103688445024,0.8447885134908151,-0.9147631094653401,-0.2306381426387263,-0.8589499917643731,-0.7910538828075371,-0.6101667997982971,-0.19675085552966085,-0.22974887858663148,-0.15190822817206695,-0.30678984660079,-0.31804600587693016,0.07348507753818961,-0.5784816586025774,-0.3321682985375722,0.5761050088350239,0.801300424168245,-0.5365332089904923,-0.7536105318544869,-0.3762379689185297,-0.11747286331859683,-0.19154253598166013,144,1,137,12,8,2,14,1,168,157,170,152,146,113,114,113,121,120,76,117,43,47,48,140,153,118,91,108
51,Scott Air Force Base,,38.54527777777778,-89.83527777777778,1,42.7,95,39.9,0.0,0.0,0.0,3,100,1019.1,1003.0,2.3,129,14.0,66.01428571428572,49.85714285714285,58.18571428571429,64.37142857142858,45.971428571428575,6.935714285714286,5.885714285714286,0.0,23.25714285714286,46.82857142857143,23077.62142857143,4.271428571428571,10.43142857142857,4.285714285714286,2.0485714285714285,-0.6740301260353593,1.0791828269461547,-0.49050138390377224,-0.17352829709160011,-0.14265580790704105,-0.06917144638660745,-0.22985305794674837,0.8447885134908151,-0.21074522340799556,0.3297586928900053,-1.2010166979726113,-0.37543088433475486,-0.7390104679306676,0.17291027631314346,0.18265974492477366,0.25501260672306486,0.2838544005992635,0.19107647924581456,1.7436235384511978,2.200514790999242,-0.3321682985375722,0.11210847845764126,0.5076680707116465,-0.76200376928748,-0.21646306078061633,-0.7503581599673017,0.364349427636586,-0.48046913126645446,145,19,136,12,8,2,19,1,113,111,198,126,156,90,84,81,80,75,11,6,43,84,68,157,108,152,71,128
46,Offutt Air Force Base,,41.11944444444445,-95.90861111111111,1,42.6,84,38.7,0.0,0.0,0.0,3,85,1015.9,978.7,4.2,149,4.3,62.35714285714285,42.55714285714286,52.385714285714286,54.94285714285714,34.55714285714286,0.9142857142857144,0.3,0.0,26.185714285714287,50.81428571428571,25441.53285714285,4.557142857142857,12.96,1.4285714285714286,2.9585714285714286,-0.6806858050905823,0.5429573310877727,-0.5591601345251965,-0.17352829709160011,-0.14265580790704105,-0.06917144638660745,-0.22985305794674837,0.47925502207652015,-0.6524819362282944,-0.16008458420884994,-0.9913629102965943,-0.1622908851179435,-1.433334679532886,-0.11127365687531975,-0.39789344134059307,-0.21836807799734656,-0.3186575053544235,-0.5289038138746684,-0.5018736266997843,-0.5227624315428918,-0.3321682985375722,0.4567435825422916,0.8448015135692224,-0.4396431470866039,-0.034379172280999286,-0.1770311139445086,-0.5992951542737798,0.2011836139054494,147,74,140,12,8,2,19,114,156,153,184,108,204,107,129,117,125,149,118,107,43,56,45,133,97,107,134,89
140,Roland R. Wright Air National Guard Base,,40.78833333333333,-111.97777777777776,1,42.3,85,38.5,0.0,0.0,0.0,3,100,1023.0,875.9,3.8,221,7.9,49.75714285714286,34.04285714285714,41.24285714285714,45.41428571428571,27.15714285714285,3.4214285714285717,1.5714285714285714,1.094285714285714,16.5,23.24285714285714,34425.71857142857,4.864285714285714,15.775714285714288,5.285714285714286,2.1714285714285717,-0.7006528422562512,0.5917051034385347,-0.5706032596287675,-0.17352829709160011,-0.14265580790704105,-0.06917144638660745,-0.22985305794674837,0.8447885134908151,0.32762139534173296,-2.232343386092078,-1.0355005498073349,0.6050131120625775,-1.1756473432681454,-1.0903761141886916,-1.075016139998439,-1.1278186545538016,-0.927559689098528,-0.9956745170491496,0.43308426768692365,0.09711396949611044,4.439450964076633,-0.6830739812108453,-1.4873402237609648,0.7855075340349784,0.16136100785608898,0.4614025627283305,0.701625031305214,-0.3884406601757419,148,66,141,12,8,2,19,1,76,197,185,52,185,179,179,180,175,172,52,64,5,151,203,69,91,73,46,116
192,RAF Alconbury,,52.37083333333334,-27.00361111111112,1,42.2,72,28.0,0.0,0.0,0.0,3,100,1009.3,1009.3,40.3,272,58.3,45.0,38.84285714285714,42.15714285714286,33.142857142857146,23.085714285714285,4.857142857142857,3.1757142857142857,0.84,56.85714285714285,79.72857142857143,12526.67,2.1785714285714284,5.798571428571428,14.714285714285714,1.55,-0.7073085213114738,-0.04201593712137134,-1.1713673275662324,-0.17352829709160011,-0.14265580790704105,-0.06917144638660745,-0.22985305794674837,0.8447885134908151,-1.5635639064201512,0.4567550980637819,2.9920590555477267,1.1485201100654463,2.4319753644382267,-1.460037246031496,-0.6932825380705258,-1.0531970687850665,-1.7117380636655224,-1.2524885139694717,0.968487506352816,0.8792726193464471,3.3306412659756823,4.0661658677605566,3.2905294287797404,-2.200810327865252,-1.5502275440403117,-1.8008099171717744,3.8816521516094205,-0.8539335081345775,149,127,183,12,8,2,19,1,204,93,3,31,5,193,157,177,205,195,32,34,7,2,2,209,197,208,2,161
113,Lincoln Air National Guard Base,,40.85111111111111,-96.75916666666669,1,41.7,86,38.5,0.0,0.0,0.0,3,100,1015.6,972.0,1.1,108,2.5,64.3,43.0,53.21428571428572,56.642857142857146,34.27142857142857,0.8142857142857143,0.0714285714285714,0.0,28.057142857142857,54.15714285714286,27345.22857142857,5.142857142857143,14.505714285714284,1.1428571428571428,3.447142857142857,-0.7405869165875884,0.6404528757892967,-0.5706032596287675,-0.17352829709160011,-0.14265580790704105,-0.06917144638660745,-0.22985305794674837,0.8447885134908151,-0.6938947530551907,-0.29514425320318566,-1.3334296165048325,-0.5992278835124067,-1.5621783476652567,0.039699057631051256,-0.3626739721151011,-0.15074226589443004,-0.21002278291731927,-0.54692584874627,-0.5391653945670605,-0.6342008856622631,-0.3321682985375722,0.6769738197866291,1.1275585946755773,-0.1800409777662632,0.3388927991432162,0.1734433853756386,-0.6956596124648163,0.5671573012661889,150,60,141,12,8,2,19,1,157,161,207,140,208,96,125,112,111,151,125,127,43,40,24,113,80,84,147,56
148,Sioux City Air National Guard Base,,42.39833333333333,-96.37194444444444,1,41.2,88,36.0,0.0,0.0,0.0,3,100,1016.4,975.8,9.2,169,10.4,62.942857142857136,40.54285714285714,51.81428571428571,55.442857142857136,31.02857142857143,0.9,0.0428571428571428,0.0,26.9,51.48571428571428,26710.947142857138,4.8500000000000005,13.937142857142858,1.5714285714285714,3.317142857142857,-0.7738653118637028,0.7379484204908207,-0.7136423234234021,-0.17352829709160011,-0.14265580790704105,-0.06917144638660745,-0.22985305794674837,0.8447885134908151,-0.5834605748501237,-0.2185432469078922,-0.4396424164123394,0.050849114098867866,-0.9966978041954084,-0.06575982382560487,-0.5580852207210569,-0.2650065691028062,-0.2867061164023345,-0.751475944538948,-0.5072010221093953,-0.6481306924271845,-0.3321682985375722,0.5408009250019621,0.9015946025093875,-0.26653633181948744,0.15225681343110872,0.044525778416841764,-0.5511129251782615,0.46977833767020266,151,50,149,12,8,2,19,1,150,155,129,95,176,102,147,121,120,160,120,134,43,50,40,117,92,88,130,67
157,Volk Field Air National Guard Base,,43.936388888888885,-90.25972222222222,1,41.2,68,36.5,0.0,0.0,0.0,1,20,1019.6,985.9,3.1,144,7.2,57.114285714285714,36.21428571428572,44.72857142857144,50.48571428571428,28.314285714285717,0.9857142857142858,0.7142857142857143,0.0,24.685714285714287,52.15714285714286,28440.68857142857,3.0285714285714285,11.104285714285714,1.5714285714285714,1.9414285714285715,-0.7738653118637028,-0.23700702652441935,-0.6850345106644751,-0.17352829709160011,-0.14265580790704105,-0.06917144638660745,-0.3458846496987127,-1.1047234407187578,-0.14172386202982484,-0.014945835438819853,-1.1127414189511304,-0.21557588492214635,-1.2257532142085115,-0.5186779673447157,-0.9023271296024773,-0.843323858810499,-0.6034813154416211,-0.9226852758191627,-0.47523664965173,-0.3207802334515315,-0.3321682985375722,0.2802231633769828,0.9583876914495533,-0.030655868439396418,-1.0085279757539507,-0.5977948612798805,-0.5511129251782615,-0.5607265188455639,151,144,146,12,8,2,139,157,105,142,193,114,191,141,169,168,143,170,115,91,43,73,36,103,179,141,130,136
79,Des Moines Air National Guard Base,,41.53833333333333,-93.65944444444445,1,40.8,87,36.1,0.0,0.0,0.0,3,100,1017.7,982.3,6.8,148,12.2,59.5,40.7,49.67142857142857,52.142857142857146,33.51428571428571,1.457142857142857,0.3,0.0,25.02857142857143,49.41428571428572,24406.70571428572,3.8642857142857134,11.704285714285716,2.2857142857142856,2.41,-0.8004880280845948,0.6892006481400587,-0.7079207608716166,-0.17352829709160011,-0.14265580790704105,-0.06917144638660745,-0.22985305794674837,0.8447885134908151,-0.4040050352668704,-0.08751520982383604,-0.7044682534767818,-0.17294788507878406,-0.8678541360630381,-0.3332923546788049,-0.5455879897055591,-0.4399009107482779,-0.49758528348612413,-0.5946842411560144,-0.2994326011345713,-0.5227624315428918,-0.3321682985375722,0.32057068775762465,0.7263818813110063,-0.580759907050566,-0.4759326018925712,-0.4617511554439632,-0.31020177970067003,-0.20973421049959143,153,54,148,12,8,2,19,1,133,150,157,110,166,124,145,134,137,154,104,107,43,67,52,146,129,123,108,109
135,Pittsburgh International Airport Air Reserve Station,,40.49444444444445,-50.336666666666666,1,40.8,69,28.7,0.0,0.0,0.0,2,75,1038.2,1038.2,31.2,326,42.1,55.957142857142856,46.3,51.44285714285714,46.5,36.01428571428571,3.1142857142857143,0.9142857142857144,0.0,46.34285714285714,65.05714285714285,20205.351428571423,4.221428571428572,9.441428571428572,4.428571428571429,1.7985714285714285,-0.8004880280845948,-0.18825925417365733,-1.1313163897037348,-0.17352829709160011,-0.14265580790704105,-0.06917144638660745,-0.28786885382273053,0.2355660278003235,2.425870781238129,1.0393259090990488,1.9879277566783824,1.723998107950837,1.2723823512468933,-0.6085955399551276,-0.1002321207896612,-0.2953215883213543,-0.8581795302311336,-0.4369914360295006,0.3185452663802898,-0.2232715860970817,-0.3321682985375722,2.828841786754203,2.049540017257407,-1.1536879640241946,-0.24832774126804863,-0.9748302745965642,0.4125316567321044,-0.6677363689510435,153,140,180,12,8,2,119,122,2,2,11,21,25,148,103,122,172,137,62,82,43,4,4,180,113,171,67,147
64,Atlantic City Air National Guard Base,,39.44805555555556,-74.58166666666666,1,40.7,94,34.8,0.0,0.0,0.0,3,100,1031.2,1029.3,12.6,85,25.6,57.15714285714286,40.385714285714286,48.614285714285714,54.89999999999999,34.642857142857146,2.521428571428572,1.4642857142857142,0.0,17.685714285714287,48.18571428571429,21651.85,3.564285714285714,8.459999999999999,5.285714285714286,1.2514285714285711,-0.8071437071398173,1.0304350545953926,-0.7823010740448267,-0.17352829709160011,-0.14265580790704105,-0.06917144638660745,-0.22985305794674837,0.8447885134908151,1.459571721943739,0.859918289091647,-0.06447248057104601,-0.8443388826117398,0.09131539336683087,-0.5153476868776633,-0.5705824517365536,-0.5261821192933774,-0.32139619583603174,-0.5234972034131878,0.09745835688143878,0.04487719412765516,-0.3321682985375722,-0.5435387927277916,0.6224626121864488,-0.9564326126338977,-0.6671206848171688,-1.197358907713886,0.701625031305214,-1.0775840948550297,155,25,155,12,8,2,19,1,20,11,89,160,88,140,149,140,127,147,74,68,43,132,61,169,147,190,46,177
95,Gowen Field Air National Guard Base,,43.56444444444444,-116.22277777777778,1,40.4,91,35.9,0.0,0.0,0.0,0,6,1021.0,918.7,6.5,161,13.0,54.971428571428575,37.67142857142857,45.58571428571428,47.142857142857146,29.842857142857145,3.282857142857143,3.082857142857143,0.1399999999999999,23.11428571428572,33.74285714285714,31950.345714285715,4.228571428571429,14.974285714285712,0.8571428571428571,2.475714285714285,-0.8271107443054864,0.8841917375431066,-0.7193638859751875,-0.17352829709160011,-0.14265580790704105,-0.06917144638660745,-0.40390044557469484,-1.445888032705433,0.05153594982905004,-1.3695741572924454,-0.7375714831098371,-0.034406885587856685,-0.8105902835597624,-0.6851919906973298,-0.7864437147315044,-0.7733661221523116,-0.8170991730070184,-0.8262673892560943,0.3814085322136981,0.8340007473604527,0.27829996221463643,0.09529700996570756,-0.599192981824339,0.4479471987520427,-0.2437756440555588,0.27968704136178313,-0.7920240706558529,-0.16050967945107147,156,41,150,12,8,2,161,169,91,190,159,103,163,155,162,163,164,164,55,36,25,86,138,86,112,82,153,105
121,Minneapolis-Saint Paul Joint Air Reserve Station,,44.88166666666667,-93.23361111111112,1,40.2,86,35.2,0.0,0.0,0.0,3,100,1018.9,987.8,7.0,192,14.0,55.8,37.17142857142857,44.35714285714285,49.5,29.942857142857143,0.5142857142857143,0.3857142857142857,0.0,22.914285714285715,51.92857142857143,26286.45857142857,3.2857142857142856,10.071428571428571,1.4285714285714286,1.6885714285714286,-0.8404221024159318,0.6404528757892967,-0.7594148238376849,-0.17352829709160011,-0.14265580790704105,-0.06917144638660745,-0.22985305794674837,0.8447885134908151,-0.23835376795927013,0.023354667708826875,-0.6823994337214115,0.2959601131982009,-0.7390104679306676,-0.6208065683343194,-0.8262076315989954,-0.8736388780290494,-0.666471196518597,-0.8199596770510339,-0.6510406981688888,-0.48097301124812764,-0.3321682985375722,0.07176095407699898,0.9390538739380078,-0.32442276459737246,-0.8446524761042954,-0.8319843834688517,-0.5992951542737798,-0.7501339535322625,157,60,153,12,8,2,19,1,116,139,154,74,156,150,166,170,148,162,137,102,43,89,39,124,164,159,134,154
24,Hill Air Force Base,,41.12388888888889,-111.97277777777778,1,40.0,91,35.7,0.0,0.0,0.0,3,87,1022.5,857.0,5.4,262,6.5,48.17142857142857,34.471428571428575,40.614285714285714,42.771428571428565,26.985714285714288,1.7742857142857142,0.7714285714285714,0.5328571428571428,17.3,27.057142857142857,35475.09857142857,4.464285714285714,15.435714285714283,5.0,2.0885714285714285,-0.8537334605263778,0.8841917375431066,-0.730807011078758,-0.17352829709160011,-0.14265580790704105,-0.06917144638660745,-0.22985305794674837,0.5279928209317595,0.25860003396356224,-2.61333260161341,-0.8589499917643731,1.0419501104570408,-1.2758590851488778,-1.2135964914696267,-1.040932782683446,-1.1791209947698065,-1.096445602131001,-1.00648773797211,-0.18116442304120994,-0.2929206199216888,1.9913486531009377,-0.5889297576560139,-1.1647071440370476,0.9286088303172957,-0.09355643604337464,0.3843111294213098,0.6052605731141775,-0.4505063732369202,158,41,151,12,8,2,19,113,78,203,170,35,198,184,174,185,178,173,96,88,10,139,187,54,102,80,54,123
141,Rosecrans Air National Guard Base,,39.77194444444444,-94.90944444444445,1,40.0,94,35.3,0.0,0.0,0.0,3,100,1015.6,985.4,7.6,82,16.9,61.15714285714286,44.32857142857143,52.785714285714285,54.98571428571428,37.91428571428571,1.8,0.3714285714285714,0.0,23.52857142857143,48.07142857142857,24243.608571428573,3.871428571428571,12.12142857142857,2.4285714285714284,2.491428571428571,-0.8537334605263778,1.0304350545953926,-0.7536932612858999,-0.17352829709160011,-0.14265580790704105,-0.06917144638660745,-0.22985305794674837,0.8447885134908151,-0.6938947530551907,-0.025024915214516483,-0.616192974455301,-0.8763098824942616,-0.5314290026062931,-0.20452150995278295,-0.25701556443862517,-0.1857211342235252,-0.3159188148728162,-0.3171449041333502,-0.17157511130391034,-0.48793791463058833,-0.3321682985375722,0.14405026859231584,0.6127957034306755,-0.6030010518816091,-0.4713805046800805,-0.36716838852946915,-0.2620195506051518,-0.14873859593946853,158,25,152,12,8,2,19,1,157,143,147,165,134,114,116,116,124,119,95,104,43,78,62,150,128,117,103,104
133,Peoria Air National Guard Base,,40.660555555555554,-89.69555555555556,1,39.8,95,35.1,0.0,0.0,0.0,3,100,1018.2,994.3,7.5,145,16.2,61.57142857142857,42.7,52.371428571428574,56.48571428571428,37.5,2.6642857142857146,1.1357142857142857,0.0,25.4,46.42857142857143,24191.19,3.557142857142857,11.202857142857145,2.7142857142857144,2.1614285714285715,-0.8670448186368238,1.0791828269461547,-0.7651363863894703,-0.17352829709160011,-0.14265580790704105,-0.06917144638660745,-0.22985305794674837,0.8447885134908151,-0.3349836738886997,0.15438270479288305,-0.6272273843329861,-0.20491888496130578,-0.5815348735466593,-0.17232879877127774,-0.3865323222355954,-0.21953404027498288,-0.2200646480165479,-0.3432768546971723,0.15073231097754747,-0.1153155836689409,-0.3321682985375722,0.36428050583665333,0.4738338900664419,-0.6101492398789944,-0.6716727820296592,-0.5754448238925508,-0.1656550924141151,-0.39593134968312566,160,19,154,12,8,2,19,1,124,126,150,113,141,111,127,118,112,123,68,80,43,63,70,151,148,138,94,117
155,Truax Field Air National Guard Base,,43.13972222222222,-89.33749999999999,1,39.6,73,33.6,0.0,0.0,0.0,3,100,1019.6,987.6,8.3,180,14.0,56.785714285714285,36.871428571428574,45.71428571428572,49.885714285714286,30.342857142857135,2.442857142857143,2.0428571428571427,0.0,26.62857142857143,50.75714285714286,26632.66714285714,3.4857142857142853,11.52,2.7142857142857144,1.9214285714285717,-0.8803561767472693,0.0067318352293906595,-0.8509598246662511,-0.17352829709160011,-0.14265580790704105,-0.06917144638660745,-0.22985305794674837,0.8447885134908151,-0.14172386202982484,0.0193230357985496,-0.5389521053115052,0.16807611366811412,-0.7390104679306676,-0.5442101175921166,-0.8500659817194897,-0.7628724616535822,-0.641822982184128,-0.7947288282307922,0.06815768212857892,0.3269557811173135,-0.3321682985375722,0.5088591348672875,0.8399680591913367,-0.2772111774168684,-0.7171937541545635,-0.5035360079507095,-0.1656550924141151,-0.5757078978603308,162,118,161,12,8,2,19,1,105,140,139,86,156,142,167,161,145,161,77,52,43,52,46,118,152,124,94,138
75,Capital Airport Air National Guard Station,,39.844166666666666,-89.67805555555556,1,39.5,98,34.8,0.1,0.1,0.0,51,100,1018.1,996.1,7.7,143,16.2,62.62857142857143,46.08571428571429,54.285714285714285,58.3,41.385714285714286,11.19,8.864285714285714,0.0,23.814285714285717,45.457142857142856,25763.268571428573,3.628571428571429,11.36,5.714285714285714,2.1157142857142857,-0.8870118558024923,1.2254261439984406,-0.7823010740448267,1.0830559232268833,1.6195629956505246,-0.06917144638660745,2.5549051441003954,0.8447885134908151,-0.348787946164337,0.1906673919853923,-0.6051585645776159,-0.2262328848829869,-0.5815348735466593,-0.09018188058398742,-0.11727379944715682,-0.06329509507169476,-0.10412675096182324,-0.09817718044339088,3.3301218914333153,3.6526971462422977,-0.3321682985375722,0.1776732055761845,0.39166516564237275,-0.39576886153265384,-0.6261518099047545,-0.5398143295069541,0.846171718591769,-0.43017450171687915,163,6,155,6,4,2,11,1,127,124,144,115,141,104,106,104,105,101,3,3,43,77,74,130,145,131,44,120
105,Hulman Field Air National Guard Base,,39.45138888888889,-87.30749999999999,1,39.5,98,34.4,0.5,0.5,0.0,61,100,1018.9,997.3,9.5,61,10.8,63.2,47.942857142857136,55.785714285714285,59.614285714285714,43.98571428571428,14.224285714285712,12.471428571428572,0.0,24.32857142857143,50.3,21013.66857142857,3.3642857142857143,9.61,8.0,1.8314285714285716,-0.8870118558024923,1.2254261439984406,-0.8051873242519682,6.109392804500816,8.668438209880787,-0.06917144638660745,3.135063102860217,0.8447885134908151,-0.23835376795927013,0.2148571834470628,-0.4065391867792841,-1.1001068816719135,-0.9680658779437706,-0.045778141023290385,0.030420748917808663,0.05913094408013569,-0.020140242859188015,0.06582333688818306,4.461660676434663,5.411335250313624,-0.3321682985375722,0.2381944921471473,0.801300424168245,-1.043459799822402,-0.7945794067669005,-0.9366084715283783,1.6170873841200615,-0.643124103426783,163,6,157,3,2,2,8,1,116,122,124,184,174,99,93,91,99,84,2,1,43,75,48,172,156,167,9,143
109,Joe Foss Field Air National Guard Station,,43.581944444444446,-96.74194444444444,1,39.4,92,34.1,0.0,0.0,0.0,3,100,1016.6,964.2,9.0,113,11.2,59.17142857142857,37.385714285714286,47.58571428571429,51.31428571428571,28.75714285714286,1.1857142857142855,0.0999999999999999,0.01,28.357142857142858,57.68571428571429,24511.47428571429,4.321428571428571,11.474285714285712,2.571428571428572,2.4385714285714286,-0.8936675348577153,0.9329395098938686,-0.8223520119073242,-0.17352829709160011,-0.14265580790704105,-0.06917144638660745,-0.22985305794674837,0.8447885134908151,-0.5558520302988492,-0.4523778977040521,-0.4617112361677096,-0.545942883708204,-0.9394339516921328,-0.3588245049262058,-0.8091659529414992,-0.6101314032832037,-0.5505332994638729,-0.8947511217681803,-0.4006531139171779,-0.6202710788973417,-0.2885634227695573,0.7122779036196909,1.4260244025100626,-0.5664728819680651,-0.18459838029318343,-0.5139012426810656,-0.21383732150963322,-0.18833224047849562,165,33,158,12,8,2,19,1,148,169,134,139,169,128,163,145,141,168,110,124,41,37,14,145,105,125,100,107
115,Mansfield Lahm Air National Guard Base,,40.81361111111111,-82.51666666666667,1,38.9,97,33.0,0.0,0.0,0.0,3,100,1020.0,972.0,11.9,175,28.8,58.2,41.57142857142857,50.614285714285714,53.24285714285714,35.285714285714285,6.545714285714285,5.674285714285714,0.0,24.642857142857142,53.62857142857143,22926.27142857143,2.6357142857142857,8.962857142857143,5.428571428571429,1.3757142857142857,-0.9269459301338299,1.1766783716476787,-0.8852891999769634,-0.17352829709160011,-0.14265580790704105,-0.06917144638660745,-0.22985305794674837,0.8447885134908151,-0.0865067729272914,-0.29514425320318566,-0.14171334971484165,0.11479111386391128,0.32037080337993384,-0.43431086217939074,-0.47628516316507535,-0.3629474004242702,-0.42729222779152776,-0.48294762495208454,1.5981856437688209,2.0974342209388235,-0.3321682985375722,0.27517972282940234,1.0828491416801282,-0.7826429859604956,-1.2588933224409242,-1.0833413256799744,0.7498072604007324,-0.9844855252632624,166,11,164,12,8,2,19,1,99,161,97,90,70,133,136,128,135,142,13,8,43,74,27,159,192,177,45,170
17,Francis E. Warren Air Force Base,,41.13305555555556,-104.86694444444444,1,38.8,93,31.9,0.0,0.0,0.0,3,100,1017.6,810.6,14.8,359,25.9,50.44285714285714,31.7,40.52857142857143,40.8,19.914285714285715,2.3000000000000003,1.4285714285714286,0.6,35.75714285714286,59.642857142857146,31445.10714285714,5.2,15.71,2.142857142857143,2.9728571428571438,-0.9336016091890529,0.9816872822446306,-0.9482263880466028,-0.17352829709160011,-0.14265580790704105,-0.06917144638660745,-0.22985305794674837,0.8447885134908151,-0.4178093075425077,-3.548671204798057,0.1782845367380263,2.075679106658576,0.11278933805555907,-1.0370916267158552,-1.2613384933203962,-1.186116768435625,-1.2224253642849532,-1.452533101044249,0.014883728032470235,0.027464935671503474,2.284124247543324,1.583111971501881,1.5915702149526716,0.37904909272443094,0.3753095768431395,0.44650253780344396,-0.3583840087961883,0.21188459891599798,167,29,167,12,8,2,19,1,134,207,73,4,84,178,192,186,184,202,79,70,8,13,8,88,79,74,115,88
162,Wyoming Air National Guard Base,,41.16138888888889,-104.81944444444444,1,38.5,94,31.2,0.0,0.0,0.0,3,100,1017.5,811.6,16.6,360,26.3,51.18571428571429,32.24285714285714,40.871428571428574,41.05714285714286,20.1,2.042857142857143,1.3142857142857145,0.5,35.357142857142854,60.22857142857144,31188.217142857146,4.928571428571429,15.617142857142856,2.4285714285714284,3.071428571428572,-0.9535686463547214,1.0304350545953926,-0.9882773259091003,-0.17352829709160011,-0.14265580790704105,-0.06917144638660745,-0.22985305794674837,0.8447885134908151,-0.431613579818145,-3.5285130452466635,0.3769039145363582,2.0863361066194166,0.1414212643071971,-0.9793667652869485,-1.218166240721406,-1.1581336737723495,-1.205993221395307,-1.440818778377708,-0.08100938934052544,-0.028254291388182036,1.8480754898631744,1.5360398597244649,1.641113122326008,0.3440176532058924,0.20232988276850325,0.42544815475740866,-0.2620195506051518,0.28572139548877856,168,25,171,12,8,2,19,1,135,206,59,1,82,177,188,183,183,201,85,73,14,14,7,92,87,78,103,83
12,Dover Air Force Base,,39.12833333333333,-75.46472222222222,1,38.2,95,32.8,0.0,0.0,0.0,3,100,1030.9,1030.3,9.4,92,15.1,60.1,41.74285714285714,51.02857142857143,58.04285714285714,35.42857142857143,1.4214285714285713,0.6285714285714287,0.0,24.11428571428572,49.32857142857143,24379.83,3.9785714285714286,10.268571428571429,3.857142857142857,1.6085714285714283,-0.9735356835203899,1.0791828269461547,-0.8967323250805344,-0.17352829709160011,-0.14265580790704105,-0.06917144638660745,-0.22985305794674837,0.8447885134908151,1.4181589051168428,0.8800764486430402,-0.41757359665696914,-0.7697398828858559,-0.6602726707386635,-0.2866684281400727,-0.46265182023907847,-0.32913449437281195,-0.12055889385146941,-0.4739366075162836,-0.3127510896585985,-0.3625696537462957,-0.3321682985375722,0.21297728940924676,0.7191316997441765,-0.5844248802278701,-0.40309904649272377,-0.7872843086941932,0.2198027403500312,-0.8100594695913311,169,19,165,12,8,2,19,1,25,7,126,151,150,123,134,125,107,141,105,93,43,76,54,147,120,154,74,158
128,Niagara Falls Air Reserve Station,,43.11333333333334,-78.9475,1,37.6,78,32.4,0.0,0.0,0.0,3,100,1023.4,1000.3,4.9,54,5.4,48.41428571428571,33.02857142857143,40.35714285714285,42.31428571428571,25.25714285714286,3.011428571428571,2.4828571428571427,0.02,22.4,47.35714285714285,25170.417142857143,3.164285714285714,9.947142857142856,4.428571428571429,1.3285714285714287,-1.0134697578517273,0.2504706969832007,-0.9196185752876758,-0.17352829709160011,-0.14265580790704105,-0.06917144638660745,-0.22985305794674837,0.8447885134908151,0.3828384844442664,0.2753316621012426,-0.9141220411527986,-1.1747058813977975,-1.354596882340882,-1.1947249021563306,-1.1556800856439198,-1.200108315767264,-1.1256583006014826,-1.1155210489452996,0.2801880194310914,0.541474805297103,-0.24495854700154232,0.011239667506035757,0.5523775237070948,-0.4766145112795476,-0.9220381287166327,-0.8601648653920062,0.4125316567321044,-1.0197987757980704,171,99,166,12,8,2,19,1,71,117,178,186,201,183,185,187,180,184,64,46,38,93,65,135,174,161,67,173
102,Hancock Field Air National Guard Base,,43.11138888888889,-76.1236111111111,1,37.5,71,30.1,0.0,0.0,0.0,3,100,1027.3,1011.2,12.0,164,25.2,47.74285714285714,33.2,41.02857142857143,42.44285714285714,25.942857142857143,4.378571428571428,3.65,0.0,21.785714285714285,44.44285714285714,19203.97428571429,3.3,8.622857142857143,6.714285714285714,1.302857142857143,-1.0201254369069503,-0.09076370947213334,-1.0512145139787394,-0.17352829709160011,-0.14265580790704105,-0.06917144638660745,-0.22985305794674837,0.8447885134908151,0.9212051031939948,0.49505560121143094,-0.1306789398371566,-0.0024358857053349784,0.06268346711519283,-1.2468992961401497,-1.142046742717923,-1.1453080887183482,-1.1174422291566593,-1.0722681652534558,0.7900197601308517,1.1105074116441422,-0.3321682985375722,-0.06104964700928113,0.30587135043488933,-1.2902432320970942,-0.8355482816793146,-1.160432758986994,1.183447322260397,-1.0390605488170568,172,134,174,12,8,2,19,1,43,84,93,101,90,186,181,182,179,181,40,30,43,97,81,186,163,187,27,175
94,General Mitchell Air National Guard Base,,42.947222222222216,-87.89666666666668,1,37.4,71,31.2,0.0,0.0,0.0,1,49,1020.0,994.8,7.2,162,11.2,52.62857142857143,35.74285714285715,43.68571428571429,45.02857142857143,28.542857142857144,1.9357142857142855,1.7214285714285715,0.0,27.3,48.74285714285714,23472.44,3.1357142857142857,11.142857142857142,2.7142857142857144,1.8085714285714285,-1.0267811159621734,-0.09076370947213334,-0.9882773259091003,-0.17352829709160011,-0.14265580790704105,-0.06917144638660745,-0.3458846496987127,-0.3980253573177877,-0.0865067729272914,0.16446178456857968,-0.6603306139660413,-0.023749885627016114,-0.9394339516921328,-0.8672473228961882,-0.9398188226489691,-0.9284391050779628,-0.9522079034329965,-0.9082676479218815,-0.12096485491260717,0.17024545501194785,-0.3321682985375722,0.5878730367793781,0.6695887923708406,-0.7081633593618469,-0.9402465175665943,-0.589049194476143,-0.1656550924141151,-0.6602456794436599,173,134,171,12,8,2,139,136,99,125,152,102,169,167,172,174,176,169,91,61,43,45,58,153,176,140,94,145
98,Grissom Air Reserve Base,,40.64805555555556,-86.15222222222222,1,36.2,92,29.6,0.0,0.0,0.0,3,100,1019.2,988.9,11.6,120,20.9,60.9,43.2,52.32857142857143,55.04285714285714,37.785714285714285,6.402857142857143,4.8100000000000005,0.0,27.042857142857144,54.35714285714285,20685.16285714286,3.3000000000000003,9.608571428571429,5.142857142857143,1.7757142857142856,-1.1066492646248478,0.9329395098938686,-1.0798223267376663,-0.17352829709160011,-0.14265580790704105,-0.06917144638660745,-0.22985305794674837,0.8447885134908151,-0.1969409511323583,0.04552864321535992,-0.17481657934789702,-0.47134388398231997,-0.24510974008991437,-0.2245031927550969,-0.3467684053681045,-0.22303192710789246,-0.312267227564006,-0.3252548198255708,1.5449116896727122,1.6760575662999513,-0.3321682985375722,0.5576123934938967,1.1444756849981788,-1.0882572931522099,-0.8355482816793143,-0.9369323851137019,0.6534428022096959,-0.6848579449679202,174,33,177,12,8,2,19,1,111,136,102,133,109,119,123,119,123,121,15,19,43,49,23,175,161,168,53,149
163,Youngstown Air Reserve Station,,41.26055555555556,-65.34444444444443,1,36.1,69,26.0,0.0,0.0,0.0,2,58,1038.7,1038.7,21.3,154,26.6,48.85714285714285,38.65714285714286,43.885714285714286,40.385714285714286,29.485714285714288,6.621428571428572,6.592857142857143,0.0,41.67142857142857,59.39999999999999,20195.92142857143,3.3642857142857143,8.734285714285715,6.571428571428571,1.0185714285714285,-1.1133049436800708,-0.18825925417365733,-1.2857985786019401,-0.17352829709160011,-0.14265580790704105,-0.06917144638660745,-0.28786885382273053,-0.17870526246921073,2.4948921426162998,1.0494049888747454,0.8955211787875578,-0.10900588531374066,0.16289520899592555,-1.1603120039967907,-0.7080519929070221,-0.9121156331910524,-1.248899372273827,-0.8487949328455963,1.626420839439759,2.5452775084310466,-0.3321682985375722,2.2791067670679555,1.5710280338466536,-1.1549739092718085,-0.7945794067669005,-1.1351674993317522,1.1352650931648784,-1.252010150526961,176,140,192,12,8,2,119,131,1,1,33,107,80,181,158,172,187,165,12,4,43,7,10,181,156,184,28,198
86,Fargo Air National Guard Base,,46.92055555555555,-96.81583333333332,1,36.0,87,30.5,0.0,0.0,0.0,3,100,1017.9,984.2,6.5,273,10.4,46.385714285714286,26.842857142857145,35.48571428571429,38.871428571428574,17.0,3.2,1.2285714285714284,1.2099999999999995,31.62857142857143,58.15714285714286,25288.29,3.6571428571428575,10.778571428571428,3.571428571428572,1.0585714285714285,-1.1199606227352938,0.6892006481400587,-1.028328263771598,-0.17352829709160011,-0.14265580790704105,-0.06917144638660745,-0.22985305794674837,0.8447885134908151,-0.3763964907156116,-0.04921470667618701,-0.7375714831098371,1.1591771100262869,-0.9966978041954084,-1.3523581775968052,-1.6476165428903078,-1.597701452441303,-1.3456664359572978,-1.6363578567345851,0.3505096388379551,-0.07004371168294642,4.944021669392233,1.0972605320849835,1.465900401127625,-0.46054048790036806,-0.6079434210547928,-0.6716471587336639,0.1234382821589948,-1.2220473924974267,177,54,173,12,8,2,19,1,129,144,159,30,176,188,205,201,196,204,59,75,3,25,12,134,142,146,79,195
125,New Castle Air National Guard Base,,39.68527777777778,-75.59916666666666,1,35.9,97,31.4,0.0,0.0,0.0,3,100,1031.6,1029.3,4.8,27,11.5,61.04285714285714,42.71428571428572,51.15714285714286,59.67142857142858,37.71428571428572,3.384285714285714,2.212857142857143,0.01,15.328571428571427,43.41428571428571,22522.88857142857,3.678571428571429,9.821428571428571,6.571428571428571,1.6014285714285716,-1.1266163017905169,1.1766783716476787,-0.9768342008055296,-0.17352829709160011,-0.14265580790704105,-0.06917144638660745,-0.22985305794674837,0.8447885134908151,1.5147888110462568,0.859918289091647,-0.9251564510304838,-1.4624448803404928,-0.9179600070034043,-0.21340225786492292,-0.38539621032509525,-0.3186408338740838,-0.016488655550377353,-0.3297603285434706,0.41923303962193514,0.409838131368596,-0.2885634227695573,-0.8209280228447057,0.21886917163293387,-0.8376512858663522,-0.5942871294173216,-0.8886692609004838,1.1352650931648784,-0.8154099620966048,178,11,168,12,8,2,19,1,16,11,179,199,168,116,126,124,98,122,54,49,41,179,86,162,140,162,28,159
40,Joint Base McGuire–Dix–Lakehurst,,40.01916666666666,-74.52277777777778,1,35.7,95,29.8,0.1,0.1,0.0,51,100,1031.8,1028.1,9.4,67,30.6,57.84285714285714,39.457142857142856,48.07142857142857,55.67142857142858,34.05714285714286,2.56,2.031428571428572,0.0,16.428571428571427,43.3,18461.87142857143,3.2142857142857144,8.064285714285715,4.714285714285714,1.3171428571428572,-1.1399276599009625,1.0791828269461547,-1.0683792016340956,1.0830559232268833,1.6195629956505246,-0.06917144638660745,2.5549051441003954,0.8447885134908151,1.5423973555975314,0.8357284976299743,-0.41757359665696914,-1.03616488190687,0.4492144715123043,-0.4620631994048268,-0.6444297259190369,-0.5704886858435638,-0.2720997671670928,-0.5604423748999713,0.11184232448738801,0.32138385841134526,-0.3321682985375722,-0.6914797154568125,0.20920226287716112,-1.3914419216394474,-0.8901734482291995,-1.287082970848526,0.5088961149231409,-1.0283595638065088,179,19,175,6,4,2,11,1,14,14,126,181,63,135,155,143,118,152,72,53,43,154,88,191,170,195,61,174
183,Ghedi Air Base,,45.43111111111111,57.17111111111111,1,35.7,80,28.9,0.0,0.0,0.0,3,95,1021.3,1010.3,10.1,182,15.5,45.7,31.785714285714285,38.02857142857143,38.22857142857144,25.571428571428573,0.4142857142857142,0.2857142857142857,0.0,15.657142857142857,25.685714285714287,25551.197142857145,3.735714285714285,11.21,2.2857142857142856,1.3,-1.1399276599009625,0.3479662416847247,-1.1198732646001641,-0.17352829709160011,-0.14265580790704105,-0.06917144638660745,-0.22985305794674837,0.7229440163527168,0.0929487666559462,0.47691325761517517,-0.3403327275131735,0.18939011358979524,-0.6316407444870256,-1.4056426650696416,-1.2545218218573977,-1.3901601670220092,-1.3867467931814121,-1.095696810586538,-0.6883324660361649,-0.5297273349253526,-0.3321682985375722,-0.7822616453132569,-1.280710049106321,-0.4246885058302526,-0.5578703517173988,-0.5738252559659329,-0.31020177970067003,-1.0412007458191666,179,91,179,12,8,2,19,101,89,89,118,84,148,189,191,193,198,183,143,111,43,171,196,132,136,137,108,176
173,Ämari Air Base,,59.26222222222222,24.21861111111111,1,35.5,97,26.9,0.0,0.0,0.0,3,100,1014.8,1012.3,19.8,196,44.3,42.94285714285714,30.014285714285712,35.2,35.41428571428572,23.385714285714283,0.1571428571428571,0.1571428571428571,0.0,16.2,37.44285714285714,29106.437142857143,2.107142857142857,8.18142857142857,0.7142857142857143,0.8642857142857142,-1.1532390180114085,1.1766783716476787,-1.2343045156358718,-0.17352829709160011,-0.14265580790704105,-0.06917144638660745,-0.22985305794674837,0.8447885134908151,-0.8043289312602732,0.5172295767179617,0.7300050306222813,0.3385881130415632,1.4298579456309013,-1.6198907084500058,-1.3953996987593655,-1.6210206979940323,-1.566587468140316,-1.23356537735429,-0.7842255834091606,-0.5924114653674989,-0.3321682985375722,-0.7183780650439071,-0.2862268108561945,0.06013058029178749,-1.5957485161652158,-1.2605220568519901,-0.8402062997513712,-1.3675807886408786,181,11,189,12,8,2,19,1,164,80,44,64,20,203,198,204,202,194,158,119,43,159,122,101,203,193,160,204
18,Fairchild Air Force Base,,47.615,-117.65555555555557,1,35.4,84,29.7,0.0,0.0,0.0,3,100,1018.7,929.6,6.6,167,19.4,48.1,34.142857142857146,41.17142857142857,39.8,26.82857142857143,0.0999999999999999,0.0571428571428571,0.0,25.9,45.41428571428571,24337.55571428572,2.9714285714285715,9.635714285714286,0.4285714285714285,1.4428571428571428,-1.1598946970666315,0.5429573310877727,-1.074100764185881,-0.17352829709160011,-0.14265580790704105,-0.06917144638660745,-0.22985305794674837,0.8447885134908151,-0.265962312510529,-1.1498502181822592,-0.726537073232152,0.029535114177186725,-0.3524794635335564,-1.2191469589147137,-1.0670633566249401,-1.1336484659419839,-1.2863281421891322,-1.016399857151491,-0.805535165047604,-0.6411657890447238,-0.3321682985375722,0.42312064555842294,0.38804007485895786,-0.5901897176415073,-1.044944753453874,-0.9307780269925532,-0.9365707579424078,-0.9341908957136871,182,74,176,12,8,2,19,1,119,185,158,97,121,185,177,181,194,176,166,130,43,59,75,148,182,166,166,167
147,Shepherd Field Air National Guard Base,,39.401944444444446,-77.98444444444445,1,35.4,98,27.7,0.0,0.0,0.0,3,100,1029.0,1008.4,16.6,139,30.6,64.64285714285714,45.94285714285714,54.67142857142857,63.2,41.91428571428571,3.0500000000000003,1.2642857142857142,0.0699999999999999,19.87142857142857,37.41428571428571,23432.76428571429,3.692857142857143,10.522857142857143,7.571428571428571,1.7485714285714289,-1.1598946970666315,1.2254261439984406,-1.1885320152215888,-0.17352829709160011,-0.14265580790704105,-0.06917144638660745,-0.22985305794674837,0.8447885134908151,1.1558777318797817,0.4386127544675284,0.3769039145363582,-0.26886088472634917,0.4492144715123043,0.06634130136746948,-0.12863491855215448,-0.031814113575509756,0.20899686076865354,-0.0648364159309282,0.29457198703704096,-0.05263145322679461,-0.02693416816146812,-0.28632332480119904,-0.288643538045138,-0.7135738361626359,-0.5851829349923408,-0.7296276905065903,1.4725406968335066,-0.705189816487961,182,6,184,12,8,2,19,1,32,98,59,119,63,94,108,101,85,96,63,74,34,114,123,155,138,150,14,152
145,Selfridge Air National Guard Base,,42.60833333333333,-82.83555555555554,1,35.0,72,28.7,0.0,0.0,0.0,3,100,1022.0,999.9,6.5,84,16.9,51.385714285714286,33.05714285714286,42.22857142857144,45.75714285714286,26.214285714285715,3.4714285714285715,2.8285714285714287,0.0,21.6,41.85714285714285,20435.5,2.9785714285714286,8.928571428571429,3.7142857142857135,1.4385714285714286,-1.186517413287523,-0.04201593712137134,-1.1313163897037348,-0.17352829709160011,-0.14265580790704105,-0.06917144638660745,-0.22985305794674837,0.8447885134908151,0.1895786725853915,0.2672683982806857,-0.7375714831098371,-0.8549958825725804,-0.5314290026062931,-0.9638254564407049,-1.1534078618229207,-1.047367257396883,-0.9056501652456663,-1.0551472321254343,0.4517301516205616,0.7100254671526521,-0.3321682985375722,-0.08290455604879526,0.08715753983552893,-1.1223031854797654,-1.0403926562413837,-1.091115251727741,0.1716205112545126,-0.9374011912168514,184,127,180,12,8,2,19,1,82,119,159,162,134,174,182,176,173,179,51,39,43,99,95,179,181,179,75,168
132,Pease Air National Guard Base,,43.07805555555556,-70.82333333333332,1,34.9,33,24.6,0.0,0.0,0.0,3,100,1035.3,1032.3,18.0,200,30.6,45.0,29.9,36.785714285714285,37.885714285714286,22.428571428571427,7.0,5.042857142857143,1.36,20.857142857142858,48.22857142857142,20600.092857142856,3.15,10.185714285714283,8.714285714285714,1.1357142857142857,-1.193173092342746,-1.9431790588010893,-1.3659004543269353,-0.17352829709160011,-0.14265580790704105,-0.06917144638660745,-0.22985305794674837,0.8447885134908151,2.0255468852447263,0.9203927677458268,0.5313856528239495,0.38121611288492546,0.4492144715123043,-1.460037246031496,-1.4044885940433636,-1.4915988851763833,-1.4086563170342743,-1.2939391941741554,1.767596817794447,1.7895854914340605,5.598094805912459,-0.17032419220685305,0.6260877029698626,-1.0998580738748627,-0.9311423231416135,-0.8060712966429633,1.8579985295976527,-1.1642620734404678,185,195,196,12,8,2,19,1,6,5,53,61,63,193,199,198,199,198,9,18,1,106,60,176,175,155,6,185
90,Fort Wayne Air National Guard Base,,40.97833333333333,-85.19500000000001,1,34.1,85,27.6,0.0,0.0,0.0,3,100,1019.1,988.9,9.1,72,11.2,61.44285714285714,41.48571428571428,51.285714285714285,55.68571428571429,36.01428571428571,4.042857142857143,2.9957142857142856,0.0,25.62857142857143,52.08571428571429,22372.17142857143,3.2285714285714286,10.108571428571429,4.571428571428571,1.8157142857142856,-1.246418524784529,0.5917051034385347,-1.194253577773374,-0.17352829709160011,-0.14265580790704105,-0.06917144638660745,-0.22985305794674837,0.8447885134908151,-0.21074522340799556,0.04552864321535992,-0.45067682629002453,-0.9828798821026673,-0.9394339516921328,-0.18231964017243443,-0.48310183462807404,-0.30814717337535563,-0.27118687033989036,-0.4369914360295006,0.6648259680049964,0.7915148367274422,-0.3321682985375722,0.3911788554237483,0.9523458734771955,-0.8582042014115543,-0.8810692538042187,-0.8235626302504377,0.4607138858276225,-0.6548951869383859,186,66,185,12,8,2,19,1,113,136,131,178,169,112,137,123,116,137,44,37,43,60,37,164,167,158,64,144
69,Biddle Air National Guard Base,,40.19972222222222,-75.14805555555556,1,33.8,96,27.5,0.1,0.1,0.0,51,100,1031.8,1018.8,9.6,77,28.4,55.371428571428574,40.1,47.07142857142857,53.285714285714285,34.614285714285714,4.045714285714285,3.174285714285714,0.0699999999999999,14.985714285714286,40.72857142857144,20976.948571428573,2.792857142857143,8.938571428571429,5.285714285714286,1.3342857142857143,-1.266385561950198,1.1279305992969166,-1.1999751403251595,1.0830559232268833,1.6195629956505246,-0.06917144638660745,2.5549051441003954,0.8447885134908151,1.5423973555975314,0.6482576138020179,-0.395504776901599,-0.9295948822984644,0.29173887712829577,-0.6541093730048418,-0.5933046899465484,-0.6521060452781174,-0.42455353730991996,-0.5252994069003482,0.6658914470869185,0.8785761290082008,-0.02693416816146812,-0.8612755472253475,-0.008303184127725448,-1.0484672133422768,-1.1587471837661347,-1.0888478566304758,0.701625031305214,-1.0155183817938513,187,15,186,6,4,2,11,1,14,49,122,171,73,151,150,148,134,148,43,35,34,184,102,173,188,178,46,172
137,Quonset Point Air National Guard Station,,41.59722222222222,-71.41222222222223,1,33.6,73,27.4,0.0,0.0,0.0,1,47,1035.5,1035.2,9.1,146,18.7,44.971428571428575,33.05714285714286,39.02857142857143,40.25714285714286,26.87142857142857,5.160000000000001,4.76,0.13,16.599999999999998,44.07142857142857,19328.524285714288,3.1714285714285717,9.421428571428573,7.142857142857143,1.0742857142857145,-1.2796969200606434,0.0067318352293906595,-1.205696702876945,-0.17352829709160011,-0.14265580790704105,-0.06917144638660745,-0.3458846496987127,-0.44676315617302703,2.053155429796001,0.9788514304448691,-0.45067682629002453,-0.1942618850004652,-0.40258533447392264,-1.4622574330095306,-1.1534078618229207,-1.3085428075874554,-1.25711544371865,-1.0136965519207508,1.081428289036567,1.6516804044613385,0.23469508644662196,-0.6713059532664917,0.2744538969786276,-1.2732586636357526,-0.917486031504142,-0.9793650647910948,1.327994009546952,-1.2102763089858237,188,118,188,12,8,2,139,138,4,3,131,112,124,195,182,190,189,175,31,20,27,150,82,185,173,172,22,193
2,Joint Base Anacostia-Bolling,,38.84277777777778,-77.01611111111112,1,33.5,100,29.5,0.0,0.0,0.0,45,100,1031.3,1030.3,1.8,360,2.5,66.44285714285715,47.785714285714285,56.3,65.4,43.614285714285714,2.2142857142857144,0.7999999999999999,0.08,16.942857142857143,44.48571428571428,25730.16285714286,4.25,11.45142857142857,5.0,2.07,-1.2863525991158664,1.3229216886999646,-1.0855438892894518,-0.17352829709160011,-0.14265580790704105,-0.06917144638660745,2.2068103688445024,0.8447885134908151,1.4733759942193607,0.8800764486430402,-1.2561887473610367,2.0863361066194166,-1.5621783476652567,0.2062130809836665,0.017923517902311982,0.10110558607504884,0.34958297215784717,0.04239469155510133,-0.017080644425195045,-0.2789908131567674,0.016670707606547278,-0.6309584288858493,0.30949644121830366,-0.40028340405170093,-0.23011935241808756,-0.5190838600462431,0.6052605731141775,-0.46441765375063265,189,1,178,12,8,2,14,1,18,7,201,1,208,87,95,87,78,86,81,85,31,146,79,131,111,128,54,125
82,Duluth Air National Guard Base,,46.84222222222223,-92.19361111111112,1,33.5,97,26.9,0.0,0.0,0.0,3,100,1018.2,965.2,11.0,229,25.9,42.457142857142856,28.67142857142857,34.714285714285715,34.67142857142857,18.17142857142857,2.0142857142857142,1.6714285714285717,0.04,26.285714285714285,55.85714285714285,18733.62142857143,3.0285714285714285,7.642857142857143,3.0,0.8428571428571429,-1.2863525991158664,1.1766783716476787,-1.2343045156358718,-0.17352829709160011,-0.14265580790704105,-0.06917144638660745,-0.22985305794674837,0.8447885134908151,-0.3349836738886997,-0.4322197381526589,-0.24102303861400756,0.690269111749302,0.11278933805555907,-1.6576338870765985,-1.502194218346341,-1.6606634154336728,-1.6140581031548493,-1.5624675137610187,-0.09166418015974731,0.1458682931733355,-0.15774879546551246,0.46851161048664525,1.2713538624176965,-1.3543840615080174,-1.0085279757539507,-1.3826374785189914,-0.06929063422307856,-1.3836322661567004,189,11,189,12,8,2,19,1,124,167,109,49,84,204,201,205,204,203,88,62,37,54,20,190,179,200,87,205
72,Burlington Air National Guard Base,,44.47277777777778,-73.14666666666668,1,33.3,58,22.4,0.0,0.0,0.0,3,95,1030.0,1017.1,23.7,171,43.6,42.18571428571429,27.557142857142857,35.214285714285715,35.0,20.214285714285715,3.64,2.9714285714285715,0.4471428571428571,21.15714285714285,42.271428571428565,27706.42,3.685714285714286,11.332857142857142,3.571428571428572,1.2142857142857142,-1.2996639572263124,-0.7244847500320394,-1.491774830466214,-0.17352829709160011,-0.14265580790704105,-0.06917144638660745,-0.22985305794674837,0.7229440163527168,1.2939204546361232,0.6139887425646506,1.160347015852,0.072163114020549,1.3797520746905352,-1.6787256633679293,-1.590810947365321,-1.619854735716396,-1.5930614761291904,-1.4336099644290674,0.5145934174539699,0.7796745009772591,1.6175925750893811,-0.13502010837379205,0.12220008407520565,-0.13078621625505352,-0.5897350322048313,-0.5459686876281028,0.1234382821589948,-1.1054066558824542,191,169,198,12,8,2,19,101,29,62,22,92,21,205,204,202,203,200,49,38,15,103,92,110,139,133,79,178
3,Joint Base Andrews-Naval Air Facility Washington,,38.81083333333333,-76.86694444444444,1,33.2,100,28.5,0.0,0.0,0.0,45,100,1031.4,1021.2,3.8,17,4.0,65.44285714285715,46.55714285714286,55.21428571428572,64.17142857142856,41.7,1.9114285714285717,0.74,0.0699999999999999,17.95714285714286,48.75714285714286,26108.441428571427,4.428571428571429,11.734285714285717,5.285714285714286,2.0571428571428574,-1.306319636281535,1.3229216886999646,-1.1427595148073055,-0.17352829709160011,-0.14265580790704105,-0.06917144638660745,2.2068103688445024,0.8447885134908151,1.4871802664950136,0.6966371967253635,-1.0355005498073349,-1.5690148799488985,-1.4548086242216145,0.12850653675244642,-0.07978210640066566,0.012492452974677215,0.27107384501842663,-0.078352942084629,-0.13002142710894546,-0.3082434073631023,-0.02693416816146812,-0.5115970025931166,0.6707971559653126,-0.3486985120895411,-0.1163169221058267,-0.4549489701521671,0.701625031305214,-0.4740485402601255,192,1,182,12,8,2,14,1,17,40,185,205,207,92,101,95,81,98,93,89,34,129,56,127,103,122,46,126
131,Otis Air National Guard Base,,41.65861111111111,-70.5213888888889,1,33.1,72,24.7,0.0,0.0,0.0,2,70,1036.3,1031.8,14.1,161,23.4,44.67142857142857,30.657142857142865,38.05714285714286,39.471428571428575,24.02857142857143,6.175714285714286,5.875714285714286,0.1399999999999999,20.0,51.2,20511.105714285717,3.1785714285714284,9.675714285714289,7.0,1.092857142857143,-1.312975315336758,-0.04201593712137134,-1.36017889177515,-0.17352829709160011,-0.14265580790704105,-0.06917144638660745,-0.28786885382273053,0.1137215306622252,2.1635896080010677,0.9103136879701301,0.10104366759423047,-0.034406885587856685,-0.06616020101717765,-1.485569396278897,-1.3442746627868765,-1.3878282424667365,-1.3073247692147905,-1.1930157988931864,1.4602061026598996,2.1956393586315195,0.27829996221463643,-0.2711930031584581,0.8774273306199563,-1.1119930254608623,-0.9129339342916518,-0.9217084466034914,1.2798117804514335,-1.1963650284721115,193,127,194,12,8,2,119,125,3,6,76,103,98,198,195,192,195,190,20,7,25,113,43,178,172,165,24,191
65,Bangor Air National Guard Base,,44.814166666666665,-68.83083333333333,1,33.0,37,22.0,0.0,0.0,0.0,0,2,1033.2,1025.8,21.6,195,40.3,43.1,22.61428571428572,32.8,35.785714285714285,15.542857142857144,2.611428571428571,1.1928571428571428,0.992857142857143,19.1,48.6,26976.61,3.664285714285714,11.471428571428572,3.571428571428572,1.2100000000000002,-1.3196309943919808,-1.7481879693980413,-1.5146610806733554,-0.17352829709160011,-0.14265580790704105,-0.06917144638660745,-0.40390044557469484,-1.5433636304159117,1.7356571674564218,0.7893647306617706,0.9286244084206131,0.32793111308072265,1.1435386831145224,-1.607679680070814,-1.9839056683982306,-1.8169023606369614,-1.54285215063305,-1.728270234579753,0.13102094796198704,-0.0874559701390981,3.9971729384296255,-0.3771052546576432,0.657505156426125,-0.230308559962574,-0.6033913238423028,-0.5145490698517121,0.1234382821589948,-1.1086169513856183,194,193,201,12,8,2,161,179,12,22,32,67,27,202,206,206,201,205,69,77,6,120,59,116,141,126,79,179
19,Fort George G. Meade,,39.10694444444445,-76.74305555555556,1,32.7,99,27.5,0.0,0.0,0.0,45,100,1031.3,1022.5,5.6,27,6.8,64.34285714285714,45.02857142857143,53.82857142857143,63.08571428571428,40.3,2.475714285714286,1.0757142857142856,0.15,17.47142857142857,43.91428571428571,24669.65428571429,4.0,11.258571428571427,4.571428571428571,1.912857142857143,-1.3395980315576494,1.2741739163492027,-1.1999751403251595,-0.17352829709160011,-0.14265580790704105,-0.06917144638660745,2.2068103688445024,0.8447885134908151,1.4733759942193607,0.7228428041421738,-0.836881172009003,-1.4624448803404928,-1.2543851404601494,0.04302933809810367,-0.20134608082413763,-0.100605887956062,0.20169368615103267,-0.16666091295547705,0.08041069157068395,-0.14456817787527587,0.3219048379826518,-0.5687559954656929,0.26116189743943985,-0.5449022754709554,-0.38944275485525254,-0.5628121940649307,0.4607138858276225,-0.5821284888666597,195,5,186,12,8,2,14,1,18,34,169,199,194,95,111,107,87,107,75,81,24,137,84,141,119,134,64,139
92,Francis S. Gabreski Air National Guard Base,,40.83694444444445,-72.64222222222223,1,32.5,80,24.7,0.0,0.0,0.0,3,100,1034.5,1032.8,12.6,85,27.7,44.32857142857143,34.028571428571425,39.41428571428571,38.52857142857143,26.37142857142857,5.564285714285714,5.107142857142857,0.09,22.65714285714285,44.84285714285714,18147.932857142856,3.0785714285714287,8.147142857142857,7.142857142857143,0.9414285714285714,-1.3529093896680955,0.3479662416847247,-1.36017889177515,-0.17352829709160011,-0.14265580790704105,-0.06917144638660745,-0.22985305794674837,0.8447885134908151,1.9151127070396596,0.9304718475215235,-0.06447248057104601,-0.8443388826117398,0.24163300618792957,-1.5122116400153152,-1.0761522519089386,-1.2770618260912712,-1.3675759598101591,-1.0452351129460535,1.232193579128554,1.8209275566551335,0.06027558337456219,0.04150031079151674,0.33970553108009405,-1.4342529305441796,-0.9766632952665176,-1.2682959828997566,1.327994009546952,-1.3097954695839198,196,91,194,12,8,2,19,1,8,4,89,160,75,200,180,188,197,178,27,15,29,90,78,194,177,194,22,203
103,Harrisburg Air Station Middletown,,40.19361111111111,-76.76333333333334,1,32.4,96,26.6,0.0,0.0,0.0,3,100,1031.0,1019.5,7.4,129,19.8,60.84285714285714,42.22857142857144,50.4,59.21428571428572,37.114285714285714,3.66,1.8642857142857143,0.08,17.2,40.65714285714286,22376.05285714285,3.25,9.528571428571428,6.285714285714286,1.4985714285714289,-1.3595650687233185,1.1279305992969166,-1.2514692032912278,-0.17352829709160011,-0.14265580790704105,-0.06917144638660745,-0.22985305794674837,0.8447885134908151,1.4319631773924646,0.6623683254879941,-0.6382617942106711,-0.37543088433475486,-0.3238475372819184,-0.22894356671116659,-0.42402401528208605,-0.3804368345888175,-0.045701354020859015,-0.3676066017738344,0.5220517710274252,0.23989448883655481,0.016670707606547278,-0.6006977856003679,-0.014345002100084476,-0.8576749008150139,-0.8674129621667475,-0.9550715458918242,1.038900634973842,-0.8924570541725498,197,15,191,12,8,2,19,1,23,45,151,126,120,120,131,131,101,126,47,56,31,140,103,163,165,169,37,164
151,Stewart Air National Guard Base,,41.50416666666667,-74.10472222222222,1,30.7,89,23.6,0.1,0.0,0.07,73,100,1032.2,1014.3,10.2,132,25.9,45.34285714285714,32.57142857142857,38.65714285714286,41.52857142857143,26.785714285714285,4.378571428571428,3.707142857142857,0.29,11.442857142857145,25.82857142857143,16022.625714285716,2.4714285714285715,8.582857142857142,6.428571428571429,1.102857142857143,-1.4727116126621078,0.7866961928415827,-1.4231160798447893,1.0830559232268833,-0.14265580790704105,14.456832294800956,3.831252653372003,0.8447885134908151,1.5976144447000804,0.5575458958207482,-0.32929831763548845,-0.3434598844522332,0.11278933805555907,-1.4333950022950779,-1.192035666779912,-1.3388578268060043,-1.1758676260976226,-1.0191031623822313,0.7900197601308517,1.138367025173985,0.9323730987348607,-1.2781999658253147,-1.268626413161605,-1.7240756898314973,-1.3635915583282041,-1.1695023393760553,1.0870828640693604,-1.188874338964728,198,49,197,6,8,1,5,1,13,75,117,123,84,191,187,191,182,177,40,28,20,200,194,201,193,188,33,189
198,RAF Menwith Hill,,54.007777777777775,-35.028055555555554,1,30.7,73,12.3,0.1,0.0,0.0,85,100,1004.3,1004.3,51.0,254,79.6,39.67142857142857,32.2,35.214285714285715,22.814285714285717,13.8,5.857142857142857,2.085714285714286,0.08,63.614285714285714,97.62857142857142,22666.03142857143,2.335714285714286,8.055714285714286,18.714285714285715,1.481428571428571,-1.4727116126621078,0.0067318352293906595,-2.0696526481965374,1.0830559232268833,-0.14265580790704105,-0.06917144638660745,4.527442203883789,0.8447885134908151,-2.2537775202018584,0.3559643003068156,4.172740912460032,0.9566941107703162,3.9566254373379435,-1.8741021174349972,-1.221574576452905,-1.619854735716396,-2.37176246973297,-1.8382046472965228,1.341405185025577,0.3478504912646957,0.016670707606547278,4.861348327429043,4.804609012652654,-0.8181312565054937,-1.4500814053655222,-1.2890264523604678,5.230754566283934,-0.9052982361852079,198,118,208,6,8,2,2,1,210,108,2,39,1,207,189,202,209,206,23,50,31,1,1,160,194,196,1,165
112,Kingsley Field Air National Guard Base,,42.15611111111111,-121.73305555555557,1,30.6,100,25.8,0.0,0.0,0.0,45,100,1019.7,874.3,2.9,263,4.3,52.72857142857144,32.92857142857143,41.54285714285714,46.6,26.97142857142857,0.4642857142857143,0.4471428571428571,0.0128571428571428,16.82857142857143,24.32857142857143,35277.102857142854,4.9071428571428575,16.25857142857143,0.5714285714285714,2.137142857142857,-1.4793672917173304,1.3229216886999646,-1.2972417037055108,-0.17352829709160011,-0.14265580790704105,-0.06917144638660745,2.2068103688445024,0.8447885134908151,-0.12791958975418755,-2.264596441374308,-1.1348102387065007,1.0526071104178814,-1.433334679532886,-0.8594766684730655,-1.1636328690174182,-1.1033334467234357,-0.8517892524407156,-1.0073888397156903,-0.6696865821025267,-0.4510239267035467,-0.27610488683583895,-0.6444076036793966,-1.395504590581123,0.9016086555735142,0.18867359113103202,0.5708853545677107,-0.8883885288468896,-0.4141230242010573,200,1,193,12,8,2,14,1,104,199,195,34,204,165,186,179,169,174,141,100,40,147,200,56,89,67,165,119
152,Stratton Air National Guard Base,,42.8525,-73.9225,1,30.4,61,22.3,0.0,0.0,0.0,3,100,1031.1,1017.5,9.9,136,20.2,45.04285714285714,28.342857142857145,36.07142857142857,39.92857142857143,21.25714285714286,6.507142857142857,5.607142857142857,0.51,15.785714285714286,38.51428571428572,17113.584285714285,2.7785714285714285,8.785714285714286,7.571428571428571,1.0742857142857145,-1.4926786498277764,-0.5782414329797534,-1.4974963930179992,-0.17352829709160011,-0.14265580790704105,-0.06917144638660745,-0.22985305794674837,0.8447885134908151,1.4457674496680861,0.6220520063852075,-0.3624015472685436,-0.3008318846088709,-0.2952156110302806,-1.4567069655644442,-1.528324792287835,-1.5498969990582074,-1.2781120707443088,-1.3678295371477216,1.5838016761628715,2.064699175041258,1.8916803656311894,-0.7671313236705161,-0.19559954127082407,-1.5753044289329345,-1.1678513781911157,-1.1235066102601021,1.4725406968335066,-1.2102763089858237,201,164,199,12,8,2,19,1,21,58,119,122,116,192,203,200,192,199,14,9,13,170,113,199,189,182,14,193
23,Hanscom Air Force Base,,42.47,-71.28916666666666,1,29.7,56,21.5,0.0,0.0,0.0,3,100,1035.4,1030.3,9.5,209,23.8,45.35714285714285,31.314285714285717,37.81428571428571,40.62857142857143,24.985714285714288,4.788571428571428,4.231428571428571,0.3399999999999999,14.657142857142858,47.18571428571429,19057.53142857143,2.8857142857142857,9.797142857142855,7.285714285714286,1.1685714285714286,-1.5392684032143367,-0.8219802947335634,-1.5432688934322822,-0.17352829709160011,-0.14265580790704105,-0.06917144638660745,-0.22985305794674837,0.8447885134908151,2.0393511575203793,0.8800764486430402,-0.4065391867792841,0.4771291125324906,-0.037528274765539625,-1.432284908806061,-1.292013514903889,-1.4076496011865571,-1.2333801262113835,-1.1326419820733211,0.9429160083866838,1.3939789793102928,1.150397477574935,-0.8999419247567959,0.5378771605734368,-1.3102132741108825,-1.0995699200037592,-0.8941757918509855,1.37617623864247,-1.1396498079162076,202,171,202,12,8,2,19,1,5,7,124,57,95,190,193,194,186,186,33,23,19,187,66,187,185,163,17,183
130,North Smithfield Air National Guard Station,,41.97027777777778,-71.57555555555555,1,29.0,64,21.0,0.0,0.0,0.0,2,52,1035.0,1016.1,9.6,167,23.4,44.71428571428572,31.11428571428572,37.54285714285714,40.02857142857143,24.74285714285714,5.808571428571428,5.408571428571428,0.19,15.142857142857142,45.92857142857143,18846.384285714284,2.9,9.758571428571427,6.571428571428571,1.127142857142857,-1.585858156600897,-0.43199811592746734,-1.5718767061912091,-0.17352829709160011,-0.14265580790704105,-0.06917144638660745,-0.28786885382273053,-0.3249186590349287,1.9841340684178304,0.5938305830132574,-0.395504776901599,0.029535114177186725,-0.06616020101717765,-1.482239115811844,-1.3079190816508848,-1.4298028844616502,-1.2717217929538909,-1.1479607117141826,1.3232920406328998,1.9678870180250543,0.49632434105471157,-0.8427829318842199,0.4315411642599359,-1.339006875903527,-1.0904657255787784,-0.902921458654723,1.1352650931648784,-1.1706826644467967,203,156,204,12,8,2,119,135,7,68,122,97,98,197,194,195,191,188,25,11,23,181,72,189,184,164,28,187
160,Westover Air Reserve Base,,42.193888888888885,-72.53472222222221,1,27.8,69,21.2,0.0,0.0,0.0,3,100,1033.8,1024.6,4.4,171,16.9,44.114285714285714,28.428571428571427,36.31428571428571,39.9,22.714285714285715,6.164285714285714,5.292857142857143,0.5199999999999999,11.828571428571427,32.51428571428571,15750.63142857143,2.8000000000000003,9.14857142857143,7.0,1.1014285714285714,-1.6657263052635718,-0.18825925417365733,-1.5604335810876384,-0.17352829709160011,-0.14265580790704105,-0.06917144638660745,-0.22985305794674837,0.8447885134908151,1.8184828011102143,0.7651749392000978,-0.9692940905412241,0.072163114020549,-0.5314290026062931,-1.5288630423505767,-1.5215081208248369,-1.5300756403383875,-1.279937864398714,-1.2759171593025536,1.4559441863322107,1.9114713006271227,1.9352852413992039,-1.2328090008970929,-0.7031122509488965,-1.761166862587884,-1.1541950865536443,-1.0412325595879046,1.2798117804514335,-1.1899444374657828,204,140,203,12,8,2,19,1,9,24,182,92,134,201,202,199,193,197,21,13,12,197,153,202,187,175,24,190
70,Bradley Air National Guard Base,,41.93888888888888,-72.68333333333334,1,27.6,78,22.2,0.0,0.0,0.0,3,100,1033.8,1027.2,1.1,90,15.8,44.65714285714286,30.428571428571427,37.17142857142857,40.1,24.7,5.361428571428571,4.704285714285715,0.35,11.328571428571427,35.74285714285714,15382.124285714284,2.7142857142857144,8.852857142857143,6.285714285714286,1.1371428571428572,-1.6790376633740176,0.2504706969832007,-1.5032179555697847,-0.17352829709160011,-0.14265580790704105,-0.06917144638660745,-0.22985305794674837,0.8447885134908151,1.8184828011102143,0.817586154033723,-1.3334296165048325,-0.7910538828075371,-0.6101667997982971,-1.4866794897679143,-1.3624524533548732,-1.4601179036801983,-1.2671573088178782,-1.1506640169449227,1.1565445643120797,1.6245172812697422,1.1940023533429502,-1.2916491406188624,-0.4300220785983151,-1.8114192495517587,-1.2088202531035295,-1.1082826717498924,1.038900634973842,-1.1631919749394128,205,99,200,12,8,2,19,1,9,19,207,152,146,199,197,196,190,189,29,21,18,202,126,203,191,181,37,184
66,Barnes Air National Guard Base,,42.16555555555556,-72.72055555555556,1,27.4,62,20.9,0.0,0.0,0.0,3,100,1033.4,1023.2,3.3,139,18.0,44.971428571428575,29.557142857142857,37.02857142857143,40.68571428571429,23.514285714285712,6.392857142857143,5.45,0.53,12.471428571428572,34.971428571428575,17125.154285714285,2.7785714285714285,9.21,7.285714285714286,1.1342857142857143,-1.6923490214844636,-0.5294936606289914,-1.5775982687429946,-0.17352829709160011,-0.14265580790704105,-0.06917144638660745,-0.22985305794674837,0.8447885134908151,1.7632657120076964,0.7369535158281499,-1.0906725991957604,-0.26886088472634917,-0.45269120541428887,-1.4622574330095306,-1.4317552798953572,-1.471777526456563,-1.2297285389025732,-1.2254554616620694,1.5411825128859846,1.9880852378341904,1.9788901171672193,-1.157157392683389,-0.49527371269978093,-1.573726657298268,-1.1678513781911157,-1.0273042754189894,1.37617623864247,-1.1653321719415226,206,160,205,12,8,2,19,1,11,29,192,119,127,195,200,197,185,193,16,10,11,193,132,198,189,173,17,186
181,Chièvres Air Base,,50.58583333333333,58.06388888888888,1,26.6,93,15.8,0.0,0.0,0.0,3,100,1016.9,962.3,22.9,196,32.8,28.24285714285714,21.17142857142857,25.042857142857144,17.6,11.357142857142858,1.7571428571428571,0.0,1.12,27.314285714285717,40.9,13219.01,4.178571428571429,9.035714285714286,7.285714285714286,0.4985714285714286,-1.7455944539262465,0.9816872822446306,-1.8693979588840492,-0.17352829709160011,-0.14265580790704105,-0.06917144638660745,-0.22985305794674837,0.8447885134908151,-0.514439213471953,-0.49067840085170117,1.072071736830519,0.3385881130415632,0.6066900658963124,-2.762176908648941,-2.098652971358705,-2.45001987739357,-2.7049698116619023,-1.9922930454487162,-0.18755729753274297,-0.6690254025745666,4.5515777874801016,0.5895541836285717,0.006197179005932495,-2.106397673280545,-0.2756403245429917,-1.06682173282847,1.37617623864247,-1.641526004910906,207,29,206,12,8,2,19,1,142,171,28,64,53,210,208,210,210,208,97,140,4,44,101,207,114,176,17,210
188,Łask Air Base,,51.55138888888889,76.31944444444444,1,20.4,91,13.6,0.0,0.0,0.0,71,79,1025.6,1006.2,4.7,238,6.5,32.300000000000004,22.5,27.542857142857144,23.74285714285714,13.285714285714286,0.6285714285714287,0.2142857142857142,0.25,25.1,38.71428571428572,25918.077142857142,4.064285714285714,10.33,3.7142857142857135,0.8042857142857143,-2.1582465553500665,0.8841917375431066,-1.9952723350233272,-0.17352829709160011,-0.14265580790704105,-0.06917144638660745,3.7152210616200385,0.3330416255108022,0.6865324745082081,0.39426480345446463,-0.9361908609081687,0.7861821113968671,-1.2758590851488778,-2.4469103577679907,-1.992994563682229,-2.245976478807186,-2.312424175964804,-1.8706443100654055,-0.6084215348920018,-0.5645518518376561,0.7579535956628011,0.3289764220035919,-0.17868245094822144,-0.3746580082220875,-0.34847387994283885,-0.773356024525278,0.1716205112545126,-1.41252492568518,208,41,207,12,8,2,6,116,59,107,180,45,198,209,207,209,208,207,130,116,21,65,111,128,117,153,75,207
41,Minot Air Force Base,,48.41583333333333,-101.35805555555557,1,18.6,88,11.0,0.0,0.0,0.0,1,37,1018.6,955.2,7.2,127,7.9,41.81428571428571,21.071428571428573,31.12857142857143,32.05714285714286,10.614285714285714,0.0428571428571428,0.0428571428571428,0.0,27.32857142857143,47.614285714285714,32026.145714285714,3.5142857142857147,11.462857142857144,0.4285714285714285,1.47,-2.2780487783440786,0.7379484204908207,-2.1440329613697475,-0.17352829709160011,-0.14265580790704105,-0.06917144638660745,-0.3458846496987127,-0.6904521504492237,-0.2797665847861663,-0.6338013336665914,-0.6603306139660413,-0.396744884256436,-1.1756473432681454,-1.707588094082383,-2.106605754732203,-1.9533199471204294,-1.7811182225329167,-2.03915033611488,-0.8268447466860476,-0.6481306924271845,-0.3321682985375722,0.5912353304777649,0.5741280684075845,0.45828385302237334,-0.6989853653046014,-0.5164925513636535,-0.9365707579424078,-0.9138590241936461,209,50,209,12,8,2,139,146,121,176,152,128,185,206,209,207,206,209,173,134,43,43,64,85,151,127,166,166
22,Grand Forks Air Force Base,,47.96111111111112,-97.40111111111112,1,15.5,91,6.6,0.0,0.0,0.0,3,91,1019.2,983.8,11.2,327,16.2,36.17142857142857,19.857142857142858,28.1,28.51428571428572,9.457142857142856,1.0714285714285714,0.3285714285714285,0.44,28.457142857142856,51.957142857142856,23064.08,3.542857142857143,10.577142857142857,2.571428571428572,0.8085714285714286,-2.4843748290559886,0.8841917375431066,-2.395781713648304,-0.17352829709160011,-0.14265580790704105,-0.06917144638660745,-0.22985305794674837,0.6254684186422381,-0.1969409511323583,-0.05727797049674615,-0.21895421885863744,1.7346551079116777,-0.5815348735466593,-2.1460750222442675,-2.203175267124681,-2.200503949979363,-2.00751663567915,-2.1121395773448666,-0.4432722771940648,-0.5088326247779704,1.5864462352550848,0.7240459315640445,0.9414706011269506,-0.763850379649871,-0.6807769764546397,-0.7173189742642933,-0.21383732150963322,-1.4093146301820154,210,41,210,12,8,2,19,106,111,148,104,20,141,208,210,208,207,210,113,106,16,33,38,158,150,149,100,206
168,Punta Borinquen Radar Station,,18.485,-67.14888888888889,2,87.7,45,91.6,0.0,0.0,0.0,2,61,1016.5,1007.8,13.7,90,20.9,84.37142857142858,74.65714285714286,78.39999999999999,86.38571428571429,77.32857142857142,3.971428571428572,0.0,0.0,28.15714285714285,44.471428571428575,38432.91142857143,7.335714285714286,19.267142857142854,5.285714285714286,4.635714285714286,2.3210254488149467,-1.3582057905919453,2.46754645536927,-0.17352829709160011,-0.14265580790704105,-0.06917144638660745,-0.28786885382273053,-0.10559856418635176,-0.5696563025744865,0.426517858736692,0.05690602808349004,-0.7910538828075371,-0.24510974008991437,1.5993804097005409,2.1549500215523247,1.9048492295786836,1.6906284113184002,2.1689948064040867,0.6381889909569423,-0.6690254025745666,-0.3321682985375722,0.6887418477309822,0.30828807762383287,1.3319582881091812,1.7363866433777777,1.2530473652592362,0.701625031305214,1.4574792541437778,1,188,1,12,8,2,119,129,149,100,81,152,109,7,4,6,6,7,45,140,43,39,80,16,10,33,46,21
172,St Croix Air National Guard Station,,17.706666666666667,-3.08,2,87.0,20,83.4,0.0,0.0,0.0,3,100,1010.3,979.7,5.4,86,10.1,92.35714285714286,73.64285714285714,82.47142857142856,86.25714285714285,67.55714285714285,0.0428571428571428,0.0,0.0,18.414285714285715,29.0,33638.73428571429,6.9071428571428575,20.374285714285715,0.4285714285714285,7.388571428571429,2.274435695428386,-2.576900099360995,1.9983783261228691,-0.17352829709160011,-0.14265580790704105,-0.06917144638660745,-0.22985305794674837,0.8447885134908151,-1.4255211836638098,-0.13992642465745667,-0.8589499917643731,-0.8336818826508993,-1.0181717488841369,2.2199226700612837,2.0742860759068424,2.2371484787050804,1.682412339873577,1.5526412137953127,-0.8268447466860476,-0.6690254025745666,-0.3321682985375722,-0.4578003034189274,-1.0003696951889098,0.6781884776021055,1.4632608106283518,1.5040803938850362,-0.9365707579424078,3.5195590656763653,2,204,6,12,8,2,19,1,195,152,170,158,180,1,5,2,7,15,173,140,43,127,172,73,14,14,166,1
167,Muñiz Air National Guard Base,,18.439444444444444,-66.00194444444445,2,86.6,49,87.4,0.0,0.0,0.0,2,76,1017.5,1017.4,25.2,100,48.2,85.8,72.5,77.82857142857142,87.45714285714287,78.2,0.3428571428571428,0.0,0.0,24.77142857142857,50.142857142857146,39350.92428571428,8.207142857142857,19.714285714285715,2.857142857142857,4.507142857142857,2.247812979207494,-1.1632147011888974,2.2272408281942844,-0.17352829709160011,-0.14265580790704105,-0.06917144638660745,-0.28786885382273053,0.2599349272279432,-0.431613579818145,0.6200361904300677,1.3258631640172764,-0.6844838831991313,1.7090192265843709,1.710389758602283,1.9833971230668637,1.8582107384732247,1.7590956733585927,2.2239620127624717,-0.7149694430842193,-0.6690254025745666,-0.3321682985375722,0.2903100444721428,0.7880084246290578,1.457145379402112,2.2917425033016094,1.3544323174655277,-0.11747286331859683,1.361170389048846,3,183,4,12,8,2,119,121,135,59,19,147,11,6,7,8,5,6,147,140,43,70,51,1,4,28,91,23
165,Guantanamo Bay Naval Base,,19.9,-75.15,2,85.7,56,90.7,0.0,0.0,0.0,1,37,1016.3,1012.3,16.2,90,25.9,88.32857142857142,69.38571428571429,78.37142857142858,89.92857142857143,74.77142857142857,0.0857142857142857,0.0,0.0,27.11428571428572,45.04285714285714,38797.70857142857,7.821428571428571,21.78,0.8571428571428571,5.114285714285714,2.1879118677104885,-0.8219802947335634,2.4160523924032016,-0.17352829709160011,-0.14265580790704105,-0.06917144638660745,-0.3458846496987127,-0.6904521504492237,-0.597264847125761,0.5172295767179617,0.3327662750256175,-0.7910538828075371,0.11278933805555907,1.9068763061583676,1.73572472657792,1.902517305023412,1.917026824464634,2.0076975943032527,-0.8108625604572148,-0.6690254025745666,-0.3321682985375722,0.5660181277398644,0.35662262140269607,1.3817047517571852,2.045929253827126,1.8228113618434703,-0.7920240706558529,1.8159622519971332,4,171,2,12,8,2,139,146,151,80,65,152,84,2,11,7,2,8,167,140,43,48,77,7,7,5,153,11
169,Punta Salinas Air National Guard Station,,18.375,-66.26166666666667,2,83.3,47,82.8,0.0,0.0,0.0,2,75,1017.5,1004.0,23.7,100,51.8,82.35714285714286,68.55714285714285,73.98571428571428,82.44285714285715,72.51428571428572,0.3857142857142857,0.0,0.0,23.47142857142857,54.0,38686.02142857143,8.15,18.641428571428573,2.2857142857142856,4.085714285714286,2.0281755703851383,-1.2607102458904214,1.9640489508121564,-0.17352829709160011,-0.14265580790704105,-0.06917144638660745,-0.28786885382273053,0.2355660278003235,-0.431613579818145,0.34991685244139853,1.160347015852,-0.6844838831991313,1.9667065628491114,1.442857227749083,1.6698302357689345,1.5445668857890114,1.4386688870104956,1.8653235188176007,-0.6989872568553867,-0.6690254025745666,-0.3321682985375722,0.13732568119554223,1.1142665951363895,1.3664742585889096,2.2553257256016863,1.1111732148874953,-0.31020177970067003,1.0454913312376823,5,186,10,12,8,2,119,122,135,109,22,147,9,13,12,13,19,10,145,140,43,79,26,10,6,42,108,32
178,Camp Simba,,-2.165555555555556,8.681388888888888,2,82.1,82,89.3,0.0,0.0,0.0,3,100,1008.5,1008.5,16.8,189,24.8,83.64285714285714,81.41428571428571,82.55714285714285,93.65714285714286,89.64285714285714,10.285714285714286,0.0,0.0,17.95714285714286,24.385714285714283,35648.91714285714,8.157142857142857,20.40142857142857,10.714285714285714,4.265714285714286,1.9483074217224634,0.44546178638624867,2.335950516678206,-0.17352829709160011,-0.14265580790704105,-0.06917144638660745,-0.22985305794674837,0.8447885134908151,-1.673998084625218,0.44062857042266823,0.3989727342917283,0.2639891133156792,0.034051540863555066,1.542765641760651,2.6923309552187016,2.2441442523708997,2.155292896364501,2.9457445093701145,2.9928977620049477,-0.6690254025745666,-0.3321682985375722,-0.5115970025931166,-1.390671136203237,0.9523120292436801,2.2598778228141763,1.5102347520061845,2.5325497369349086,1.1803237423705861,6,81,3,12,8,2,19,1,206,97,57,77,93,8,1,1,1,1,4,140,43,129,199,51,5,13,4,27
166,Hato International Airport,,12.18888888888889,-68.95972222222223,2,81.7,72,82.9,0.0,0.0,0.0,2,45,1012.0,1011.2,38.8,107,53.6,81.45714285714287,79.10000000000001,80.11428571428571,83.62857142857142,80.25714285714287,0.9142857142857144,0.0,0.0,34.714285714285715,46.65714285714286,38440.13285714285,8.514285714285714,21.697142857142858,6.428571428571429,5.032857142857142,1.9216847055015724,-0.04201593712137134,1.969770513363942,-0.17352829709160011,-0.14265580790704105,-0.06917144638660745,-0.28786885382273053,-0.49550095502826635,-1.190848554978023,0.49505560121143094,2.82654290738245,-0.6098848834732473,2.095550230981482,1.3729213379409855,2.5082808257177445,2.044764702895062,1.5144393236683065,2.3537206638380037,-0.5018736266997843,-0.6690254025745666,-0.3321682985375722,1.4603882515107616,0.4931677075779874,1.3329430560574749,2.487482683438698,1.8040243738947006,1.0870828640693604,1.7549666374370096,7,127,8,12,8,2,119,140,184,84,6,142,7,14,2,3,13,2,118,140,43,16,69,15,3,6,33,14
207,Al Dhafra Air Base,,24.24805555555556,54.5475,2,81.2,49,82.3,0.0,0.0,0.0,1,36,1010.1,1007.8,8.9,14,18.4,81.25714285714285,71.64285714285714,75.52857142857144,80.94285714285715,71.55714285714285,0.1285714285714286,0.0,0.0,21.2,32.8,35214.83857142857,7.114285714285714,18.68,0.8571428571428571,4.685714285714286,1.8884063102254578,-1.1632147011888974,1.9354411380532293,-0.17352829709160011,-0.14265580790704105,-0.06917144638660745,-0.3458846496987127,-0.7148210498768434,-1.4531297282150686,0.426517858736692,-0.47274564604539465,-1.6009858798314203,-0.4240592791626511,1.3573800290947402,1.9152304084368788,1.6704908117737527,1.3428147201542273,1.8049497019977347,-0.7948803742283823,-0.6690254025745666,-0.3321682985375722,-0.1299766678262112,-0.6789449790594646,0.8931178324228853,1.5952716297905738,1.1199188816912324,-0.7920240706558529,1.4949327016806955,8,183,12,12,8,2,139,149,197,100,136,206,125,17,10,11,27,11,159,140,43,102,148,57,12,41,153,19
170,Queen Beatrix International Airport,,12.501388888888888,-70.01527777777778,2,81.1,76,82.8,0.0,0.0,0.0,2,46,1011.6,1010.7,39.0,104,52.6,80.68571428571428,79.07142857142857,79.87142857142858,83.22857142857143,79.22857142857143,0.3,0.0,0.0,37.15714285714286,50.24285714285714,38839.66,8.564285714285715,22.86428571428572,2.571428571428572,5.072857142857143,1.8817506311702343,0.15297515228167666,1.9640489508121564,-0.17352829709160011,-0.14265580790704105,-0.06917144638660745,-0.28786885382273053,-0.4711320556006467,-1.2460656440805564,0.4849765214357343,2.8486117271378206,-0.641855883355769,2.0239704153523874,1.312976289534043,2.506008601896744,2.0249433441752425,1.4888782125066355,2.2888413383002373,-0.7309516293130518,-0.6690254025745666,-0.3321682985375722,1.7478643627228359,0.7964669697903586,1.387425561958892,2.5193473639261312,2.068661773104093,-0.21383732150963322,1.7849293954665446,9,111,10,12,8,2,119,139,186,88,5,145,8,25,3,4,15,4,150,140,43,12,50,6,2,1,100,12
104,Homestead Air Reserve Base,,25.488333333333333,-80.38361111111112,2,79.2,73,82.9,0.0,0.0,0.0,1,25,1022.0,1021.9,21.7,71,29.5,80.78571428571429,72.38571428571429,75.62857142857142,83.0,73.77142857142857,0.9857142857142858,0.0,0.0,26.3,36.21428571428572,39145.00428571429,7.121428571428572,20.11428571428572,2.4285714285714284,4.452857142857143,1.7552927291209999,0.0067318352293906595,1.969770513363942,-0.17352829709160011,-0.14265580790704105,-0.06917144638660745,-0.3458846496987127,-0.9828789435806596,0.1895786725853915,0.7107479084113374,0.939658818298298,-0.9935368820635079,0.37047667432030007,1.3207469439571657,1.9743082277828656,1.6786525477172063,1.4742718632713947,1.9446204722526474,-0.47523664965173,-0.6690254025745666,-0.3321682985375722,0.4701927573358389,-0.3901460799807514,1.4290645898592833,1.5998237270030646,1.4451281213561402,-0.2620195506051518,1.320506646008764,10,118,8,12,8,2,139,154,82,36,30,179,68,23,8,10,17,9,115,140,43,53,125,5,11,19,103,24
177,Camp Lemonnier,,11.543611111111112,43.14861111111111,2,79.0,77,84.3,0.0,0.0,0.0,1,38,1010.9,1009.3,12.9,77,27.7,87.55714285714285,73.14285714285714,78.65714285714286,89.85714285714286,79.81428571428572,0.0571428571428571,0.0,0.0,24.74285714285714,41.3,39338.41571428572,7.521428571428571,20.29142857142857,0.4285714285714285,4.715714285714285,1.7419813710105538,0.20172292463243865,2.0498723890889368,-0.17352829709160011,-0.14265580790704105,-0.06917144638660745,-0.3458846496987127,-0.666083251021604,-1.3426955500100017,0.4567550980637819,-0.03136925093799064,-0.9295948822984644,0.24163300618792957,1.8469312577514263,2.0345221590393514,1.925836550576141,1.9124623403286214,2.325786509787021,-0.8215173512764368,-0.6690254025745666,-0.3321682985375722,0.286947750773756,0.04003135965113717,1.4554396171557695,1.8547411709025283,1.485293405936266,-0.9365707579424078,1.5174047702028457,11,106,5,12,8,2,139,144,190,93,85,171,75,3,6,5,3,3,170,140,43,71,98,2,8,16,166,18
180,Chabelley Airfield,,11.516666666666667,43.06666666666667,2,78.2,77,83.0,0.0,0.0,0.0,1,38,1010.9,1000.8,12.9,77,27.7,86.72857142857143,72.25714285714285,77.81428571428572,88.61428571428571,78.5,0.0571428571428571,0.0,0.0,24.74285714285714,41.3,39338.41571428572,7.521428571428571,20.29142857142857,0.4285714285714285,4.659999999999999,1.6887359385687708,0.20172292463243865,1.9754920759157273,-0.17352829709160011,-0.14265580790704105,-0.06917144638660745,-0.3458846496987127,-0.666083251021604,-1.3426955500100017,0.2854107418769392,-0.03136925093799064,-0.9295948822984644,0.24163300618792957,1.782545835388416,1.9640832205883676,1.8570447761955888,1.8330403163619988,2.242885149377653,-0.8215173512764368,-0.6690254025745666,-0.3321682985375722,0.286947750773756,0.04003135965113717,1.4554396171557695,1.8547411709025283,1.485293405936266,-0.9365707579424078,1.4756709286617085,12,106,7,12,8,2,139,144,190,116,85,171,75,5,9,9,4,5,170,140,43,71,98,2,8,16,166,20
85,Ellington Field Joint Reserve Base,,29.607222222222223,-95.1588888888889,2,76.3,73,77.2,0.0,0.0,0.0,1,27,1019.0,1017.9,21.2,165,33.1,80.88571428571429,68.2,73.0,83.04285714285713,70.97142857142858,0.2642857142857143,0.2642857142857143,0.0,21.74285714285714,41.92857142857143,32567.67714285714,6.642857142857143,17.427142857142858,0.7142857142857143,3.521428571428572,1.5622780365195352,0.0067318352293906595,1.6436414479121753,-0.17352829709160011,-0.14265580790704105,-0.06917144638660745,-0.3458846496987127,-0.9341411447254203,-0.22454949568363286,0.6301152702057644,0.8844867689098725,0.00822111425550559,0.628164010585041,1.3285175983802873,1.6414274380064418,1.4641154886320948,1.4770105537530016,1.7680045305109522,-0.7442701178370791,-0.5401746899990436,-0.3321682985375722,-0.06609308755686157,0.09319935780788796,0.5321311241788528,1.294833213766206,0.8358466673624252,-0.8402062997513712,0.6228024233210385,13,118,15,12,8,2,139,153,115,54,35,100,51,21,13,16,16,12,152,113,43,98,94,79,21,60,160,51
127,Naval Air Station Joint Reserve Base New Orleans,,29.82527777777777,-90.035,2,76.2,70,78.9,0.0,0.0,0.0,0,9,1021.7,1021.9,16.1,132,20.9,83.37142857142858,65.2,73.02857142857144,84.35714285714286,68.41428571428571,1.3857142857142857,0.0,0.0,19.785714285714285,30.5,36579.69571428571,6.15,17.47142857142857,1.4285714285714286,3.835714285714286,1.5556223574643129,-0.13951148182289533,1.7409080112925268,-0.17352829709160011,-0.14265580790704105,-0.06917144638660745,-0.40390044557469484,-1.372781334422574,0.14816585575849534,0.7107479084113374,0.32173186514793267,-0.3434598844522332,-0.24510974008991437,1.5216738654693207,1.4028439368014962,1.4664474131873686,1.5609970618556377,1.6067073184101177,-0.32606957818262566,-0.6690254025745666,-0.3321682985375722,-0.2964102058963595,-0.8734915177693919,1.0792399487039634,0.9807385061043665,0.8458879885074571,-0.5992951542737798,0.858224093553093,14,138,14,12,8,2,161,167,86,36,67,123,109,10,17,15,12,13,106,140,43,115,165,38,36,59,134,37
36,MacDill Air Force Base,,27.849444444444444,-82.52111111111111,2,74.9,75,80.2,0.0,0.0,0.0,1,28,1023.4,1023.0,10.5,52,21.2,81.28571428571429,65.3,72.01428571428572,85.10000000000001,66.5,0.8571428571428571,0.0,0.0,21.457142857142856,35.42857142857143,37937.287142857145,7.042857142857143,20.544285714285717,0.8571428571428571,4.2057142857142855,1.4690985297464152,0.10422737993091466,1.8152883244657367,-0.17352829709160011,-0.14265580790704105,-0.06917144638660745,-0.3458846496987127,-0.9097722452978007,0.3828384844442664,0.7329218839178704,-0.29619508800243305,-1.1960198813194787,-0.22363579540118592,1.3596002160727758,1.410796720174994,1.383664091475178,1.608467696870171,1.4859596847703873,-0.5231832083382278,-0.6690254025745666,-0.3321682985375722,-0.0997160245407298,-0.45660607767668987,1.2643712579059068,1.5497506576656697,1.5426261105385464,-0.7920240706558529,1.1353796053262843,15,113,13,12,8,2,139,152,71,30,114,189,108,15,16,19,11,19,121,140,43,100,130,22,13,11,153,28
171,Soto Cano Air Base,,14.3825,-87.6211111111111,2,74.4,60,76.0,0.0,0.0,0.0,1,33,1016.8,946.7,15.4,344,36.0,83.32857142857142,64.51428571428572,72.48571428571428,85.17142857142858,67.15714285714286,3.6571428571428575,0.0142857142857142,0.0,13.657142857142857,31.028571428571432,39300.380000000005,8.67142857142857,22.172857142857143,4.0,4.567142857142857,1.4358201344703008,-0.6269892053305154,1.5749826972907506,-0.17352829709160011,-0.14265580790704105,-0.06917144638660745,-0.3458846496987127,-0.7879277481597023,-0.5282434857475903,-0.8051456898534342,0.24449099600413685,1.9158241072459674,0.8357454759094155,1.5183435850022673,1.348310565097509,1.422140846637181,1.6130321810061836,1.527410364975071,0.520986291945503,-0.6620604991921059,-0.3321682985375722,-1.0176222042003353,-0.8287820647739425,1.4502527830067387,2.587628822113487,1.9118875978074632,0.26798496944554945,1.4061145260931471,16,166,16,12,8,2,139,151,144,179,70,13,41,11,22,17,10,18,48,139,43,191,159,4,1,2,73,22
50,Joint Base San Antonio,,29.448888888888888,-98.44888888888887,2,72.9,65,72.2,0.0,0.0,0.0,3,100,1016.0,989.7,16.2,180,26.6,86.88571428571429,67.4,74.57142857142857,85.48571428571428,67.9,0.6285714285714284,0.0428571428571428,0.0,25.47142857142857,46.271428571428565,27308.70857142857,5.371428571428572,13.477142857142857,1.4285714285714286,4.027142857142858,1.3359849486419573,-0.38325034357670534,1.3575633203229063,-0.17352829709160011,-0.14265580790704105,-0.06917144638660745,-0.22985305794674837,0.8447885134908151,-0.6386776639526572,0.0616551708564759,0.3327662750256175,0.16807611366811412,0.16289520899592555,1.794756863767608,1.5778051710184566,1.5923713391721075,1.633115911204639,1.5742676556412354,-0.6084215348920018,-0.6481306924271845,-0.3321682985375722,0.3726862400826206,0.4605418905272536,-0.18502111779202157,0.4845599099429099,-0.0597743960573614,-0.5992951542737798,1.0016172926944356,17,154,17,12,8,2,19,1,155,132,65,86,80,4,14,12,8,14,131,134,43,62,71,114,74,99,134,34
78,Dallas Air Guard Station,,32.74,-96.97,2,71.5,73,69.1,0.0,0.0,0.0,3,100,1014.2,997.1,25.8,195,45.4,76.78571428571429,64.71428571428571,69.91428571428571,78.05714285714285,64.05714285714285,18.354285714285712,11.585714285714284,0.0,23.4,49.35714285714285,19868.97428571429,3.9642857142857135,10.055714285714286,7.285714285714286,2.648571428571429,1.2428054418688361,0.0067318352293906595,1.1801948812175589,-0.17352829709160011,-0.14265580790704105,-0.06917144638660745,-0.22985305794674837,0.8447885134908151,-0.8871545649140655,0.21082555153678553,1.3920696232833873,0.32793111308072265,1.5085957428229055,1.0099207670322854,1.3642161318445043,1.2122676366626146,1.1584095610593101,1.3318712866181934,6.001810689353166,4.97951124060106,-0.3321682985375722,0.12891994694957495,0.7215484269331187,-1.1995588641581767,-0.41220324091770516,-0.8355474329074113,1.37617623864247,-0.031027760823440602,18,118,21,12,8,2,19,1,166,123,17,67,15,41,20,24,36,23,1,2,43,80,53,183,122,160,17,100
21,Goodfellow Air Force Base,,31.42944444444445,-100.39888888888888,2,71.2,54,65.6,0.0,0.0,0.0,0,4,1010.7,946.7,25.8,195,44.6,78.07142857142857,60.34285714285714,68.24285714285715,75.67142857142858,58.0,5.828571428571428,0.3,0.0,30.7,52.75714285714286,24247.61571428572,4.928571428571429,12.42,5.857142857142857,3.564285714285714,1.2228384047031677,-0.9194758394350874,0.9799401919050705,-0.17352829709160011,-0.14265580790704105,-0.06917144638660745,-0.40390044557469484,-1.4946258315606724,-1.3703040945612606,-0.8051456898534342,1.3920696232833873,0.32793111308072265,1.45133189031963,1.1098291810438534,1.0165658872315841,1.075850050179147,1.0059557909164845,0.9498041473402405,1.3307503942063552,-0.5227624315428918,-0.3321682985375722,0.9879859868874111,1.0091389624173606,-0.602454607945908,0.20232988276850325,-0.299470449196834,0.894353947687287,0.6549053783526818,19,175,31,12,8,2,161,174,192,179,17,67,19,36,39,38,46,44,24,107,43,29,34,149,87,115,43,47
13,Dyess Air Force Base,,32.420833333333334,-99.85472222222222,2,70.9,62,64.6,0.0,0.0,0.0,0,6,1009.4,948.2,32.8,193,57.6,75.58571428571429,58.01428571428572,66.0,71.89999999999999,53.82857142857143,2.7,0.0714285714285714,0.0,35.128571428571426,60.57142857142857,27802.26,4.835714285714286,13.072857142857144,5.0,3.63,1.2028713675374991,-0.5294936606289914,0.9227245663872167,-0.17352829709160011,-0.14265580790704105,-0.06917144638660745,-0.40390044557469484,-1.445888032705433,-1.549759634144514,-0.7749084505263443,2.164478314721344,0.3066171131590415,2.381869493497861,0.9166729139548212,0.8313796458201269,0.8927939725902193,0.7649510285350088,0.6866824382148576,0.16405079950157458,-0.6342008856622631,-0.3321682985375722,1.5091415101373702,1.6701138485933251,-0.11771675787420259,0.14315261900612788,-0.15144194070394323,0.6052605731141775,0.7041299094012025,20,160,35,12,8,2,161,169,202,178,9,71,6,51,49,50,59,54,67,127,43,15,6,109,94,103,54,44
81,Duke Field,,30.650277777777777,-86.52277777777778,2,70.6,69,70.1,0.0,0.0,0.0,0,12,1024.3,1017.4,16.3,137,30.2,79.65714285714286,60.5,68.58571428571429,81.55714285714285,61.72857142857144,0.0,0.0,0.0,18.485714285714288,28.742857142857144,38675.45285714285,6.571428571428571,20.047142857142852,0.0,3.8114285714285714,1.1829043303718296,-0.18825925417365733,1.2374105067354126,-0.17352829709160011,-0.14265580790704105,-0.06917144638660745,-0.40390044557469484,-1.2996746361397151,0.5070769349249705,0.6200361904300677,0.3438006849033028,-0.2901748846480303,0.4205825452606663,1.2330495583247885,1.0290631182470813,1.1038331448424226,1.3820692837239361,1.184991702414642,-0.8428269329148801,-0.6690254025745666,-0.3321682985375722,-0.4493945691729601,-1.0221202398893987,1.365033049235499,1.2493122416413014,1.4299041828459278,-1.0811174452289627,0.8400324190351613,21,140,19,12,8,2,161,164,66,59,63,121,66,29,38,34,24,32,182,140,43,126,178,11,25,22,182,38
91,Naval Air Station Joint Reserve Base Fort Worth,,32.76916666666666,-97.44166666666668,2,70.5,75,68.7,0.0,0.0,0.0,3,100,1013.3,990.9,23.1,191,45.7,76.08571428571429,62.75714285714286,68.8,76.25714285714285,61.471428571428575,7.828571428571428,4.1,0.0,28.3,54.05714285714286,17529.002857142856,3.75,9.198571428571428,6.0,2.59,1.1762486513166073,0.10422737993091466,1.157308631010418,-0.17352829709160011,-0.14265580790704105,-0.06917144638660745,-0.22985305794674837,0.8447885134908151,-1.0113930153947854,0.08584496231814642,1.0941405565858897,0.28530311323736035,1.5300696875116342,0.9555261860704312,1.2085688001060406,1.1213225790069692,1.0433845608317884,1.1687718710302,2.076585751551877,1.3299018681916541,-0.3321682985375722,0.7055533162229173,1.119100049514276,-1.5186548491132534,-0.5487661572924175,-1.0298955841015784,0.9425361767828054,-0.0749017993666876,22,113,22,12,8,2,19,1,172,128,27,75,14,47,24,32,43,35,6,24,43,38,25,197,135,174,41,102
58,Tyndall Air Force Base,,30.078611111111112,-85.57638888888889,2,70.4,75,71.6,0.0,0.0,0.0,1,21,1024.5,1023.7,15.4,106,24.8,78.48571428571428,62.34285714285715,69.15714285714286,80.81428571428572,62.85714285714285,0.0,0.0,0.0,18.842857142857145,27.67142857142857,37886.71428571428,6.707142857142857,20.110000000000003,0.0,3.7714285714285714,1.1695929722613847,0.10422737993091466,1.3232339450121935,-0.17352829709160011,-0.14265580790704105,-0.06917144638660745,-0.3458846496987127,-1.0803545412911382,0.5346854794762451,0.7470325956038466,0.24449099600413685,-0.6205418834340879,0.034051540863555066,1.1420218922253587,1.1756215547015483,1.1504716359478815,1.334598648709404,1.2561787401574667,-0.8428269329148801,-0.6690254025745666,-0.3321682985375722,-0.40736589794312467,-1.1127475094747687,1.2574747652970861,1.3358020886786197,1.4441563806001685,-1.0811174452289627,0.810069661005627,23,113,18,12,8,2,139,155,64,26,70,143,93,35,26,31,29,26,182,140,43,122,183,23,18,20,182,41
5,Barksdale Air Force Base,,32.50194444444445,-93.66277777777778,2,70.1,80,69.8,0.0,0.0,0.0,3,100,1018.0,1012.3,20.0,172,37.8,80.85714285714286,64.55714285714285,72.1,81.47142857142856,66.17142857142856,5.385714285714286,2.642857142857143,0.0,18.9,38.2,28377.042857142857,5.385714285714286,13.06857142857143,3.7142857142857135,3.3314285714285714,1.1496259350957152,0.3479662416847247,1.2202458190800567,-0.17352829709160011,-0.14265580790704105,-0.06917144638660745,-0.22985305794674837,0.8447885134908151,-0.3625922184399743,0.5172295767179617,0.7520738503776514,0.08282011398138957,0.9645891440417858,1.3262974114022528,1.3517189008290071,1.390659865140996,1.3765919027607207,1.465234344668045,1.1656011365084185,0.619481723180663,-0.3321682985375722,-0.40064131054635144,-0.2221835403491995,-0.03933507351010459,0.4936641043678907,-0.1524136814599141,0.1716205112545126,0.4804793226807506,26,91,20,12,8,2,19,1,128,80,42,91,35,22,21,18,26,20,28,41,43,121,115,105,73,104,75,66
54,Sheppard Air Force Base,,33.98888888888889,-98.49194444444444,2,70.0,70,65.8,0.0,0.0,0.0,0,6,1011.6,976.9,28.3,198,48.2,75.78571428571429,55.55714285714286,65.42857142857143,72.21428571428571,50.57142857142857,2.0385714285714287,0.1142857142857143,0.0,31.942857142857143,55.42857142857143,31932.43571428571,5.228571428571429,14.874285714285715,3.2857142857142856,3.792857142857143,1.1429702560404926,-0.13951148182289533,0.9913833170086415,-0.17352829709160011,-0.14265580790704105,-0.06917144638660745,-0.40390044557469484,-1.445888032705433,-1.2460656440805564,-0.19636927140135915,1.6679298702255148,0.3599021129632443,1.7090192265843709,0.9322142228010654,0.635968397214171,0.8461554814847603,0.7850347587334653,0.4812312406785995,-0.08260760796340876,-0.6133061755148809,-0.3321682985375722,1.1342457627672384,1.2351029545835497,0.44550485735386774,0.3935179656931011,0.25701309038913117,0.02707382396795797,0.8261211385214493,27,138,30,12,8,2,161,169,186,154,12,63,11,48,62,55,58,63,87,122,43,24,21,87,78,83,83,39
161,Will Rogers Air National Guard Base,,35.39305555555556,-97.60083333333333,2,69.9,59,61.1,0.0,0.0,0.0,0,8,1010.1,965.5,39.5,193,60.1,71.64285714285714,52.1,61.57142857142857,68.14285714285714,46.22857142857144,2.05,0.9071428571428573,0.0,34.15714285714286,57.44285714285714,26128.46,5.142857142857143,13.371428571428572,1.8571428571428568,3.334285714285714,1.13631457698527,-0.6757369776812774,0.7224698770747288,-0.17352829709160011,-0.14265580790704105,-0.06917144638660745,-0.40390044557469484,-1.3971502338501938,-1.4531297282150686,-0.42617229028724185,2.903783776526246,0.3066171131590415,2.5608190325705977,0.61028711098601,0.36102931487323386,0.5313456665229102,0.5248591629807372,0.20729631063025658,-0.07834569163572018,-0.22675403778831205,-0.3321682985375722,1.3948235243922182,1.405482221404045,-0.3459686301391048,0.3388927991432162,-0.0837440013713085,-0.454748466987225,0.48261951968286004,28,167,53,12,8,2,161,168,197,166,4,71,4,70,79,71,66,74,84,83,43,18,15,126,80,101,124,65
106,Jackson Air National Guard Base,,32.31111111111111,-90.07583333333334,2,69.1,79,68.1,0.0,0.0,0.0,3,83,1021.3,1009.6,20.1,170,36.4,78.91428571428571,63.885714285714286,70.51428571428572,80.38571428571429,65.52857142857144,1.6714285714285713,0.0571428571428571,0.0,17.185714285714287,41.58571428571429,32287.88857142857,4.514285714285714,13.41,4.428571428571429,2.954285714285714,1.0830691445434861,0.2992184693339627,1.1229792556997051,-0.17352829709160011,-0.14265580790704105,-0.06917144638660745,-0.22985305794674837,0.43051722322128083,0.0929487666559462,0.4628025459292012,0.7631082602553366,0.06150611405970843,0.8643774021610533,1.1753246968958817,1.2983216410355198,1.2612380523233475,1.3072117438933273,1.4246847662069426,-0.21952166999040826,-0.6411657890447238,-0.3321682985375722,-0.6023789324495612,0.06419863154056968,0.49397706439459343,-0.06169175555594176,-0.07499833456757106,0.4125316567321044,0.1979733184022849,31,97,24,12,8,2,19,115,89,91,41,94,40,33,23,21,30,21,99,130,43,141,96,81,100,100,67,90
55,Tinker Air Force Base,,35.414722222222224,-97.38666666666668,2,69.0,64,61.4,0.0,0.0,0.0,0,4,1010.5,966.5,37.0,193,61.2,71.22857142857143,52.71428571428572,61.771428571428565,67.92857142857143,46.72857142857144,1.842857142857143,0.1571428571428571,0.0,34.04285714285714,57.08571428571429,25764.66857142857,4.985714285714286,13.005714285714287,2.4285714285714284,3.2142857142857144,1.0764134654882636,-0.43199811592746734,0.7396345647300847,-0.17352829709160011,-0.14265580790704105,-0.06917144638660745,-0.40390044557469484,-1.4946258315606724,-1.3979126391125352,-0.4060141307358486,2.6279235295841183,0.3066171131590415,2.639556829762602,0.5780943998045048,0.40988212702472326,0.5476691384098206,0.5111657105726992,0.23883487165555933,-0.15559292507507771,-0.5924114653674989,-0.3321682985375722,1.3813743495986701,1.3752731315422553,-0.39557794707383537,0.23874666046842655,-0.16666587921415288,-0.2620195506051518,0.3927312455942576,32,156,52,12,8,2,161,174,193,165,7,71,3,73,74,69,67,73,94,119,43,19,17,129,85,106,103,75
156,Tulsa Air National Guard Base,,36.19833333333333,-95.88805555555555,2,68.8,79,66.6,0.0,0.0,0.0,3,90,1012.1,989.9,24.3,188,51.1,71.57142857142857,53.24285714285714,62.642857142857146,69.61428571428571,48.62857142857143,2.5885714285714285,1.6285714285714286,0.0,26.87142857142857,53.42857142857143,25066.33285714286,3.928571428571429,12.03,2.2857142857142856,2.86,1.0631021073778177,0.2992184693339627,1.0371558174229243,-0.17352829709160011,-0.14265580790704105,-0.06917144638660745,-0.22985305794674837,0.6010995192146185,-1.1770442827023857,0.06568680276675318,1.2265534751181109,0.2533321133548387,1.9166006919087455,0.604736643540923,0.4519182677132128,0.6187928373456466,0.6188875361826006,0.35868140355170924,0.12249711530660971,0.12497358302595325,-0.3321682985375722,0.5374386313035753,1.0659320513575257,-0.4908082220500338,-0.4349637269801567,-0.38789885799018015,-0.31020177970067003,0.12734681733266848,34,97,27,12,8,2,19,109,183,131,20,78,10,71,71,66,64,66,70,63,43,51,29,137,124,120,108,94
28,Keesler Air Force Base,,30.411388888888887,-88.92361111111111,2,67.2,93,67.9,0.0,0.0,0.0,3,100,1023.1,1022.6,18.5,114,34.2,75.71428571428571,64.74285714285715,69.55714285714285,78.78571428571429,67.21428571428571,0.0142857142857142,0.0,0.0,16.742857142857144,30.385714285714283,35497.60142857143,6.464285714285714,19.06857142857143,0.1428571428571428,3.3085714285714287,0.9566112424942517,0.9816872822446306,1.1115361305961349,-0.17352829709160011,-0.14265580790704105,-0.06917144638660745,-0.22985305794674837,0.8447885134908151,0.3414256676173702,0.7248586200973136,0.5865577022123749,-0.5352858837473634,0.7069018077770453,0.9266637553559773,1.3664883556655048,1.1831185797217023,1.2049672992466414,1.531014771949391,-0.8374995375052693,-0.6690254025745666,-0.3321682985375722,-0.6544944847745571,-0.883158426525165,0.9316774880267988,1.181030783453945,1.2080233768992554,-1.0329352161334444,0.463357746663874,37,29,25,12,8,2,19,1,75,33,49,138,47,50,19,28,33,17,177,140,43,148,167,53,29,34,175,69
100,Gulfport Combat Readiness Training Center,,30.40722222222222,-89.07,2,67.2,92,68.3,0.0,0.0,0.0,3,100,1023.0,1022.3,16.4,119,33.1,76.42857142857143,64.9,70.2,79.57142857142857,67.48571428571428,0.0714285714285714,0.0,0.0,16.62857142857143,31.428571428571427,34709.53428571428,6.535714285714286,19.00142857142857,0.4285714285714285,3.395714285714285,0.9566112424942517,0.9329395098938686,1.134422380803276,-0.17352829709160011,-0.14265580790704105,-0.06917144638660745,-0.22985305794674837,0.8447885134908151,0.32762139534173296,0.7188111722318943,0.3548350947809876,-0.48200088394316054,0.628164010585041,0.9821684298068494,1.378985586681002,1.2355868822153449,1.2551766247427814,1.5481357050774125,-0.8161899558668257,-0.6690254025745666,-0.3321682985375722,-0.6679436595681044,-0.7949478841287381,0.8242107651043498,1.2265517555788492,1.1927994383890446,-0.9365707579424078,0.5286337552282158,37,33,23,12,8,2,19,1,76,35,62,134,51,45,18,22,31,16,168,140,43,149,156,65,28,36,166,59
27,Hurlburt Field,,30.42777777777778,-86.68944444444445,2,67.0,84,66.1,0.0,0.0,0.0,1,41,1024.3,1023.3,19.5,118,33.5,75.05714285714285,61.85714285714285,67.72857142857143,78.27142857142857,63.18571428571429,0.0571428571428571,0.0,0.0,16.1,28.12857142857143,36471.21142857143,6.614285714285714,19.52285714285714,0.2857142857142857,3.314285714285714,0.9432998843838056,0.5429573310877727,1.0085480046639974,-0.17352829709160011,-0.14265580790704105,-0.06917144638660745,-0.3458846496987127,-0.592976552738745,0.5070769349249705,0.7389693317832875,0.6969018009892259,-0.4926578839040011,0.6567959368366788,0.8755994548611754,1.136993749744556,1.0338754081842334,1.1721030134673491,1.2769040802598093,-0.8215173512764368,-0.6690254025745666,-0.3321682985375722,-0.7301460929882608,-1.0740798744516773,1.0644462210629033,1.2766248249162437,1.3110278970321632,-0.9847529870379261,0.4676381406680929,39,74,29,12,8,2,139,142,66,28,45,135,50,59,28,41,35,25,170,140,43,162,182,40,22,31,173,68
32,Laughlin Air Force Base,,29.35944444444445,-100.77805555555555,2,66.9,85,65.1,0.0,0.0,0.0,3,100,1013.6,975.6,23.5,130,33.8,83.41428571428571,65.95714285714287,73.15714285714286,82.52857142857144,65.27142857142857,1.6114285714285717,0.0828571428571428,0.0,30.857142857142858,53.58571428571429,22278.352857142854,5.078571428571428,11.37857142857143,3.142857142857143,3.621428571428571,0.9366442053285831,0.5917051034385347,0.9513323791461437,-0.17352829709160011,-0.14265580790704105,-0.06917144638660745,-0.22985305794674837,0.8447885134908151,-0.9699801985678735,-0.22257487881816948,1.13827819609663,-0.3647738843739143,0.678269881525407,1.5250041459363721,1.4630578680579833,1.4769410736860962,1.4441462679737112,1.4084649348225007,-0.24189673071077378,-0.6286289629562946,-0.3321682985375722,1.0064786022285388,1.0792240508967135,-0.8709980026911521,0.2979239242308019,-0.5356034528977467,-0.021108405127560296,0.6977093183948735,40,66,33,12,8,2,19,1,171,156,24,125,49,9,15,14,18,22,101,126,43,27,28,166,83,130,85,45
208,Al Udeid Air Base,,25.11722222222222,51.31472222222222,2,66.9,75,63.0,0.0,0.0,0.0,3,100,1013.2,1009.1,26.3,347,40.3,75.32857142857142,62.12857142857143,68.0,72.58571428571429,59.0,0.7428571428571429,0.2714285714285714,0.0,24.842857142857145,38.65714285714286,31439.61857142857,6.585714285714286,17.934285714285714,2.0,4.125714285714285,0.9366442053285831,0.10422737993091466,0.8311795655586509,-0.17352829709160011,-0.14265580790704105,-0.06917144638660745,-0.22985305794674837,0.8447885134908151,-1.025197287670407,0.4527234661535046,1.4472416726718127,1.947795107128489,1.1435386831145224,0.8966912311525067,1.1585798760440522,1.0560286914593267,0.8087700762407323,1.012881269390846,-0.5658023716151148,-0.5366922383078133,-0.3321682985375722,0.2987157787181105,-0.18351590532610842,0.3783006301215926,1.2584164360662826,0.9508359901523071,-0.4065662378917066,1.0754540892672153,40,113,42,12,8,2,19,1,173,95,16,11,27,53,27,40,57,41,128,112,43,68,112,89,24,56,120,30
15,Eglin Air Force Base,,30.48333333333333,-86.53333333333333,2,66.5,85,66.7,0.0,0.0,0.0,0,16,1024.4,1021.3,17.2,123,32.8,76.10000000000001,60.87142857142857,67.48571428571428,78.67142857142858,62.24285714285714,0.0,0.0,0.0,17.12857142857143,26.9,35679.59285714286,6.542857142857143,19.398571428571422,0.0,3.391428571428571,0.9100214891076911,0.5917051034385347,1.0428773799747102,-0.17352829709160011,-0.14265580790704105,-0.06917144638660745,-0.40390044557469484,-1.2021990384292365,0.5208812072006235,0.698653012680501,0.44311037380246854,-0.4393728840997983,0.6066900658963124,0.9566362795594491,1.0586020279200743,1.0140540494644128,1.197664124629021,1.2174313651835238,-0.8428269329148801,-0.6690254025745666,-0.3321682985375722,-0.6091035198463348,-1.1779991435762351,0.9564951988092064,1.2311038527913396,1.282847415109008,-1.0811174452289627,0.5254234597250517,42,66,26,12,8,2,161,162,65,39,55,129,53,46,34,43,34,30,182,140,43,142,190,50,27,32,182,61
1,Altus Air Force Base,,34.66638888888889,-99.26805555555556,2,66.4,66,61.5,0.0,0.0,0.0,3,100,1009.6,962.1,24.1,202,40.0,75.57142857142857,51.2,62.54285714285714,69.81428571428572,45.5,2.235714285714286,0.4642857142857142,0.0,34.41428571428572,58.31428571428571,34771.26857142857,5.842857142857143,17.247142857142858,2.0,4.267142857142857,0.9033658100524686,-0.33450257122594335,0.7453561272818702,-0.17352829709160011,-0.14265580790704105,-0.06917144638660745,-0.22985305794674837,0.8447885134908151,-1.5221510895932393,-0.49471003276197845,1.2044846553627406,0.4025301128066066,1.1220647384257942,0.9155628204658033,0.2894542645117503,0.6106311014021906,0.6316680917634365,0.16134012170767173,-0.0090895513107786,-0.4426660426445938,-0.3321682985375722,1.4250841676777002,1.4791924006668122,0.8326293134955687,0.7849983259672783,0.7950335556116502,-0.4065662378917066,1.1813938408716405,44,151,50,12,8,2,19,1,201,172,21,60,29,52,80,67,63,78,80,99,43,17,11,64,55,62,120,26
120,Memphis Air National Guard Base,,35.0425,-89.97666666666667,2,66.1,80,63.2,0.0,0.0,0.0,2,77,1020.0,1009.6,23.4,191,41.0,76.7,62.42857142857143,68.51428571428572,75.98571428571428,62.3,2.5885714285714285,0.4714285714285714,0.0,20.87142857142857,48.971428571428575,27530.87142857143,4.114285714285715,12.37857142857143,4.857142857142857,2.7857142857142856,0.8833987728867991,0.3479662416847247,0.8426226906622218,-0.17352829709160011,-0.14265580790704105,-0.06917144638660745,-0.28786885382273053,0.28430382665556286,-0.0865067729272914,0.4628025459292012,1.1272437862189446,0.28530311323736035,1.193644554054889,1.0032602060981806,1.1824382261645465,1.0980033334542403,1.0260395211149398,1.221035772157844,0.12249711530660971,-0.43918359095336346,-0.3321682985375722,-0.16864304535765987,0.6889226098823867,-0.1547253309055491,-0.3166091994554054,-0.30886394317121846,0.5570783440186591,0.0717016952778192,45,91,40,12,8,2,119,119,99,91,26,75,26,42,25,35,44,29,70,96,43,105,55,112,116,116,59,98
111,Key Field Air National Guard Base,,32.3325,-88.75194444444445,2,65.0,88,65.3,0.0,0.0,0.0,3,100,1022.2,1011.8,13.9,149,32.4,80.62857142857142,61.27142857142858,69.41428571428571,82.0,62.81428571428573,0.4142857142857142,0.0,0.0,13.957142857142856,33.642857142857146,27552.574285714283,5.957142857142857,13.777142857142858,1.5714285714285714,2.947142857142857,0.8101863032793476,0.7379484204908207,0.9627755042497146,-0.17352829709160011,-0.14265580790704105,-0.06917144638660745,-0.22985305794674837,0.8447885134908151,0.21718721713666606,0.507150496942265,0.07897484783886036,-0.1622908851179435,0.5780581396446746,1.3085359155779728,1.090413161414068,1.171458956945338,1.410369085367216,1.253475434926728,-0.6883324660361649,-0.6690254025745666,-0.3321682985375722,-0.9823181203672737,-0.6076515269856397,-0.1517657671725142,0.8578318813671248,0.00824745686059722,-0.5511129251782615,0.19262282589701096,46,50,32,12,8,2,19,1,81,83,78,108,55,26,31,29,21,27,143,140,43,190,140,111,50,91,130,92
118,McGhee Tyson Air National Guard Base,,35.81083333333333,-83.99388888888889,2,64.9,57,60.5,0.0,0.0,0.0,2,65,1024.2,990.0,15.9,218,27.0,75.25714285714285,53.17142857142857,63.04285714285714,73.32857142857142,52.44285714285714,1.2142857142857142,0.4142857142857142,0.0,22.442857142857143,35.471428571428575,35345.48142857143,5.264285714285714,16.38714285714286,2.857142857142857,3.148571428571429,0.803530624224125,-0.7732325223828014,0.6881405017640164,-0.17352829709160011,-0.14265580790704105,-0.06917144638660745,-0.28786885382273053,-0.008122966475873105,0.49327266264934894,0.06770261872189295,0.29966304539256233,0.5730421121800557,0.19152713524756332,0.8911407637074197,0.4462377081607143,0.6514397811194674,0.8562407112552645,0.5992755690875899,-0.3899983230979561,-0.4670432044832063,-0.3321682985375722,0.0162831080536162,-0.45298098689327493,0.9109332684014338,0.41627845175555317,0.600037577246836,-0.11747286331859683,0.3435067145457373,47,170,55,12,8,2,119,127,68,130,68,55,79,55,72,65,55,58,109,101,43,92,128,55,77,66,91,79
9,Columbus Air Force Base,,33.64388888888889,-88.44388888888889,2,64.5,87,63.4,0.0,0.0,0.0,3,100,1021.9,1014.7,18.1,159,38.5,76.55714285714285,61.1,67.34285714285714,76.84285714285714,61.614285714285714,4.628571428571428,2.042857142857143,0.0,18.728571428571428,39.74285714285714,21512.11142857143,4.257142857142857,10.164285714285716,4.857142857142857,2.2328571428571427,0.7769079080032331,0.6892006481400587,0.8540658157657923,-0.17352829709160011,-0.14265580790704105,-0.06917144638660745,-0.22985305794674837,0.8447885134908151,0.1757744003097542,0.5656091596413073,0.5424200627016347,-0.05572088550953782,1.0146950149821523,0.9921592712080055,1.0767798184880706,1.0023944266880485,1.0808133307470935,1.1777828884660004,0.8832491797990419,0.3269557811173137,-0.3321682985375722,-0.42081507273667235,-0.09168027214626719,-0.9754884081627505,-0.22556725520559714,-0.8109300004228164,0.5570783440186591,-0.34242642463038614,50,54,39,12,8,2,19,1,85,74,52,106,33,44,32,44,41,34,35,51,43,124,107,170,110,157,59,113
123,Montgomery Air National Guard Base,,32.30444444444444,-86.40027777777779,2,64.2,81,61.6,0.0,0.0,0.0,3,100,1024.8,1017.7,20.2,121,31.7,81.0,60.15714285714286,69.2,81.54285714285713,60.58571428571429,1.0714285714285714,0.0,0.0,17.485714285714288,33.385714285714286,30842.244285714285,6.107142857142857,15.977142857142857,2.0,3.4585714285714286,0.7569408708375646,0.3967140140354867,0.7510776898336556,-0.17352829709160011,-0.14265580790704105,-0.06917144638660745,-0.22985305794674837,0.8447885134908151,0.5760982963031412,0.6260836382954871,0.7741426701330215,-0.4606868840214794,0.5279522687043083,1.3373983462924268,1.0017964323950876,1.1539695227807911,1.3811563868967334,1.112903562928235,-0.4432722771940648,-0.6690254025745666,-0.3321682985375722,-0.5670748486164993,-0.6294020716861288,0.2968382097863109,0.9534259228294234,0.5070743782589591,-0.4065662378917066,0.5757180892746273,52,86,49,12,8,2,19,1,63,56,38,131,57,19,40,30,25,37,113,140,43,136,143,94,42,69,120,54
63,Abston Air National Guard Station,,32.35611111111111,-86.34666666666666,2,63.9,81,61.8,0.0,0.0,0.0,3,100,1024.9,1018.8,17.7,117,31.7,80.89999999999999,61.02857142857143,69.77142857142857,81.77142857142857,61.84285714285714,1.2571428571428571,0.0,0.0,15.457142857142856,33.17142857142857,31058.375714285718,6.135714285714286,15.934285714285716,2.7142857142857144,3.45,0.7369738336718956,0.3967140140354867,0.7625208149372262,-0.17352829709160011,-0.14265580790704105,-0.06917144638660745,-0.22985305794674837,0.8447885134908151,0.5899025685787942,0.6482576138020179,0.49828242319089405,-0.5033148838648417,0.5279522687043083,1.3296276918693042,1.0710992589355721,1.2006080138862503,1.395762736131975,1.1922005163632816,-0.3740161368691235,-0.6690254025745666,-0.3321682985375722,-0.8057977012019649,-0.6475275256032028,0.32631150601448483,0.9716343116793856,0.49735697069925117,-0.1656550924141151,0.5692974982682987,54,86,46,12,8,2,19,1,61,49,54,136,57,20,33,26,23,31,107,140,43,175,146,93,38,71,94,55
38,Maxwell Air Force Base,,32.37916666666667,-86.3625,2,63.8,80,61.7,0.0,0.0,0.0,3,100,1024.9,1019.0,17.2,116,31.0,81.04285714285713,60.8,69.78571428571429,81.85714285714286,61.642857142857146,1.2571428571428571,0.0,0.0,15.62857142857143,32.714285714285715,30722.46857142857,6.135714285714286,15.955714285714285,2.7142857142857144,3.467142857142857,0.7303181546166726,0.3479662416847247,0.7567992523854411,-0.17352829709160011,-0.14265580790704105,-0.06917144638660745,-0.22985305794674837,0.8447885134908151,0.5899025685787942,0.6522892457122974,0.44311037380246854,-0.5139718838256823,0.4778463977639421,1.340728626759478,1.0529214683675756,1.201773976163887,1.4012401170951907,1.1795850919531607,-0.3740161368691235,-0.6690254025745666,-0.3321682985375722,-0.7856239390116436,-0.6861951606262939,0.28050469859167565,0.9716343116793856,0.5022156744791048,-0.1656550924141151,0.582138680280956,55,91,48,12,8,2,19,1,61,47,55,137,62,18,35,25,22,33,107,140,43,173,150,95,38,70,94,53
84,Ebbing Air National Guard Base,,35.336666666666666,-94.3675,2,63.8,78,65.1,0.0,0.0,0.0,3,100,1015.2,999.3,3.6,84,29.2,73.57142857142857,58.2,65.38571428571429,74.12857142857142,57.12857142857143,7.590000000000001,3.685714285714286,0.0,19.15714285714285,41.05714285714286,21051.06857142857,3.0785714285714287,8.915714285714285,4.428571428571429,1.9714285714285715,0.7303181546166726,0.2504706969832007,0.9513323791461437,-0.17352829709160011,-0.14265580790704105,-0.06917144638660745,-0.22985305794674837,0.8447885134908151,-0.7491118421577241,0.25517350254984933,-1.057569369562705,-0.8549958825725804,0.3490027296315716,0.7601497320033632,0.8461491006566233,0.8426575946518506,0.9073629335786074,0.8948369409818561,1.9876182482113758,1.127919670100294,-0.3321682985375722,-0.37038066726087043,0.019489178545120195,-1.0383596564225293,-0.9766632952665176,-1.0940304739956537,0.4125316567321044,-0.5382544503234132,55,99,33,12,8,2,19,1,160,120,189,162,69,64,47,56,51,46,7,29,43,119,100,171,177,180,67,132
107,Jacksonville Air National Guard Base,,30.49416666666667,-81.68777777777778,2,63.2,84,62.3,0.0,0.0,0.0,3,100,1026.1,1025.3,13.8,28,21.6,81.28571428571429,61.614285714285714,69.62857142857142,83.35714285714286,63.51428571428572,0.1285714285714286,0.0571428571428571,0.0,17.585714285714285,31.014285714285712,33089.95714285714,6.571428571428571,18.53,0.7142857142857143,3.875714285714285,0.6903840802853356,0.5429573310877727,0.7911286276961531,-0.17352829709160011,-0.14265580790704105,-0.06917144638660745,-0.22985305794674837,0.8447885134908151,0.7555538358863788,0.779285650886074,0.0679404379611753,-1.4517878803796522,-0.1950038691495479,1.3596002160727758,1.1176798472660612,1.1889483911098846,1.497094283951459,1.2976294203621512,-0.7948803742283823,-0.6411657890447238,-0.3321682985375722,-0.5553068206721457,-0.8299904283684145,0.6033531267159025,1.2493122416413014,1.0859079552322535,-0.8402062997513712,0.8881868515826266,58,74,43,12,8,2,19,1,50,23,80,198,106,15,29,27,14,24,159,130,43,135,160,75,25,44,160,35
68,Berry Field Air National Guard Base,,36.126666666666665,-86.68194444444445,2,62.9,71,58.4,0.0,0.0,0.0,2,56,1022.0,1001.2,21.0,185,45.4,74.14285714285714,59.08571428571429,65.71428571428571,72.71428571428571,58.18571428571429,1.9285714285714288,1.4,0.0,20.057142857142857,51.2,28262.54142857143,4.292857142857143,10.845714285714283,1.1428571428571428,2.53,0.6704170431196665,-0.09076370947213334,0.5679876881765233,-0.17352829709160011,-0.14265580790704105,-0.06917144638660745,-0.28786885382273053,-0.22744306132445005,0.1895786725853915,0.2934740056974984,0.8624179491545024,0.22136111347231696,1.5085957428229055,0.8045534715640602,0.9165880391076072,0.8694747270374892,0.8169861476855547,0.9615184700067818,-0.12362855261741243,0.013535128906582016,-0.3321682985375722,-0.2644684157616845,0.8774273306199563,-0.05494934370274073,-0.20280676914314508,-0.6564232202234547,-0.6956596124648163,-0.11984593641098899,59,134,63,12,8,2,119,134,82,115,37,81,15,63,44,53,56,43,92,72,43,111,43,107,107,144,147,103
153,Sumpter Smith Air National Guard Base,,33.56388888888888,-86.75222222222222,2,62.6,78,58.7,0.0,0.0,0.0,2,61,1023.5,1001.6,21.7,140,38.5,77.82857142857142,60.785714285714285,68.4,77.64285714285714,60.81428571428571,3.385714285714286,2.528571428571429,0.0,16.32857142857143,34.1,34160.58571428571,5.735714285714286,15.691428571428572,4.714285714285714,3.3442857142857143,0.650450005953998,0.2504706969832007,0.5851523758318797,-0.17352829709160011,-0.14265580790704105,-0.06917144638660745,-0.28786885382273053,-0.10559856418635176,0.3966427567199037,0.3015372695180552,0.939658818298298,-0.2582038847655086,1.0146950149821523,1.090957591730557,1.051785356457076,1.0886756352331486,1.1319355530704363,1.1273211908255156,0.4197657791628965,0.5637624961209775,-0.3321682985375722,-0.7032477434011662,-0.5689838919625487,0.7493520369374753,0.7167168677799215,0.44229166119423696,0.5088961149231409,0.4901102091902438,63,99,61,12,8,2,119,129,70,114,30,118,33,38,36,36,39,36,53,44,43,157,135,71,59,76,61,62
42,Moody Air Force Base,,30.967777777777776,-83.19277777777778,2,62.5,85,61.5,0.0,0.0,0.0,3,88,1026.5,1018.3,13.9,65,20.2,82.68571428571428,61.6,70.97142857142858,85.32857142857142,62.58571428571428,0.3285714285714285,0.0,0.0,13.985714285714286,32.785714285714285,32166.68,6.6000000000000005,18.187142857142856,0.7142857142857143,3.858571428571428,0.643794326898775,0.5917051034385347,0.7453561272818702,-0.17352829709160011,-0.14265580790704105,-0.06917144638660745,-0.22985305794674837,0.5523617203593791,0.810770924988928,0.6381785340263212,0.07897484783886036,-1.0574788818285512,-0.2952156110302806,1.4683893779964832,1.1165437353555614,1.2985488452077147,1.6230740461054107,1.2390578070294456,-0.7202968384938301,-0.6690254025745666,-0.3321682985375722,-0.9789558266688867,-0.6801533426539361,0.4774481580956775,1.2675206304912636,1.0081686947545863,-0.8402062997513712,0.8753456695699693,64,66,50,12,8,2,19,112,48,53,78,183,116,12,30,20,9,28,149,140,43,189,149,84,23,54,160,36
4,Arnold Air Force Base,,35.3925,-86.08583333333333,2,61.9,67,56.0,0.0,0.0,0.0,2,78,1022.4,984.2,23.5,169,42.5,72.62857142857142,57.31428571428571,63.57142857142857,70.54285714285714,55.74285714285714,1.6142857142857143,1.157142857142857,0.0,22.485714285714288,43.94285714285714,32852.014285714286,4.885714285714286,14.248571428571427,1.5714285714285714,2.792857142857143,0.6038602525674376,-0.28575479887518135,0.43067018693367426,-0.17352829709160011,-0.14265580790704105,-0.06917144638660745,-0.28786885382273053,0.3086727260831825,0.24479576168792494,-0.04921470667618701,1.13827819609663,0.050849114098867866,1.301014277498531,0.6868835617282122,0.7757101622056388,0.6945803853920175,0.6782258299507667,0.8074300718545879,-0.24083125162885166,-0.1048682285952499,-0.3321682985375722,0.021326548601196642,0.2635786246283834,0.5709054611436014,0.1750172994935608,0.11513894001738871,-0.5511129251782615,0.07705218778309347,68,148,76,12,8,2,119,118,80,144,24,95,24,67,53,62,62,51,100,78,43,91,83,77,90,85,130,97
143,Savannah Air National Guard Base,,32.1275,-81.20194444444445,2,61.1,82,60.1,0.0,0.0,0.0,3,100,1027.8,1026.3,10.7,45,18.0,80.41428571428571,59.457142857142856,67.72857142857143,82.14285714285714,60.54285714285714,0.1285714285714285,0.0,0.0,16.257142857142856,33.528571428571425,35029.625714285714,6.342857142857143,18.294285714285717,1.1428571428571428,3.662857142857143,0.5506148201256545,0.44546178638624867,0.665254251556875,-0.17352829709160011,-0.14265580790704105,-0.06917144638660745,-0.22985305794674837,0.8447885134908151,0.9902264645721656,0.7994438104374673,-0.27412626824706293,-1.2706188810453627,-0.45269120541428887,1.291884513242712,0.9461269487806001,1.0338754081842334,1.4194980536392412,1.110200257697494,-0.7948803742283823,-0.6690254025745666,-0.3321682985375722,-0.7116534776471335,-0.6173184357414131,0.8678608235745233,1.1036451308416082,1.032462213653858,-0.6956596124648163,0.7287421749254628,69,81,57,12,8,2,19,1,39,21,111,191,127,27,43,41,20,38,163,140,43,158,141,59,31,49,147,43
34,Little Rock Air Force Base,,34.91694444444444,-92.1463888888889,2,60.5,82,58.5,0.0,0.0,0.0,3,91,1018.7,1007.6,13.7,194,35.6,75.11428571428571,58.9,66.27142857142857,75.97142857142856,58.74285714285714,6.278571428571428,2.242857142857143,0.0,19.32857142857143,45.385714285714286,24521.652857142857,4.5,10.487142857142857,5.0,2.24,0.510680745794317,0.44546178638624867,0.5737092507283088,-0.17352829709160011,-0.14265580790704105,-0.06917144638660745,-0.22985305794674837,0.6254684186422381,-0.265962312510529,0.42248622682641473,0.05690602808349004,0.3172741131198821,0.8071135496577777,0.8800398288172457,0.9018185842711103,0.9149472558653124,1.025126624287737,0.9966614380064045,1.4985633496090973,0.42446442847176336,-0.3321682985375722,-0.3502069050705487,0.38562334767001494,-0.565084855928184,-0.07079594998092258,-0.7377255301396808,0.6052605731141775,-0.3370759321251119,71,81,62,12,8,2,19,106,119,102,81,70,43,58,45,48,45,42,19,47,43,118,76,144,101,151,54,112
8,Joint Base Charleston,,32.89861111111111,-80.04055555555556,2,59.8,78,58.3,0.0,0.0,0.0,2,75,1028.8,1027.3,9.2,31,16.9,77.85714285714286,59.52857142857143,66.91428571428573,79.01428571428572,60.22857142857144,0.1714285714285714,0.0,0.0,15.457142857142856,31.428571428571427,34976.112857142856,6.278571428571429,18.204285714285717,1.4285714285714286,3.58,0.46409099240775653,0.2504706969832007,0.5622661256247379,-0.17352829709160011,-0.14265580790704105,-0.06917144638660745,-0.28786885382273053,0.2355660278003235,1.1282691873285071,0.8196019699888605,-0.4396424164123394,-1.4198168804971305,-0.5314290026062931,1.0931777787085926,0.9518075083330992,0.967415558358955,1.2195736484818822,1.0903760193387337,-0.7788981879995498,-0.6690254025745666,-0.3321682985375722,-0.8057977012019649,-0.7949478841287381,0.860563410602184,1.0626762559291945,1.0120556577784705,-0.5992951542737798,0.6666764618642849,74,99,64,12,8,2,119,122,33,17,129,194,134,37,42,46,32,39,156,140,43,175,156,60,33,52,134,46
158,Volunteer Air National Guard Station,,35.07333333333334,-92.41916666666668,2,59.7,82,57.9,0.0,0.0,0.0,3,100,1018.4,1006.5,12.0,196,31.7,75.25714285714285,58.1,65.62857142857142,76.82857142857142,57.91428571428571,8.309999999999999,3.7714285714285714,0.0,16.97142857142857,42.642857142857146,24533.907142857144,4.121428571428572,10.168571428571427,5.0,2.1,0.457435313352534,0.44546178638624867,0.5393798754175964,-0.17352829709160011,-0.14265580790704105,-0.06917144638660745,-0.22985305794674837,0.8447885134908151,-0.3073751293374409,0.4003122513198817,-0.1306789398371566,0.3385881130415632,0.5279522687043083,0.8911407637074197,0.838196317283125,0.86247895337167,1.0799004339198905,0.9443975368787598,2.2561189768557632,1.1697090903950582,-0.3321682985375722,-0.6275961351874625,0.15361753753146803,-0.5634137699815028,-0.31205710224291494,-0.8099582596668463,0.6052605731141775,-0.44194558522848176,77,81,67,12,8,2,19,1,122,106,93,64,57,55,48,54,42,45,5,27,43,144,91,143,115,156,54,122
60,Vance Air Force Base,,36.339444444444446,-97.91722222222222,2,59.4,81,55.7,0.0,0.0,0.0,3,100,1009.9,964.5,18.4,219,37.8,70.22857142857143,48.114285714285714,58.3,65.55714285714285,41.41428571428571,0.8428571428571429,0.1142857142857143,0.0,31.11428571428572,56.72857142857142,30175.19428571429,4.964285714285714,14.05,2.0,3.27,0.437468276186865,0.3967140140354867,0.41350549927831826,-0.17352829709160011,-0.14265580790704105,-0.06917144638660745,-0.22985305794674837,0.8447885134908151,-1.4807382727663432,-0.44633044983863507,0.5755232923346897,0.5836991121408963,0.9645891440417858,0.5003878555732847,0.04405409184380607,0.2643403049441561,0.35962483725707445,-0.09637497695623096,-0.5285106037478386,-0.6133061755148809,-0.3321682985375722,1.0367392455140212,1.3450640416804645,0.20587428853269518,0.22509036883095532,0.07011495165740712,-0.4065662378917066,0.43446508713539445,78,86,78,12,8,2,19,1,199,168,50,54,35,74,92,80,76,100,122,122,43,26,18,97,86,86,120,73
126,New London Air National Guard Base,,35.41833333333333,-10.335555555555556,2,57.7,78,50.9,0.0,0.0,0.0,3,100,1007.6,1007.6,27.0,93,45.0,59.22857142857144,56.457142857142856,57.91428571428571,54.92857142857143,46.91428571428571,1.5285714285714285,0.4714285714285714,0.0,37.32857142857143,53.385714285714286,29274.778571428567,4.607142857142857,13.735714285714284,5.285714285714286,2.7157142857142853,0.324321732248076,0.2504706969832007,0.13887049679261973,-0.17352829709160011,-0.14265580790704105,-0.06917144638660745,-0.22985305794674837,0.8447885134908151,-1.7982365351059222,0.42248622682641473,1.5244825418156083,-0.7590828829250154,1.4799638165712676,-0.354384130970135,0.7075434475756546,0.23285932344797108,-0.3195704021816259,0.2505491943220993,-0.272795624086517,-0.43918359095336346,-0.3321682985375722,1.7680381249131567,1.0623069605741107,0.08308687510071085,-0.0025144917935664072,-0.0011460371137880102,0.701625031305214,0.019266868726134073,84,99,95,12,8,2,19,1,208,102,15,150,17,127,57,82,126,72,103,96,43,11,30,100,96,93,46,99
48,Robins Air Force Base,,32.64,-83.59166666666667,2,57.1,83,54.6,0.0,0.0,0.0,3,100,1027.4,1017.3,11.7,81,20.5,79.51428571428572,59.642857142857146,68.7,80.94285714285715,59.942857142857136,0.6714285714285714,0.0,0.0,12.071428571428571,27.642857142857142,28291.40428571429,6.085714285714286,15.675714285714289,1.0,3.287142857142857,0.2843876579167385,0.49420955873701067,0.350568311208679,-0.17352829709160011,-0.14265580790704105,-0.06917144638660745,-0.22985305794674837,0.8447885134908151,0.9350093754696478,0.618020374474928,-0.16378216947021196,-0.8869668824551021,-0.27374166634155217,1.2219486234346144,0.9608964036170972,1.1131608430635143,1.3428147201542273,1.0723539844671308,-0.5924393486631693,-0.6690254025745666,-0.3321682985375722,-1.2042295044608047,-1.115164236663712,-0.0510133888803174,0.9397696311919528,0.4387286117556778,-0.7438418415603346,0.4473062691480518,86,79,85,12,8,2,19,1,40,61,101,168,114,30,41,33,27,40,129,140,43,196,185,106,45,77,152,72
71,Brunswick Air National Guard Station,,31.2475,-10.358055555555556,2,54.9,84,48.9,0.7,0.0,0.0,95,100,1010.2,1010.2,22.9,254,32.0,60.52857142857143,57.58571428571429,59.0,54.44285714285714,47.67142857142857,3.2142857142857144,0.0,0.0,41.81428571428571,59.5,35756.83571428571,6.3,18.298571428571428,6.285714285714286,3.127142857142857,0.13796271870183444,0.5429573310877727,0.02443924575691209,8.622561245137783,-0.14265580790704105,-0.06917144638660745,5.10760016264361,0.8447885134908151,-1.4393254559394313,0.47489744166003767,1.072071736830519,0.9566941107703162,0.5494262133930368,-0.25336562346954966,0.7972962885051345,0.3214724565483439,-0.35060889430651293,0.29830758673184365,0.35583703424756596,-0.6690254025745666,-0.3321682985375722,2.2959182355598893,1.5794865790079553,0.9670286118585234,1.0763325475666652,1.033433954409828,1.038900634973842,0.3274552370299148,96,74,103,1,8,2,1,1,196,90,28,39,56,122,50,78,128,70,58,140,43,6,9,48,32,48,37,81
210,Prince Sultan Air Base,,24.05527777777778,47.56361111111111,2,54.8,76,49.3,0.2,0.0,0.0,80,79,1016.3,958.0,18.4,360,28.8,73.31428571428572,56.54285714285714,64.94285714285715,66.52857142857142,52.55714285714286,0.8285714285714285,0.0,0.0,21.27142857142857,33.371428571428574,36451.13571428572,6.65,18.767142857142854,2.2857142857142856,4.815714285714286,0.13130703964661145,0.15297515228167666,0.047325495964053534,2.339640143545367,-0.14265580790704105,-0.06917144638660745,4.237363224503878,0.3330416255108022,-0.597264847125761,-0.5773584869226912,0.5755232923346897,2.0863361066194166,0.32037080337993384,0.7401680492010497,0.7143601190386527,0.8065127640451204,0.42170182150684843,0.6064843830362305,-0.5338379991574497,-0.6690254025745666,-0.3321682985375722,-0.12157093358024434,-0.6306104352806002,1.061708546685578,1.2993853109786964,1.1396776103959723,-0.31020177970067003,1.5923116652766818,97,111,101,4,8,2,3,116,151,175,50,1,70,65,56,58,70,57,123,140,43,101,144,41,20,39,108,16
117,McEntire Joint National Guard Base,,33.920833333333334,-80.80111111111111,2,52.6,77,48.5,0.0,0.0,0.0,3,95,1030.0,1020.8,11.1,25,14.0,77.32857142857142,56.65714285714286,66.12857142857142,77.74285714285715,56.08571428571429,0.4714285714285714,0.0,0.0,15.071428571428571,33.84285714285714,34828.31857142857,5.985714285714286,17.415714285714284,1.8571428571428568,3.5342857142857147,-0.015117899568292119,0.20172292463243865,0.0015529955497706476,-0.17352829709160011,-0.14265580790704105,-0.06917144638660745,-0.22985305794674837,0.7229440163527168,1.2939204546361232,0.6885739329048044,-0.2299886287363225,-1.483758880262174,-0.7390104679306676,1.0521043196149469,0.7234490143226512,0.9032876330889469,1.1383258308608548,0.8290565137005101,-0.6670228843977214,-0.6690254025745666,-0.3321682985375722,-0.8511886661301871,-0.5907344366630377,0.8404090776924341,0.8760402702170864,0.8332553586798357,-0.454748466987225,0.6324333098305317,108,106,104,12,8,2,19,101,29,42,108,201,156,39,55,49,37,48,139,140,43,183,136,61,47,61,124,49
45,North Auxiliary Airfield,,33.61694444444444,-81.08305555555555,2,52.1,86,48.2,0.0,0.0,0.0,3,100,1029.6,1017.9,12.9,30,17.6,76.64285714285714,56.9,65.8,77.2,56.08571428571429,0.4714285714285715,0.0,0.0,16.085714285714285,33.48571428571429,31403.59,6.135714285714286,17.147142857142857,1.4285714285714286,3.437142857142857,-0.04839629484440663,0.6404528757892967,-0.015611692105585334,-0.17352829709160011,-0.14265580790704105,-0.06917144638660745,-0.22985305794674837,0.8447885134908151,1.238703365533574,0.6301152702057644,-0.03136925093799064,-1.430473880457971,-0.48132313166592666,0.9988198321421103,0.7427629168011466,0.8764705007033083,1.1036357514271575,0.8290565137005101,-0.6670228843977214,-0.6690254025745666,-0.3321682985375722,-0.7318272398374545,-0.6209435265248274,0.3733875049670932,0.9716343116793856,0.7723596046389971,-0.5992951542737798,0.5596666117588052,111,60,107,12,8,2,19,1,31,54,85,196,131,43,54,51,40,48,138,140,43,163,142,90,38,64,134,58
53,Shaw Air Force Base,,33.973055555555554,-80.47277777777778,2,51.5,81,47.3,0.0,0.0,0.0,3,100,1030.1,1021.2,11.9,25,15.1,77.2,56.4,65.78571428571429,77.65714285714286,55.771428571428565,0.3571428571428571,0.0,0.0,15.900000000000002,34.957142857142856,33617.857142857145,6.1000000000000005,17.487142857142857,2.142857142857143,3.527142857142857,-0.08833036917574413,0.3967140140354867,-0.06710575507165409,-0.17352829709160011,-0.14265580790704105,-0.06917144638660745,-0.22985305794674837,0.8447885134908151,1.3077247269117447,0.6966371967253635,-0.14171334971484165,-1.483758880262174,-0.6602726707386635,1.0421134782137906,0.7029989999336557,0.8753045384256726,1.1328484498976392,0.8092322753417479,-0.7096420476746084,-0.6690254025745666,-0.3321682985375722,-0.7536821488769686,-0.496482076294253,0.6753415144376388,0.9488738256169336,0.8494510379460166,-0.3583840087961883,0.6270828173252574,117,86,116,12,8,2,19,1,27,40,97,201,150,40,58,52,38,50,146,140,43,167,133,74,44,58,115,50
80,Dobbins Air Reserve Base,,33.915277777777774,-84.51638888888888,2,51.3,91,46.6,0.0,0.0,0.0,3,100,1026.6,989.0,16.6,103,30.2,75.78571428571429,57.58571428571429,65.22857142857143,75.44285714285715,56.25714285714286,2.8142857142857145,1.157142857142857,0.0,16.5,32.042857142857144,30016.38142857143,5.871428571428572,15.454285714285714,5.285714285714286,3.09,-0.10164172728619013,0.8841917375431066,-0.10715669293415152,-0.17352829709160011,-0.14265580790704105,-0.06917144638660745,-0.22985305794674837,0.8447885134908151,0.8245751972645495,0.0475444591704997,0.3769039145363582,-0.6525128833166096,0.4205825452606663,0.9322142228010654,0.7972962885051345,0.8298320095978493,0.9913494416812435,0.8398697346234711,0.20666996277846159,-0.1048682285952499,-0.3321682985375722,-0.6830739812108453,-0.742988249566459,0.184217380907772,0.8032067148172398,0.3885220060305172,0.701625031305214,0.29963267600249033,118,41,119,12,8,2,19,1,47,135,59,146,66,48,50,57,47,47,66,78,43,151,154,98,53,79,46,82
47,Pope Field,,35.170833333333334,-79.01444444444445,2,47.9,77,44.1,0.0,0.0,0.0,3,99,1031.0,1023.5,6.3,24,7.9,75.25714285714285,55.84285714285714,64.55714285714285,74.42857142857143,54.12857142857143,0.1285714285714285,0.0,0.0,17.685714285714287,41.54285714285714,32203.492857142857,5.585714285714286,15.15857142857143,1.2857142857142858,3.1914285714285717,-0.3279348151637687,0.20172292463243865,-0.250195756728786,-0.17352829709160011,-0.14265580790704105,-0.06917144638660745,-0.22985305794674837,0.8204196140631954,1.4319631773924646,0.743000963693567,-0.7596403028652072,-1.4944158802230145,-1.1756473432681454,0.8911407637074197,0.6586906354241657,0.7750317825489342,0.9265337669498618,0.7056055748300395,-0.7948803742283823,-0.6690254025745666,-0.3321682985375722,-0.5435387927277916,0.06057354075715414,0.48246823430924984,0.6211228263176228,0.3214718938685298,-0.6474773833692979,0.375609669577381,127,106,125,12,8,2,19,98,23,27,163,203,185,55,60,60,49,53,163,140,43,132,97,83,66,81,142,76
52,Seymour Johnson Air Force Base,,35.339444444444446,-77.96055555555556,2,45.3,92,41.1,0.0,0.0,0.0,3,100,1031.1,1028.2,9.3,36,13.0,74.58571428571429,55.18571428571429,63.642857142857146,73.91428571428571,53.35714285714285,0.2571428571428572,0.0,0.0,19.514285714285712,43.25714285714286,34648.94285714286,5.485714285714286,15.994285714285716,2.142857142857143,3.145714285714285,-0.5009824705995642,0.9329395098938686,-0.4218426332823475,-0.17352829709160011,-0.14265580790704105,-0.06917144638660745,-0.22985305794674837,0.8447885134908151,1.4457674496680861,0.8377443135851163,-0.4286080065346542,-1.3665318806929276,-0.8105902835597624,0.8389663697236011,0.6064294875411782,0.7004101967802002,0.8936694811705694,0.6569460806767143,-0.7469338155418844,-0.6690254025745666,-0.3321682985375722,-0.32835199603103454,0.2055771720937468,0.8159480652509427,0.5573934653427565,0.510961341282843,-0.3583840087961883,0.34136651754362685,135,33,132,12,8,2,19,1,21,13,128,193,163,62,63,61,52,55,153,140,43,117,89,66,69,68,115,80
77,Charlotte Air National Guard Base,,35.21611111111111,-80.93194444444445,2,45.1,88,41.4,0.0,0.0,0.0,3,100,1030.1,1002.4,6.3,31,6.8,75.28571428571429,54.285714285714285,63.285714285714285,74.65714285714286,53.24285714285714,0.0714285714285714,0.0,0.0,15.385714285714286,36.81428571428571,31289.375714285718,5.428571428571429,15.704285714285714,0.1428571428571428,3.0357142857142856,-0.5142938287100097,0.7379484204908207,-0.4046779456269915,-0.17352829709160011,-0.14265580790704105,-0.06917144638660745,-0.22985305794674837,0.8447885134908151,1.3077247269117447,0.31766379715916887,-0.7596403028652072,-1.4198168804971305,-1.2543851404601494,0.8933609506854554,0.534854437179694,0.6712611398392879,0.9411401161851026,0.6497372667280742,-0.8161899558668257,-0.6690254025745666,-0.3321682985375722,-0.8142034354479318,-0.3393948090129453,0.35781239171958246,0.5209766876428332,0.4452068834621492,-1.0329352161334444,0.25896893296240814,136,50,131,12,8,2,19,1,27,112,163,194,194,54,65,64,48,56,168,140,43,177,124,91,70,75,175,84
