base_name,date,cluster_id,latitude,longitude,daily_weather_code,daily_temperature_2m_max,daily_temperature_2m_min,daily_temperature_2m_mean,daily_apparent_temperature_max,daily_apparent_temperature_min,daily_apparent_temperature_mean,daily_daylight_duration,daily_sunshine_duration,daily_precipitation_sum,daily_rain_sum,daily_snowfall_sum,daily_precipitation_hours,daily_wind_speed_10m_max,daily_wind_gusts_10m_max,daily_wind_direction_10m_dominant,daily_shortwave_radiation_sum,daily_et0_fao_evapotranspiration,daily_relative_humidity_2m_max,daily_relative_humidity_2m_min,daily_surface_pressure_max,daily_surface_pressure_min,daily_cloud_cover_mean,daily_wind_speed_10m_mean,daily_wind_gusts_10m_mean
Altus Air Force Base,2025-03-23,2,34.66638888888889,-99.26805555555556,3.0,77.0780258178711,47.88118362426758,62.934574127197266,71.4693832397461,41.852272033691406,56.583106994628906,44071.984375,39434.3125,0.03474109807075226,0.03253908171143943,0.0,0.02819715067744255,24.823951721191406,48.990840911865234,140.47820401809167,21.69634246826172,5.568630218505859,66.52300262451172,27.65433692932129,965.8743286132812,955.8206176757812,46.515953063964844,15.385751724243164,32.55796432495117
Altus Air Force Base,2025-03-24,2,34.66638888888889,-99.26805555555556,3.0,75.99623107910156,50.90017318725586,62.11826705932617,66.29676055908203,43.047889709472656,55.243736267089844,44221.03125,38328.83203125,0.02943083110872606,0.031185162783159127,0.0,0.09674052894115448,26.69464874267578,55.000064849853516,141.90238226635572,21.42186737060547,6.168934345245361,68.37255096435547,24.799766540527344,964.9882202148438,954.4076538085938,41.88546371459961,16.53799057006836,37.079708099365234
Altus Air Force Base,2025-03-25,2,34.66638888888889,-99.26805555555556,3.0,74.04869079589844,49.94634246826172,60.613502502441406,63.995662689208984,40.08873748779297,51.76231002807617,44309.859375,38601.22265625,0.022259165601742834,0.02970077452907655,0.0,0.06954457610845566,26.41078758239746,59.8486442565918,141.53969275827237,21.50743293762207,6.359012126922607,64.23822784423828,23.387487411499023,963.3434448242188,954.0541381835938,33.6830940246582,17.140064239501953,39.366695404052734
Altus Air Force Base,2025-03-26,2,34.66638888888889,-99.26805555555556,3.0,71.60799407958984,46.2444953918457,57.27894592285156,62.17660140991211,37.817298889160156,49.32622146606445,44422.5,38581.1015625,0.022299413484161687,0.04180859936448945,0.0,0.06083296239376068,27.724946975708008,58.354557037353516,141.39674942693912,21.462724685668945,6.232755661010742,57.405372619628906,21.119596481323242,962.6539916992188,953.3369140625,36.21572494506836,17.25847625732422,39.52988815307617
Altus Air Force Base,2025-03-27,2,34.66638888888889,-99.26805555555556,3.0,70.78048706054688,45.27008819580078,56.56555938720703,62.59617614746094,39.23265838623047,50.66271209716797,44562.87890625,39049.18359375,0.023157540356059124,0.05415670343103764,0.0,0.07878995686769485,28.675979614257812,57.994239807128906,141.99528169372024,21.630924224853516,6.075667381286621,60.9826774597168,22.133930206298828,963.7515258789062,952.8392333984375,36.628570556640625,17.09375,38.190792083740234
Altus Air Force Base,2025-03-28,2,34.66638888888889,-99.26805555555556,3.0,70.28421783447266,47.06727981567383,56.473419189453125,62.09386444091797,39.486488342285156,51.314395904541016,44661.234375,38218.25390625,0.01930025389734161,0.05270665654257123,0.0,0.07275416702032089,28.810352325439453,58.99107360839844,141.16186817155656,21.57191276550293,6.205319404602051,60.02970504760742,20.92683982849121,963.2594604492188,952.4227905273438,38.09762954711914,18.636354446411133,38.87353515625
Altus Air Force Base,2025-03-29,2,34.66638888888889,-99.26805555555556,3.0,69.05040740966797,47.04689407348633,56.961544036865234,62.24064636230469,41.15275192260742,51.51853561401367,44742.80859375,38253.80078125,0.024400571426184903,0.06740778848490107,0.0,0.10288374871015549,28.209930419921875,57.74884033203125,141.30507575348926,21.553451538085938,6.377473831176758,62.775550842285156,22.39203643798828,961.3563842773438,951.6331787109375,39.28645324707031,17.620990753173828,37.059757232666016
Joint Base Anacostia-Bolling,2025-03-23,1,38.84277777777778,-77.01611111111112,3.0,64.92086029052734,42.147438049316406,52.188961029052734,57.59093475341797,35.539432525634766,44.292423248291016,44204.9375,38703.16796875,0.0,0.0014145743592914356,0.0,0.035300273448228836,19.875957489013672,41.921356201171875,275.3921638102489,21.263471603393555,4.122574329376221,68.96870422363281,31.741552352905273,1017.5399169921875,1011.6702880859375,36.58454895019531,12.107675552368164,26.74479866027832
Joint Base Anacostia-Bolling,2025-03-24,1,38.84277777777778,-77.01611111111112,3.0,67.81673431396484,42.84823226928711,54.46074295043945,62.65376663208008,37.81404495239258,48.125186920166016,44326.05859375,39085.6953125,0.00860881199724321,0.004289444919828077,0.0,0.02400859072804451,18.758508682250977,40.75260543823242,287.41206957465744,21.504369735717773,4.249853134155273,74.04071807861328,32.356201171875,1017.6530151367188,1011.331787109375,40.763160705566406,11.049640655517578,24.503501892089844
Joint Base Anacostia-Bolling,2025-03-25,1,38.84277777777778,-77.01611111111112,3.0,68.74471282958984,44.22503662109375,55.78437805175781,64.7996597290039,39.53025436401367,49.907840728759766,44433.6328125,39159.3828125,0.0380511829657904,0.023819744194902973,0.0,0.007887418381869793,17.66960334777832,37.934913635253906,285.6263612154978,21.454206466674805,4.290358066558838,77.73711395263672,31.167205810546875,1017.6001586914062,1011.17236328125,39.05055236816406,11.178818702697754,23.844409942626953
Joint Base Anacostia-Bolling,2025-03-26,1,38.84277777777778,-77.01611111111112,3.0,69.4893569946289,45.389225006103516,58.37073516845703,65.50855255126953,41.12864303588867,51.98829650878906,44570.7578125,38930.30859375,0.0,0.019320244396683332,0.0,-0.007531439419835806,18.298582077026367,37.33158493041992,285.6263612154978,21.39714241027832,4.331333637237549,76.55770874023438,30.64468002319336,1017.2216186523438,1010.987548828125,38.94174575805664,11.439520835876465,24.825397491455078
Joint Base Anacostia-Bolling,2025-03-27,1,38.84277777777778,-77.01611111111112,3.0,72.18366241455078,46.89753723144531,59.740325927734375,67.77227020263672,42.70038604736328,53.06975555419922,44679.97265625,38821.38671875,0.0002428783707655805,0.01022282037286723,0.0,0.02549966797232628,18.4630069732666,37.77366256713867,285.3518884743288,21.38627815246582,4.417178153991699,74.41043090820312,30.070165634155273,1016.4712524414062,1010.1299438476562,42.57851028442383,11.021367073059082,23.694250106811523
Joint Base Anacostia-Bolling,2025-03-28,1,38.84277777777778,-77.01611111111112,3.0,74.06842803955078,47.98688888549805,60.87656784057617,68.59483337402344,43.392948150634766,55.37519454956055,44756.6171875,38459.078125,0.04207120806306799,0.02552377613308024,0.0,0.01783394068479538,19.586429595947266,38.49452209472656,285.6263612154978,21.07050132751465,4.446689128875732,73.90392303466797,30.8476619720459,1015.7054443359375,1010.0991821289062,43.26259994506836,11.648368835449219,24.227012634277344
Joint Base Anacostia-Bolling,2025-03-29,1,38.84277777777778,-77.01611111111112,3.0,75.07514190673828,49.39382553100586,62.60317611694336,68.39458465576172,44.175140380859375,57.3590087890625,44846.55078125,38350.80859375,0.042992344149901676,0.03945903628835645,0.0,0.02551109716296196,19.871719360351562,38.9576301574707,285.08902111364375,20.863542556762695,4.5601630210876465,73.28185272216797,32.114036560058594,1015.7177124023438,1009.541015625,42.90827178955078,11.93685531616211,23.980098724365234
Joint Base Andrews-Naval Air Facility Washington,2025-03-23,1,38.81083333333333,-76.86694444444444,3.0,65.09485626220703,41.93046569824219,51.40526580810547,57.249176025390625,34.60271072387695,43.82588577270508,44204.41015625,38040.3671875,0.0,0.0,0.0,-0.0005661310278810561,21.06159019470215,43.935401916503906,269.2548277614251,20.925893783569336,4.193056583404541,62.78305435180664,28.156665802001953,1009.4747924804688,1002.1107177734375,42.19621658325195,12.999476432800293,28.384126663208008
Joint Base Andrews-Naval Air Facility Washington,2025-03-24,1,38.81083333333333,-76.86694444444444,3.0,67.71521759033203,41.79720687866211,53.719329833984375,61.51970672607422,36.99562454223633,46.578948974609375,44330.1328125,38804.90625,0.0,0.0,0.0,0.016576476395130157,20.080224990844727,42.69791793823242,270.1433491897669,21.249631881713867,4.277523040771484,68.28971862792969,28.200780868530273,1009.8941650390625,1003.7180786132812,41.2727165222168,11.974942207336426,26.10796356201172
Joint Base Andrews-Naval Air Facility Washington,2025-03-25,1,38.81083333333333,-76.86694444444444,3.0,68.3802261352539,43.209991455078125,54.19413375854492,63.48955535888672,38.31731033325195,48.44438552856445,44433.6328125,39074.74609375,0.04108403239572823,0.007212999166449734,0.0,-0.016357164829969406,19.979219436645508,41.14756393432617,270.0948897904829,21.10538101196289,4.3810296058654785,70.3900375366211,28.350238800048828,1009.4992065429688,1004.6531372070312,39.726741790771484,12.549983978271484,26.09126091003418
Joint Base Andrews-Naval Air Facility Washington,2025-03-26,1,38.81083333333333,-76.86694444444444,3.0,68.7904052734375,43.91282272338867,56.802947998046875,63.84516143798828,38.820491790771484,48.6984748840332,44572.93359375,38869.39453125,0.0,0.002985218624673961,0.0,-0.0038808928802609444,19.954177856445312,40.34514236450195,275.95735283625663,21.12368392944336,4.416355133056641,70.90963745117188,26.221073150634766,1009.5509033203125,1004.4821166992188,39.71208953857422,13.10450553894043,26.080957412719727
Joint Base Andrews-Naval Air Facility Washington,2025-03-27,1,38.81083333333333,-76.86694444444444,3.0,68.99137878417969,45.3925895690918,58.002872467041016,64.63661193847656,39.60791015625,49.41483688354492,44682.1484375,38780.5078125,0.0,0.0,0.0,0.053539056330919266,19.28712272644043,40.344783782958984,284.7476007078437,20.986330032348633,4.553808212280273,70.99003601074219,28.52555274963379,1009.8247680664062,1004.6834106445312,40.67601013183594,12.141043663024902,26.24459457397461
Joint Base Andrews-Naval Air Facility Washington,2025-03-28,1,38.81083333333333,-76.86694444444444,3.0,68.94700622558594,45.09408187866211,58.71476745605469,64.96575164794922,40.13544845581055,52.041412353515625,44765.5,38018.6875,0.002265733104075152,0.00759368090131219,0.0,0.04023114964365959,20.360002517700195,39.59434127807617,289.55386842550377,20.889225006103516,4.545974254608154,70.44447326660156,29.184967041015625,1009.5184326171875,1004.3522338867188,43.436092376708984,11.710196495056152,25.244823455810547
Joint Base Andrews-Naval Air Facility Washington,2025-03-29,1,38.81083333333333,-76.86694444444444,3.0,69.45252990722656,45.426578521728516,59.034488677978516,65.1865463256836,41.63923263549805,52.975852966308594,44849.5625,38399.921875,0.0,0.022164256032284748,0.0,0.047214191406965256,19.36638832092285,38.928985595703125,288.37649779795163,20.89486312866211,4.616298198699951,70.83954620361328,28.878435134887695,1009.7261962890625,1004.6896362304688,40.292537689208984,11.771470069885254,23.51980972290039
Arnold Air Force Base,2025-03-23,2,35.3925,-86.08583333333333,3.0,67.20954895019531,42.485198974609375,53.7431526184082,62.759796142578125,37.45875930786133,47.8759651184082,44088.71484375,40731.37890625,0.0,0.0,0.0,-0.0133997593075037,19.0991153717041,36.96091842651367,270.13881503084974,22.81296730041504,4.361957550048828,71.5248794555664,33.049678802490234,981.851806640625,975.6698608398438,29.796571731567383,12.75764274597168,26.47081184387207
Arnold Air Force Base,2025-03-24,2,35.3925,-86.08583333333333,3.0,69.46171569824219,42.991004943847656,56.321197509765625,64.4162368774414,38.70092010498047,49.98110580444336,44231.5859375,39633.41796875,0.0,0.0,0.0,-0.016771528869867325,21.093191146850586,42.162376403808594,270.55453824513137,21.76284408569336,4.50921630859375,74.58649444580078,33.1394157409668,981.1194458007812,975.4779052734375,38.903385162353516,12.41026782989502,25.859046936035156
Arnold Air Force Base,2025-03-25,2,35.3925,-86.08583333333333,3.0,71.17306518554688,44.584495544433594,57.228309631347656,64.83150482177734,39.77961730957031,50.44824981689453,44318.7578125,39276.65625,0.0013130364620880534,0.0,0.0,-0.0019590426236391068,20.984325408935547,42.12271499633789,270.55453824513137,21.493574142456055,4.667596340179443,74.37451934814453,33.81992721557617,981.4293823242188,974.979736328125,37.94042205810547,12.630914688110352,26.92977523803711
Arnold Air Force Base,2025-03-26,2,35.3925,-86.08583333333333,3.0,71.8662109375,46.14767837524414,58.319427490234375,64.9145736694336,40.5960807800293,50.872196197509766,44430.92578125,38957.7578125,0.0,0.0,0.0,-0.0001200656988658011,20.284912109375,40.8419075012207,276.41168113506893,21.485050201416016,4.703726768493652,73.43883514404297,33.321163177490234,981.241943359375,974.763427734375,36.25835418701172,13.263262748718262,26.610292434692383
Arnold Air Force Base,2025-03-27,2,35.3925,-86.08583333333333,3.0,73.01844024658203,45.25297927856445,57.57917785644531,65.69239044189453,39.85118103027344,51.31519317626953,44570.8203125,38755.5,0.004360678883300569,0.0,0.0,-0.007630584295839071,20.33005142211914,39.67182540893555,286.3368085676852,21.36545181274414,4.6963419914245605,74.02400970458984,34.78004455566406,981.2766723632812,974.5925903320312,39.114959716796875,12.63033676147461,25.367258071899414
Arnold Air Force Base,2025-03-28,2,35.3925,-86.08583333333333,3.0,75.45372772216797,45.750877380371094,60.04566955566406,67.5228042602539,40.63246154785156,52.735355377197266,44675.12109375,37926.49609375,0.0,0.004005802269843274,0.0,-0.026236243546009064,20.409805297851562,39.22002410888672,285.75335451076677,21.751117706298828,4.828521728515625,74.97069549560547,33.82958221435547,981.2716674804688,974.552001953125,39.28106689453125,11.937356948852539,24.54381561279297
Arnold Air Force Base,2025-03-29,2,35.3925,-86.08583333333333,3.0,75.18872833251953,46.668190002441406,61.71860885620117,67.60638427734375,41.67327117919922,55.350929260253906,44752.96484375,38588.8125,0.005348097655159708,0.04828612494003664,0.0,0.010460318997502327,21.519926071166992,39.91981887817383,284.8773403737808,21.608890533447266,5.026252269744873,74.3122329711914,33.73006057739258,980.5555419921875,972.93798828125,43.269222259521484,12.98076057434082,25.770179748535156
Barksdale Air Force Base,2025-03-23,2,32.50194444444445,-93.66277777777778,3.0,78.6484375,53.856895446777344,66.24641418457031,75.46240234375,49.44257736206055,61.3797492980957,44067.1875,40731.2265625,0.008476326770322387,0.05070240599156848,0.0,0.02356506511569023,23.675125122070312,47.101844787597656,231.11173631608216,22.486860275268555,5.0669684410095215,83.25299072265625,32.568546295166016,1012.5441284179688,1006.6332397460938,27.006488800048828,15.767589569091797,33.05580139160156
Barksdale Air Force Base,2025-03-24,2,32.50194444444445,-93.66277777777778,3.0,77.451416015625,52.755123138427734,64.82328033447266,72.64720916748047,47.38094711303711,59.124000549316406,44216.21875,39940.91015625,0.004846486879000851,0.035465100210998614,0.0,-0.013376866467297077,23.03936195373535,47.849342346191406,247.03157174609106,22.0689640045166,5.1803669929504395,80.2255630493164,30.579099655151367,1013.8452758789062,1007.8060913085938,33.75505828857422,14.968282699584961,32.75212097167969
Barksdale Air Force Base,2025-03-25,2,32.50194444444445,-93.66277777777778,3.0,76.845703125,51.38666915893555,64.3118896484375,70.8705062866211,47.989864349365234,58.39485168457031,44299.0625,39229.2578125,0.0014360080548172945,0.015485732812185508,0.0,0.006976881995797157,21.47910499572754,45.307830810546875,265.3274076909212,22.011207580566406,5.289496898651123,73.97042083740234,29.90678596496582,1013.99609375,1008.7505493164062,33.553714752197266,14.547247886657715,30.97569465637207
Barksdale Air Force Base,2025-03-26,2,32.50194444444445,-93.66277777777778,3.0,77.09395599365234,51.707420349121094,64.4250259399414,71.24287414550781,47.151947021484375,59.286705017089844,44412.21875,39019.85546875,0.0065459794682100015,0.005306964348472406,0.0,0.011709201149642467,20.92088508605957,42.37655258178711,274.7370638757892,21.740760803222656,5.296342849731445,73.7042465209961,28.710918426513672,1014.63720703125,1010.5957641601562,35.311317443847656,13.328926086425781,28.243986129760742
Barksdale Air Force Base,2025-03-27,2,32.50194444444445,-93.66277777777778,3.0,77.97014617919922,52.1413459777832,65.57567596435547,72.68192291259766,47.83401870727539,60.77947998046875,44552.08203125,38935.23828125,0.04264714415218097,0.006019212419455073,0.0,0.015203183516860008,20.88314437866211,40.85404968261719,283.6656478282192,21.58684539794922,5.240114212036133,74.34272003173828,29.18553924560547,1015.535888671875,1011.062255859375,36.56244659423828,12.645000457763672,26.71969223022461
Barksdale Air Force Base,2025-03-28,2,32.50194444444445,-93.66277777777778,3.0,78.67015838623047,52.651485443115234,65.49298095703125,73.6739730834961,48.0393180847168,61.3782844543457,44661.3125,38065.7890625,0.0,0.015297217980471282,0.0,0.2835483253002167,21.085115432739258,39.46495819091797,284.4275148420593,21.57599639892578,5.358288764953613,74.97370147705078,29.75737953186035,1016.4414672851562,1010.4807739257812,38.83378601074219,12.383320808410645,25.630483627319336
Barksdale Air Force Base,2025-03-29,2,32.50194444444445,-93.66277777777778,3.0,78.90296173095703,54.4005012512207,65.7100601196289,75.27021789550781,49.21272659301758,62.2796745300293,44742.53515625,38432.34765625,0.011535144567824495,0.028685050521150113,0.0,-0.022167041897773743,20.967939376831055,38.49364471435547,284.2014625347756,21.800519943237305,5.433535575866699,74.18936157226562,29.748680114746094,1016.3793334960938,1011.2604370117188,35.43771743774414,12.549731254577637,24.961116790771484
Beale Air Force Base,2025-03-23,0,39.13611111111111,-121.4363888888889,3.0,65.328125,44.265464782714844,54.54319763183594,61.8311882019043,41.8096923828125,51.232295989990234,44190.3125,38166.4921875,0.05267738976579978,0.0,0.0,0.4085801839828491,14.45669174194336,27.681726455688477,290.6369802681389,20.124231338500977,3.117297410964966,88.92023468017578,50.946380615234375,1017.23974609375,1013.1251831054688,46.769447326660156,7.5962677001953125,16.427040100097656
Beale Air Force Base,2025-03-24,0,39.13611111111111,-121.4363888888889,3.0,67.08296966552734,44.79131317138672,56.05374526977539,63.35833740234375,42.60063171386719,52.700599670410156,44317.8515625,39332.58203125,0.035544133804023485,0.0,0.0,0.10720204561948776,14.981657028198242,31.973201751708984,266.7213237668666,20.736759185791016,3.6008524894714355,88.43635559082031,47.745361328125,1016.5763549804688,1012.1114501953125,44.04737854003906,9.284777641296387,19.65059471130371
Beale Air Force Base,2025-03-25,0,39.13611111111111,-121.4363888888889,3.0,69.38589477539062,45.57462692260742,57.28810119628906,63.294288635253906,42.057106018066406,53.53073501586914,44432.6796875,39252.02734375,0.04561898870685304,0.000914751343626111,0.0,-0.05546083301305771,18.158863067626953,35.805633544921875,264.71221075024914,20.7814884185791,3.9583141803741455,87.46900177001953,45.80891036987305,1016.5531616210938,1011.4110717773438,40.14364242553711,10.843820571899414,24.01804542541504
Beale Air Force Base,2025-03-26,0,39.13611111111111,-121.4363888888889,3.0,70.46308135986328,46.293087005615234,58.323143005371094,63.373687744140625,42.268070220947266,53.39442443847656,44571.91796875,39091.53515625,0.03018325243201314,0.0,0.0,-0.017019471153616905,19.87282371520996,37.484188079833984,276.487539025707,20.524560928344727,4.0181498527526855,82.19702911376953,45.70026779174805,1016.82275390625,1010.5171508789062,41.757728576660156,12.30760669708252,25.03325653076172
Beale Air Force Base,2025-03-27,0,39.13611111111111,-121.4363888888889,3.0,70.77320098876953,46.999698638916016,59.10898971557617,64.7610855102539,42.5389518737793,53.743534088134766,44670.359375,38688.30859375,0.05288683200461555,0.005792504573477337,0.0,0.015623160637915134,20.77200698852539,37.96274185180664,289.5664166193038,20.357009887695312,4.022980213165283,81.01737213134766,43.6505126953125,1016.6925048828125,1011.14208984375,41.03297424316406,12.269436836242676,24.901573181152344
Beale Air Force Base,2025-03-28,0,39.13611111111111,-121.4363888888889,3.0,72.03215026855469,47.248077392578125,59.77965545654297,66.54149627685547,43.02936553955078,53.89909362792969,44744.09375,38072.46875,0.03722400439474209,0.006711454551601666,0.0,-0.0009872219525277615,20.266611099243164,35.95703887939453,288.18899469696106,20.58667755126953,4.115716457366943,79.54412078857422,42.125579833984375,1016.6163330078125,1010.8607788085938,39.79724884033203,12.05660629272461,23.145092010498047
Beale Air Force Base,2025-03-29,0,39.13611111111111,-121.4363888888889,3.0,73.99028778076172,48.13266372680664,61.14537048339844,67.51471710205078,44.5545654296875,54.948097229003906,44855.62890625,38267.140625,0.0,0.044475992576606074,0.0,0.02429821342229843,20.113759994506836,35.599876403808594,282.5346911767974,20.555952072143555,4.256256103515625,81.03581237792969,41.389163970947266,1016.3117065429688,1011.1128540039062,42.58161926269531,12.316061019897461,23.65399169921875
Cannon Air Force Base,2025-03-23,0,34.382777777777775,-103.32222222222222,3.0,69.54704284667969,43.07900619506836,55.398826599121094,57.25642395019531,32.946044921875,43.15837860107422,44077.328125,40065.81640625,0.00023477692767438343,0.0,0.0,0.13040539622306824,31.986984252929688,58.66133499145508,252.79742351461755,22.923858642578125,6.253673553466797,40.021507263183594,10.830257415771484,872.151611328125,865.2730712890625,42.29762649536133,18.76080322265625,39.78152084350586
Cannon Air Force Base,2025-03-24,0,34.382777777777775,-103.32222222222222,3.0,67.314697265625,40.281593322753906,51.820762634277344,56.57704544067383,32.56346130371094,41.81361770629883,44220.8828125,39364.1796875,0.0,0.0,0.0,0.11475463956594467,29.588335037231445,55.72669982910156,263.6875391614367,22.70669937133789,6.255880355834961,43.73876190185547,12.229963302612305,874.67236328125,866.9331665039062,37.43015670776367,17.78667449951172,35.99459457397461
Cannon Air Force Base,2025-03-25,0,34.382777777777775,-103.32222222222222,3.0,65.09477996826172,39.09123229980469,50.757545471191406,56.24467468261719,31.58829689025879,41.65158462524414,44325.359375,39531.55078125,0.0,0.0,0.0,0.1063046008348465,30.322021484375,53.932220458984375,257.36890326855206,22.307706832885742,6.317841529846191,41.64567947387695,13.646702766418457,878.0353393554688,869.10400390625,35.6246452331543,18.439197540283203,36.67839813232422
Cannon Air Force Base,2025-03-26,0,34.382777777777775,-103.32222222222222,3.0,65.9957275390625,38.47928237915039,50.86967849731445,55.389739990234375,30.872865676879883,41.99957275390625,44437.54296875,39256.65234375,0.0,0.0,0.0,0.09627389162778854,29.690956115722656,52.73273468017578,266.1961022848661,21.687162399291992,6.013200759887695,47.29433059692383,13.760135650634766,879.1575927734375,870.7783813476562,39.1307258605957,17.356857299804688,35.252925872802734
Cannon Air Force Base,2025-03-27,0,34.382777777777775,-103.32222222222222,3.0,67.31238555908203,39.440452575683594,52.34303283691406,56.965396881103516,31.983552932739258,44.18879318237305,44577.921875,39431.53125,0.0,0.0,0.0,0.08818039298057556,27.52704620361328,50.20445251464844,270.6156295325116,21.995677947998047,5.955659866333008,48.64449691772461,14.369454383850098,881.4510498046875,871.7106323242188,37.84546661376953,16.69449234008789,35.688777923583984
Cannon Air Force Base,2025-03-28,0,34.382777777777775,-103.32222222222222,3.0,68.6014404296875,41.825496673583984,54.81185531616211,59.855194091796875,34.409698486328125,46.52405548095703,44680.765625,37975.30078125,0.0010168110694768532,0.007315461819036787,0.0,0.12323131412267685,28.329864501953125,50.44017028808594,270.59180725477324,21.790973663330078,5.964112758636475,47.5213623046875,15.362954139709473,882.6394653320312,873.1144409179688,41.031394958496094,17.012678146362305,35.546939849853516
Cannon Air Force Base,2025-03-29,0,34.382777777777775,-103.32222222222222,3.0,68.36746978759766,42.40174102783203,55.03339767456055,59.84044647216797,35.71706771850586,47.3163948059082,44762.40234375,38337.46875,0.0,0.017791808030059527,0.0,0.12610402703285217,29.32840919494629,52.51906204223633,275.3767096840181,21.898433685302734,6.048539638519287,48.816646575927734,16.804140090942383,882.3902587890625,874.8468017578125,37.97285461425781,17.48990821838379,32.9681510925293
Joint Base Charleston,2025-03-23,2,32.89861111111111,-80.04055555555556,3.0,75.67243957519531,48.914913177490234,60.47850036621094,71.48283386230469,44.880516052246094,56.054386138916016,44066.21484375,41535.49609375,0.00759864783691886,0.022356689045997132,0.0,0.01630283147096634,17.20484161376953,37.21574783325195,246.12078539780566,23.275083541870117,4.658088207244873,75.74925994873047,30.619340896606445,1017.7894897460938,1013.4246826171875,24.13025665283203,11.947263717651367,25.95208168029785
Joint Base Charleston,2025-03-24,2,32.89861111111111,-80.04055555555556,3.0,76.62140655517578,51.16667175292969,63.70586395263672,72.54002380371094,47.34270095825195,59.41666793823242,44215.19921875,40427.3984375,0.0,0.03469930999291212,0.0,-0.051641203463077545,19.84613800048828,40.51274490356445,255.6065244896337,22.493545532226562,4.635656356811523,76.01776885986328,34.29314422607422,1016.5260620117188,1010.9761962890625,37.847965240478516,14.007894515991211,28.399978637695312
Joint Base Charleston,2025-03-25,2,32.89861111111111,-80.04055555555556,3.0,77.0400619506836,51.72133255004883,64.8543701171875,73.27017974853516,49.28773880004883,60.474796295166016,44299.51953125,39764.8046875,0.012498273168345756,0.02624838251415868,0.0,0.009636961854994297,21.5604248046875,42.413700103759766,265.8636319108127,22.021923065185547,4.757692337036133,77.51982879638672,32.84217071533203,1016.337646484375,1011.1318359375,36.70371627807617,12.874528884887695,27.611265182495117
Joint Base Charleston,2025-03-26,2,32.89861111111111,-80.04055555555556,3.0,76.58184051513672,52.30485534667969,64.8780746459961,73.52941131591797,48.80733871459961,60.27528381347656,44411.74609375,39114.3828125,0.0,0.020133980914449384,0.0,0.0009185178787447512,21.148948669433594,42.01753234863281,275.8922305492365,21.908246994018555,4.7499003410339355,76.09627532958984,32.47293472290039,1017.307861328125,1011.60009765625,34.24576950073242,13.572394371032715,27.680768966674805
Joint Base Charleston,2025-03-27,2,32.89861111111111,-80.04055555555556,3.0,76.8955307006836,52.756996154785156,65.19650268554688,73.56090545654297,48.397193908691406,61.051692962646484,44551.58203125,38746.359375,0.008747437131559775,0.01066272462293851,0.0,0.011392948217689991,20.114126205444336,40.762535095214844,289.04585713721156,21.471908569335938,4.763517379760742,77.2076644897461,33.53192138671875,1017.73046875,1011.6694946289062,33.840816497802734,13.090808868408203,26.70134925842285
Joint Base Charleston,2025-03-28,2,32.89861111111111,-80.04055555555556,3.0,77.5490951538086,53.805267333984375,64.91725158691406,73.91368103027344,48.928775787353516,61.66260528564453,44661.296875,38239.890625,0.04206269871487734,0.03329473914120709,0.0,0.022104579955339432,19.576343536376953,39.06239318847656,288.22160780424906,21.660831451416016,4.784347057342529,76.11417388916016,31.977447509765625,1018.3102416992188,1011.504150390625,38.292152404785156,12.478975296020508,24.238740921020508
Joint Base Charleston,2025-03-29,2,32.89861111111111,-80.04055555555556,3.0,78.022705078125,54.495635986328125,65.3883056640625,74.33331298828125,49.397216796875,61.93931198120117,44742.87109375,38438.32421875,0.0,0.045109141187313614,0.0,0.02774004265666008,20.095258712768555,38.356536865234375,288.0135833355775,21.5960750579834,4.836026668548584,75.6548843383789,32.011173248291016,1018.4447021484375,1011.6485595703125,37.893089294433594,12.992900848388672,23.486408233642578
Columbus Air Force Base,2025-03-23,2,33.64388888888889,-88.44388888888889,3.0,74.57659912109375,48.12600326538086,61.70111083984375,73.21851348876953,45.74168395996094,59.16413879394531,44075.01171875,40740.4765625,0.0,0.002831464250040483,0.0,-0.09089917689561844,16.980289459228516,34.641788482666016,243.20457790655172,22.01775360107422,4.336429119110107,82.67559051513672,37.048194885253906,1012.9749755859375,1008.4851684570312,29.6994686126709,11.151970863342285,25.01302719116211
Columbus Air Force Base,2025-03-24,2,33.64388888888889,-88.44388888888889,3.0,76.05833435058594,50.61260986328125,64.31832885742188,72.44961547851562,48.71142578125,60.22208786010742,44220.96875,39788.765625,0.04299762837428265,0.02762865557018735,0.0,-0.08383400738239288,19.80146598815918,41.97038650512695,259.59287154115714,21.319995880126953,4.498037338256836,82.74617004394531,33.74805450439453,1012.9779663085938,1007.8386840820312,38.99467468261719,13.339408874511719,27.896034240722656
Columbus Air Force Base,2025-03-25,2,33.64388888888889,-88.44388888888889,3.0,75.6160888671875,51.311920166015625,64.44007873535156,72.13318634033203,48.57521438598633,59.02589416503906,44299.51953125,39301.015625,0.0,0.011701226451731161,0.0,-0.004908474162220955,20.733356475830078,41.223392486572266,271.3196214451665,21.379152297973633,4.6018147468566895,78.53282165527344,34.466217041015625,1013.3574829101562,1008.1068725585938,38.52525329589844,12.879240036010742,25.505830764770508
Columbus Air Force Base,2025-03-26,2,33.64388888888889,-88.44388888888889,3.0,76.99574279785156,51.76939010620117,65.15909576416016,72.16409301757812,49.045249938964844,60.23088073730469,44411.23046875,38827.734375,0.005583276815631904,0.0,0.0,0.008644367568194866,20.514122009277344,40.181556701660156,272.7198884194609,21.36324119567871,4.622117042541504,78.97044372558594,34.30205154418945,1013.3964233398438,1008.1716918945312,36.798057556152344,13.464630126953125,25.07765007019043
Columbus Air Force Base,2025-03-27,2,33.64388888888889,-88.44388888888889,3.0,77.00303649902344,51.781349182128906,65.17150115966797,71.26917266845703,48.139671325683594,60.309814453125,44551.58203125,38753.16015625,0.045581653552897214,0.004263965325583004,0.0,0.004446410574018955,20.346961975097656,40.1072998046875,285.3035422848726,21.283802032470703,4.564909934997559,78.07569122314453,35.535400390625,1013.0576171875,1008.53076171875,40.520355224609375,13.115324020385742,25.387514114379883
Columbus Air Force Base,2025-03-28,2,33.64388888888889,-88.44388888888889,3.0,77.64739990234375,51.635459899902344,64.72600555419922,72.51060485839844,47.71390151977539,60.57695770263672,44661.3125,38120.78515625,0.04182089068899116,0.01389014299087398,0.0,0.005767068825662136,19.450130462646484,37.014732360839844,284.6445037336692,21.519742965698242,4.681639671325684,78.35139465332031,34.00837326049805,1013.5537109375,1008.7886962890625,39.86525344848633,11.714247703552246,23.727785110473633
Columbus Air Force Base,2025-03-29,2,33.64388888888889,-88.44388888888889,3.0,77.47004699707031,52.59715270996094,64.95441436767578,74.25765228271484,48.72991180419922,61.035728454589844,44742.3515625,38411.37109375,0.0019758037107737384,0.03910129857384805,0.0,-0.07719540596008301,19.95262908935547,38.06583786010742,285.2457502246782,21.531896591186523,4.7820143699646,79.54766845703125,36.6663932800293,1014.0056762695312,1008.10205078125,39.927635192871094,11.983468055725098,24.521053314208984
Creech Air Force Base,2025-03-23,0,36.58722222222222,-115.67333333333332,3.0,73.5809097290039,48.49479293823242,62.02347183227539,64.51287078857422,41.666297912597656,53.83529281616211,44077.5078125,36431.734375,0.012993940107492925,0.031168366118256328,0.0,0.45817190408706665,20.6981143951416,35.51131820678711,263.322372260104,20.32940673828125,4.409678936004639,48.41425323486328,19.76447868347168,908.4572143554688,903.2211303710938,57.27663040161133,9.398380279541016,23.185056686401367
Creech Air Force Base,2025-03-24,0,36.58722222222222,-115.67333333333332,3.0,72.93217468261719,46.98301696777344,60.89107894897461,64.45823669433594,40.61261749267578,52.02116775512695,44216.51953125,38712.23046875,0.010049779297279588,0.013593548429967342,0.0,0.005520266015082598,21.838207244873047,39.54533767700195,270.94615807205463,21.243118286132812,4.908018589019775,52.500850677490234,17.65853500366211,907.267333984375,901.9669799804688,41.513832092285156,11.600502014160156,25.72954559326172
Creech Air Force Base,2025-03-25,0,36.58722222222222,-115.67333333333332,3.0,73.52632141113281,46.163326263427734,60.77592849731445,63.85594940185547,39.76383972167969,52.02533721923828,44305.8203125,39605.4453125,0.0009926689586420936,0.005854368689212246,0.0,-0.002828936092555523,23.367130279541016,41.229103088378906,277.2503253309895,21.470319747924805,5.0881428718566895,47.37298583984375,17.16323471069336,907.3367919921875,900.95751953125,40.0181884765625,13.340319633483887,26.729915618896484
Creech Air Force Base,2025-03-26,0,36.58722222222222,-115.67333333333332,3.0,72.86162567138672,45.69096755981445,60.53084182739258,64.59461212158203,39.18442153930664,52.16483688354492,44418.50390625,39553.40234375,0.0029789344679343023,0.010494374837274124,0.0,-0.008030775003135204,21.966445922851562,39.50020980834961,285.0170344370432,21.74193000793457,5.028012752532959,48.159244537353516,18.363361358642578,909.0343627929688,901.5916748046875,39.4843864440918,12.763138771057129,26.828628540039062
Creech Air Force Base,2025-03-27,0,36.58722222222222,-115.67333333333332,3.0,73.06724548339844,46.605892181396484,61.41307830810547,65.47164154052734,39.772178649902344,53.37883377075195,44547.5859375,39203.51953125,0.0,0.0,0.0,0.000628774578217417,20.93376922607422,39.38596725463867,283.3147355431469,21.59269142150879,5.0857672691345215,49.655277252197266,18.37017822265625,908.925048828125,900.9240112304688,41.065948486328125,12.000203132629395,26.080411911010742
Creech Air Force Base,2025-03-28,0,36.58722222222222,-115.67333333333332,3.0,74.22688293457031,47.979496002197266,62.675537109375,66.36122131347656,40.76044845581055,54.38730239868164,44656.80078125,38709.4609375,0.0015116099932180969,0.0013143669721715693,0.0,-0.025786466896533966,20.61003875732422,38.73933410644531,285.06843246483265,21.46153450012207,5.188155174255371,50.280643463134766,18.756982803344727,908.7404174804688,900.7544555664062,42.31615447998047,11.96645736694336,25.514446258544922
Creech Air Force Base,2025-03-29,0,36.58722222222222,-115.67333333333332,3.0,75.35638427734375,48.47853469848633,63.19865417480469,68.06562805175781,41.557010650634766,54.61945724487305,44737.37109375,38575.4609375,0.0,0.021580314520956913,0.0,0.001341992523521185,21.12540626525879,38.57252502441406,283.19198957631664,21.550533294677734,5.272860050201416,50.85493087768555,18.382156372070312,908.89501953125,901.060546875,41.233463287353516,12.162814140319824,23.83542823791504
Davis–Monthan Air Force Base,2025-03-23,0,32.16638888888889,-110.88305555555554,3.0,83.69065856933594,51.9135856628418,68.62628173828125,79.19269561767578,45.74211502075195,61.26850128173828,44064.84375,41269.80859375,0.012543490172753809,0.009272423228159151,0.0,0.4914584159851074,19.35776138305664,36.567195892333984,258.04406565089124,24.14455795288086,5.934275150299072,27.66080093383789,8.03421401977539,925.5980834960938,921.8074951171875,23.115802764892578,9.732213020324707,22.733016967773438
Davis–Monthan Air Force Base,2025-03-24,0,32.16638888888889,-110.88305555555554,3.0,82.34821319580078,52.475887298583984,68.50969696044922,76.69465637207031,46.72319793701172,60.868656158447266,44213.828125,40592.7578125,0.01004556128727723,0.011792254670403502,0.0,-0.02959844470024109,23.191316604614258,44.20925521850586,261.91994898184515,23.715450286865234,6.383762836456299,29.703195571899414,9.007075309753418,927.3233032226562,921.6398315429688,30.84039878845215,12.58942699432373,28.830812454223633
Davis–Monthan Air Force Base,2025-03-25,0,32.16638888888889,-110.88305555555554,3.0,80.42939758300781,53.19573211669922,67.48926544189453,72.17073822021484,46.1510009765625,60.000526428222656,44296.671875,40855.39453125,0.011215390252360303,0.015611590869716304,0.0,-0.02496500313282013,24.146114349365234,48.32275390625,262.11504016222256,23.60848617553711,6.497180938720703,32.30446243286133,10.409971237182617,926.0899658203125,920.8623046875,28.485366821289062,13.676517486572266,29.528179168701172
Davis–Monthan Air Force Base,2025-03-26,0,32.16638888888889,-110.88305555555554,3.0,78.19639587402344,51.58649826049805,64.39434814453125,68.69483947753906,45.369693756103516,57.24152755737305,44409.828125,41021.6640625,0.07189263451308912,0.01572155138797703,0.0,-0.027390986680984497,23.604074478149414,45.640201568603516,261.3042459906977,23.594982147216797,6.3152360916137695,36.68686294555664,12.450428009033203,926.1337890625,920.9328002929688,29.553607940673828,13.363409996032715,27.785045623779297
Davis–Monthan Air Force Base,2025-03-27,0,32.16638888888889,-110.88305555555554,3.0,76.96061706542969,50.3381462097168,63.54582977294922,69.62410736083984,41.5483512878418,56.38080596923828,44549.62890625,40922.515625,0.010621439285398568,0.014448686099716581,0.0,-0.03253324702382088,23.861391067504883,47.23704147338867,261.368208123699,23.61545181274414,6.368772983551025,43.22260665893555,13.452278137207031,926.1680908203125,920.159912109375,29.465728759765625,13.507547378540039,29.55547523498535
Davis–Monthan Air Force Base,2025-03-28,0,32.16638888888889,-110.88305555555554,3.0,76.19711303710938,50.23591613769531,62.615234375,70.50597381591797,42.70530700683594,57.68386459350586,44658.859375,40145.94921875,0.00468321918448304,0.011376890883952637,0.0,-0.033075567334890366,23.330753326416016,47.07118606567383,261.73816375388026,23.395057678222656,6.396579265594482,50.194000244140625,14.386470794677734,926.0866088867188,920.598388671875,36.139949798583984,13.195015907287598,29.868677139282227
Davis–Monthan Air Force Base,2025-03-29,0,32.16638888888889,-110.88305555555554,3.0,76.86279296875,50.428382873535156,62.88694381713867,71.31818389892578,43.43312072753906,58.23459243774414,44739.9609375,39795.2265625,0.0024159472162732115,0.02169833747796775,0.0,-0.02293158322572708,22.50249671936035,48.39065933227539,262.15192083701015,23.254106521606445,6.313185214996338,53.630733489990234,15.809165000915527,926.0814208984375,921.0419921875,37.504032135009766,13.002426147460938,29.341896057128906
Dover Air Force Base,2025-03-23,1,39.12833333333333,-75.46472222222222,3.0,62.56913757324219,40.904052734375,50.76461410522461,56.47908020019531,34.616355895996094,43.74209213256836,44205.828125,39728.828125,0.04210638750182516,0.0,0.0,0.10185748338699341,23.850135803222656,43.752254486083984,265.52961018233776,20.8919620513916,3.9504783153533936,69.71391296386719,36.71696472167969,1016.4454956054688,1009.93408203125,42.08200454711914,14.32685375213623,27.984996795654297
Dover Air Force Base,2025-03-24,1,39.12833333333333,-75.46472222222222,3.0,65.19672393798828,42.72385025024414,53.89211654663086,60.203887939453125,37.69289016723633,47.17561340332031,44331.0234375,39494.46875,0.0461872824798218,0.012163540049598529,0.0,-0.0023286445066332817,21.44645118713379,40.30447006225586,274.8899951893499,21.48175621032715,4.147807598114014,76.71004486083984,35.45353317260742,1017.3394775390625,1012.4706420898438,41.828453063964844,13.966714859008789,27.787349700927734
Dover Air Force Base,2025-03-25,1,39.12833333333333,-75.46472222222222,3.0,67.62328338623047,43.684757232666016,55.81926727294922,63.08108901977539,39.96180725097656,49.34107208251953,44434.4609375,39194.7109375,0.044320972022792386,0.004388909630020618,0.0,0.0029215356335043907,21.753461837768555,39.61580276489258,288.1514539597448,21.343076705932617,4.196557998657227,78.47019958496094,35.35804748535156,1017.9000244140625,1012.910400390625,42.45252990722656,13.230995178222656,26.417043685913086
Dover Air Force Base,2025-03-26,1,39.12833333333333,-75.46472222222222,3.0,68.42589569091797,44.2268180847168,57.088314056396484,63.75642776489258,40.046634674072266,50.12331008911133,44571.6484375,38811.43359375,0.0379185286996724,0.00949436235627887,0.0,-0.024826209992170334,20.970684051513672,37.58891677856445,287.95912765404114,21.31540870666504,4.200423717498779,78.81462860107422,34.69023513793945,1018.3873291015625,1012.695068359375,41.35715866088867,12.845436096191406,24.65850067138672
Dover Air Force Base,2025-03-27,1,39.12833333333333,-75.46472222222222,3.0,68.93571472167969,45.78951644897461,58.45620346069336,64.49149322509766,41.469539642333984,51.61349868774414,44680.84765625,38743.6796875,0.0,0.009882236065980704,0.0,-0.00800358410924673,20.118131637573242,37.018409729003906,287.95912765404114,21.156265258789062,4.195098400115967,79.3863296508789,34.28656768798828,1017.9869384765625,1012.3651733398438,41.24974822998047,12.369864463806152,23.406993865966797
Dover Air Force Base,2025-03-28,1,39.12833333333333,-75.46472222222222,3.0,68.38558197021484,46.84556579589844,58.36091232299805,64.63285064697266,43.211307525634766,53.5539436340332,44762.921875,38431.7578125,0.004213618792370189,0.02381613231887893,0.0,0.010626721195876598,21.136749267578125,38.43861770629883,276.6846779658789,20.77642059326172,4.307383060455322,78.49008178710938,35.60987091064453,1017.0330200195312,1011.4976806640625,42.2823486328125,12.473312377929688,23.705699920654297
Dover Air Force Base,2025-03-29,1,39.12833333333333,-75.46472222222222,3.0,69.21356201171875,47.465972900390625,59.470603942871094,65.16236114501953,42.75554656982422,53.993011474609375,44869.89453125,37809.0078125,0.04123629553224879,0.03569268915165978,0.0,0.049771226942539215,21.949695587158203,40.00979232788086,289.69482812678586,20.58371353149414,4.322342395782471,77.88037109375,35.35309982299805,1016.29052734375,1010.7748413085938,43.486045837402344,12.83448600769043,25.264278411865234
Dyess Air Force Base,2025-03-23,2,32.420833333333334,-99.85472222222222,3.0,84.14717864990234,52.170509338378906,67.67877960205078,76.90447235107422,45.304378509521484,59.50594711303711,44067.08203125,41111.828125,0.010016123190987113,0.011942716152434847,0.0,-0.010895930230617523,32.06195831298828,61.030799865722656,234.12603723044714,23.422868728637695,6.9171295166015625,50.17174530029297,12.07629680633545,952.6196899414062,944.77734375,23.371417999267578,19.5681095123291,43.20940399169922
Dyess Air Force Base,2025-03-24,2,32.420833333333334,-99.85472222222222,3.0,78.06427001953125,49.96964645385742,62.422542572021484,69.40367889404297,39.71953582763672,53.39756774902344,44216.11328125,40389.7578125,0.005131026514697384,0.010551506639587272,0.0,-0.024073224514722824,29.081151962280273,57.25684356689453,252.08840932735643,23.31229591369629,6.744133949279785,49.620853424072266,12.623204231262207,954.0787353515625,945.7767333984375,27.847517013549805,17.30512809753418,42.34708786010742
Dyess Air Force Base,2025-03-25,2,32.420833333333334,-99.85472222222222,3.0,76.82643127441406,47.64470291137695,60.664581298828125,67.1727523803711,39.067649841308594,53.13198471069336,44296.671875,40557.33203125,0.0023167364645797833,0.008955953213549714,0.0,-0.024073224514722824,24.800113677978516,50.10365676879883,263.37695195586235,23.554912567138672,6.770383358001709,46.82422637939453,12.58344841003418,955.770263671875,947.96630859375,24.921772003173828,16.921186447143555,34.67426681518555
Dyess Air Force Base,2025-03-26,2,32.420833333333334,-99.85472222222222,3.0,77.75177001953125,48.45724868774414,61.495521545410156,67.5322494506836,40.07643508911133,54.04141616821289,44409.828125,40721.33984375,0.004547699620621129,0.0,0.0,0.21911296248435974,26.76063346862793,49.567203521728516,262.1474522640626,23.522857666015625,6.525505065917969,46.05491256713867,13.196015357971191,955.979248046875,948.6182861328125,28.501863479614258,16.89067840576172,34.734798431396484
Dyess Air Force Base,2025-03-27,2,32.420833333333334,-99.85472222222222,3.0,77.62979125976562,47.58205795288086,61.5324821472168,66.90899658203125,40.1146125793457,54.88838195800781,44549.70703125,40539.2421875,0.0,0.002202005945781195,0.0,-0.03794718533754349,26.03221321105957,47.702632904052734,262.5717577910674,23.274311065673828,6.328500747680664,49.90462875366211,13.596939086914062,956.4457397460938,949.5367431640625,30.003158569335938,14.897565841674805,32.091922760009766
Dyess Air Force Base,2025-03-28,2,32.420833333333334,-99.85472222222222,3.0,78.38819885253906,49.11798095703125,62.74009704589844,67.0924301147461,40.939109802246094,54.75892639160156,44656.859375,39682.5625,0.01141741395562208,0.001803856413069938,0.0,-0.02390061691403389,27.47128677368164,48.694488525390625,255.6918206325808,23.131393432617188,6.538829803466797,47.49553680419922,13.285557746887207,956.0288696289062,949.4979858398438,31.72109031677246,16.46271514892578,33.514339447021484
Dyess Air Force Base,2025-03-29,2,32.420833333333334,-99.85472222222222,3.0,76.93795013427734,49.18208312988281,61.353023529052734,68.3244400024414,41.13113021850586,55.40953063964844,44740.41796875,38930.484375,0.0018780473241356338,0.02435670526699171,0.0,-0.022569440305233,26.66809844970703,47.25490188598633,262.6426896775872,22.85174560546875,6.414900302886963,50.16233825683594,13.131683349609375,955.6646728515625,948.9129638671875,37.484886169433594,16.720518112182617,32.43440628051758
Edwards Air Force Base,2025-03-23,0,34.90555555555555,-117.88361111111112,3.0,74.9242935180664,46.79533386230469,59.119449615478516,68.72695922851562,40.5918083190918,53.517974853515625,44078.03515625,39715.48828125,0.0019030315619506422,0.0,0.0,-0.004914494231343269,24.76824378967285,42.67049026489258,266.3113112435863,21.817827224731445,5.162993431091309,71.16993713378906,23.466455459594727,936.602783203125,934.2533569335938,48.69204330444336,14.275130271911621,28.959104537963867
Edwards Air Force Base,2025-03-24,0,34.90555555555555,-117.88361111111112,3.0,75.72884368896484,46.474483489990234,60.04777145385742,67.81356048583984,40.608734130859375,53.37840270996094,44226.50390625,39107.76171875,0.0,0.0,0.0,-0.020027808845043182,26.19485092163086,42.24445343017578,277.2144958097009,21.872522354125977,5.450784683227539,69.17411804199219,21.413400650024414,940.3842163085938,935.3375244140625,41.30716323852539,14.31077766418457,28.93895149230957
Edwards Air Force Base,2025-03-25,0,34.90555555555555,-117.88361111111112,3.0,75.58956909179688,46.583499908447266,61.66533660888672,66.6047592163086,40.89462661743164,53.36396789550781,44310.890625,39747.19921875,0.005613136402827201,0.0,0.0,-0.022825270891189575,25.76317024230957,40.99952697753906,284.3220400536002,21.8947696685791,5.658665657043457,67.9274673461914,22.192611694335938,944.4457397460938,937.788818359375,42.56269073486328,14.087841987609863,27.819835662841797
Edwards Air Force Base,2025-03-26,0,34.90555555555555,-117.88361111111112,3.0,76.12267303466797,47.485931396484375,62.59151077270508,65.94296264648438,39.82309341430664,53.02656936645508,44420.5625,39711.64453125,0.0,0.0,0.0,-0.023619066923856735,27.0543155670166,40.280296325683594,285.211930877483,21.84654998779297,5.635993480682373,67.57154846191406,21.50555419921875,947.2483520507812,940.0396118164062,42.407466888427734,13.766054153442383,27.99119758605957
Edwards Air Force Base,2025-03-27,0,34.90555555555555,-117.88361111111112,3.0,76.00878143310547,47.25471115112305,62.67243576049805,66.60332489013672,39.78432846069336,53.74052047729492,44549.64453125,39693.39453125,0.007533075561301864,0.0,0.0,-0.026609327644109726,27.278884887695312,42.56785202026367,282.92648648889787,21.814804077148438,5.780391216278076,64.77176666259766,22.148664474487305,948.2240600585938,941.70361328125,41.274681091308594,14.404075622558594,28.082252502441406
Edwards Air Force Base,2025-03-28,0,34.90555555555555,-117.88361111111112,3.0,76.18852996826172,47.97489547729492,63.41701889038086,66.61053466796875,40.46220779418945,54.220848083496094,44658.859375,38727.30859375,0.0,0.005482174471186606,0.0,-0.0014816047623753548,29.048742294311523,45.31380844116211,283.9555252940907,21.77352523803711,5.892541408538818,65.3230972290039,22.60918426513672,949.6796264648438,942.7396850585938,40.880950927734375,15.128766059875488,29.828548431396484
Edwards Air Force Base,2025-03-29,0,34.90555555555555,-117.88361111111112,3.0,75.8940200805664,47.66590881347656,63.28778839111328,66.97753143310547,40.827064514160156,53.513519287109375,44740.40234375,38704.9921875,0.008968616197746289,0.01751214992590501,0.0,-0.0015147733502089977,27.88382339477539,44.799781799316406,282.4445831626631,21.639110565185547,5.929798603057861,65.44097900390625,21.879343032836914,950.4041137695312,945.1563720703125,41.96646499633789,14.988641738891602,30.317672729492188
Eglin Air Force Base,2025-03-23,2,30.48333333333333,-86.53333333333333,3.0,74.75582122802734,50.94661331176758,63.01567459106445,73.94180297851562,47.93946075439453,60.20939636230469,44000.7890625,40823.91015625,0.0,0.0,0.0,-0.051618076860904694,17.0378475189209,37.254852294921875,251.4712859289325,23.587303161621094,4.413423538208008,85.05677795410156,39.362144470214844,1018.5165405273438,1015.2718505859375,33.39686965942383,10.173959732055664,23.756641387939453
Eglin Air Force Base,2025-03-24,2,30.48333333333333,-86.53333333333333,3.0,76.07374572753906,53.16764450073242,65.29771423339844,73.2286605834961,49.87202072143555,60.77859115600586,44104.859375,40381.296875,0.0,0.0023727417072641225,0.0,-0.06754205375909805,19.690223693847656,40.412353515625,249.25317171275867,23.115766525268555,4.673730850219727,81.97273254394531,38.14632034301758,1017.7512817382812,1013.3458251953125,42.35655212402344,12.465733528137207,26.909671783447266
Eglin Air Force Base,2025-03-25,2,30.48333333333333,-86.53333333333333,3.0,76.47476959228516,52.82290267944336,65.04810333251953,73.14645385742188,49.96994400024414,60.11406326293945,44216.21875,40335.80859375,0.011812605835457344,0.02801355129563497,0.0,0.01899304986000061,20.906110763549805,42.16143798828125,249.28557926657032,22.94585609436035,4.739257335662842,78.60418701171875,36.98656463623047,1017.7732543945312,1012.1644897460938,36.996158599853516,13.695995330810547,28.656291961669922
Eglin Air Force Base,2025-03-26,2,30.48333333333333,-86.53333333333333,3.0,76.62892150878906,52.90372085571289,65.41044616699219,74.0342025756836,50.066253662109375,61.603919982910156,44346.24609375,39962.0,0.0011959135076437775,0.03217910365096276,0.0,0.003098470624536276,21.759790420532227,42.159244537353516,254.28997081812776,22.842742919921875,4.769025802612305,79.17147827148438,37.61830520629883,1017.1327514648438,1011.5723266601562,34.81763458251953,14.629560470581055,29.169937133789062
Eglin Air Force Base,2025-03-27,2,30.48333333333333,-86.53333333333333,3.0,76.5610122680664,54.16886520385742,65.47501373291016,73.55907440185547,50.02439880371094,61.62680435180664,44412.21875,39348.8203125,0.007475728302498945,0.01992901738367244,0.0,0.02899884805083275,20.867658615112305,42.16974639892578,261.6994102326238,22.428983688354492,4.725778579711914,79.4985122680664,37.89735412597656,1016.6663208007812,1012.0196533203125,38.333866119384766,14.139264106750488,28.61985206604004
Eglin Air Force Base,2025-03-28,2,30.48333333333333,-86.53333333333333,3.0,76.85831451416016,53.558372497558594,64.9563217163086,73.27428436279297,49.41692352294922,61.77265167236328,44552.09765625,38527.78125,0.002908437614939069,0.014456609047032554,0.0,0.04566256329417229,20.613323211669922,41.62604522705078,270.6473892405641,22.337543487548828,4.7713422775268555,80.09712219238281,37.23126983642578,1017.6646728515625,1012.6984252929688,40.41029357910156,12.9254150390625,27.273303985595703
Eglin Air Force Base,2025-03-29,2,30.48333333333333,-86.53333333333333,3.0,77.27963256835938,54.61650848388672,65.12676239013672,74.01026916503906,49.75708770751953,61.75605773925781,44660.9765625,38537.3515625,0.0,0.05183071158089293,0.0,-0.010609213262796402,21.68093490600586,40.53580856323242,277.371614527858,21.7482852935791,4.777935981750488,78.98674774169922,36.95991134643555,1018.3095703125,1012.50146484375,35.60074996948242,14.125357627868652,25.741134643554688
Ellsworth Air Force Base,2025-03-23,0,44.145,-103.1036111111111,3.0,57.84014892578125,32.92234802246094,45.46031188964844,49.94087600708008,25.440876007080078,34.252262115478516,44306.71484375,37176.0703125,0.01640191715807001,0.024275474832382113,0.0,0.1613527536392212,24.564380645751953,45.31282043457031,281.76252720418347,19.913639068603516,4.045106410980225,63.82687759399414,21.492345809936523,898.8462524414062,893.42041015625,41.74139404296875,16.874160766601562,30.929285049438477
Ellsworth Air Force Base,2025-03-24,0,44.145,-103.1036111111111,3.0,61.75577163696289,35.063438415527344,47.49915313720703,54.205970764160156,26.236452102661133,37.88230514526367,44418.328125,39415.23828125,0.0,0.0,0.0,0.12187488377094269,24.36876678466797,41.56153869628906,281.273036272117,20.85111427307129,4.205777645111084,62.51479721069336,20.250213623046875,898.5003051757812,892.0064086914062,37.160797119140625,15.384629249572754,29.665613174438477
Ellsworth Air Force Base,2025-03-25,0,44.145,-103.1036111111111,3.0,63.79173278808594,35.5990104675293,50.685462951660156,57.39286422729492,28.370887756347656,39.92405700683594,44514.91796875,39758.046875,0.0,0.0,0.0,0.10773886740207672,24.672475814819336,41.84362030029297,282.59582033517734,21.299575805664062,4.323513984680176,63.568973541259766,19.965349197387695,898.5203247070312,892.2804565429688,40.896602630615234,14.966313362121582,26.799968719482422
Ellsworth Air Force Base,2025-03-26,0,44.145,-103.1036111111111,3.0,65.44294738769531,38.09402847290039,52.93404769897461,59.49161911010742,31.341386795043945,44.02707290649414,44658.90234375,38363.046875,0.0,0.0,0.0,0.0844104215502739,24.957406997680664,42.90725326538086,283.1409633271462,20.817176818847656,4.3851213455200195,62.28369903564453,21.870058059692383,897.909912109375,891.66943359375,40.73658752441406,14.651559829711914,28.121883392333984
Ellsworth Air Force Base,2025-03-27,0,44.145,-103.1036111111111,3.0,66.79017639160156,40.20158767700195,54.737464904785156,60.638267517089844,33.130611419677734,46.64064025878906,44785.59375,39275.95703125,0.0023281770298763686,0.0002867369978442022,0.0,0.09580046683549881,26.01263427734375,42.94972229003906,283.58982896627214,20.843326568603516,4.617374420166016,61.98579788208008,20.56057357788086,898.1111450195312,891.5466918945312,37.01798629760742,14.016829490661621,28.903913497924805
Ellsworth Air Force Base,2025-03-28,0,44.145,-103.1036111111111,3.0,67.34591674804688,41.226043701171875,55.67988204956055,60.30683517456055,34.70009231567383,47.96713638305664,44868.09765625,37961.5625,0.0,0.0042843437115123,0.0,0.12973622977733612,27.7141056060791,44.55038833618164,282.7654398233876,20.72186851501465,4.6886515617370605,61.383235931396484,22.772375106811523,897.377197265625,890.3112182617188,41.30474853515625,15.422134399414062,30.579622268676758
Ellsworth Air Force Base,2025-03-29,0,44.145,-103.1036111111111,3.0,67.94175720214844,41.80619812011719,55.47093963623047,60.29281997680664,34.75583267211914,47.752811431884766,44958.89453125,37843.70703125,0.0,0.017411777901113534,0.0,0.13455383479595184,27.168712615966797,44.5418815612793,281.273036272117,20.65499496459961,4.791043758392334,62.14570617675781,21.226783752441406,896.0728759765625,890.4678344726562,43.06635284423828,15.214091300964355,29.461071014404297
Francis E. Warren Air Force Base,2025-03-23,1,41.13305555555556,-104.86694444444444,3.0,50.88292694091797,30.610872268676758,41.48082733154297,43.41663360595703,21.310205459594727,31.464691162109375,44221.375,38484.8515625,0.0,0.0,0.0018847781756722696,0.20061001181602478,31.94016456604004,54.99705123901367,281.737293231482,20.143909454345703,3.52813458442688,63.59075164794922,26.298826217651367,813.595703125,801.54296875,52.92463684082031,21.013442993164062,40.90629959106445
Francis E. Warren Air Force Base,2025-03-24,1,41.13305555555556,-104.86694444444444,3.0,56.76212692260742,32.12629699707031,44.00830078125,50.966209411621094,23.6949520111084,35.19683837890625,44347.0390625,39287.8515625,0.0,0.0,0.0009570018794782348,0.1649084985256195,28.685443878173828,49.25856018066406,282.11288055214413,20.92584800720215,4.039971828460693,65.9621810913086,22.600143432617188,817.2304077148438,805.041748046875,45.051673889160156,18.522518157958984,32.355224609375
Francis E. Warren Air Force Base,2025-03-25,1,41.13305555555556,-104.86694444444444,3.0,61.096920013427734,33.173912048339844,48.165130615234375,53.36320877075195,26.212411880493164,38.675140380859375,44455.38671875,39592.89453125,0.0,0.0,0.014564901513160818,0.09462614357471466,28.341768264770508,46.312103271484375,281.37567169506656,21.00700569152832,4.130373954772949,62.57387924194336,20.658906936645508,821.1325073242188,807.5985717773438,41.6241455078125,17.040054321289062,30.862916946411133
Francis E. Warren Air Force Base,2025-03-26,1,41.13305555555556,-104.86694444444444,3.0,61.89886474609375,36.22563552856445,50.10136032104492,55.4150276184082,29.152437210083008,41.14924621582031,44588.546875,39298.5234375,0.0,0.0,0.013647342703214403,0.07173708826303482,27.38454818725586,47.41090393066406,281.8209697543459,21.055862426757812,4.236001968383789,62.27623748779297,21.014354705810547,820.2874145507812,807.6866455078125,40.810020446777344,17.871238708496094,32.27303695678711
Francis E. Warren Air Force Base,2025-03-27,1,41.13305555555556,-104.86694444444444,3.0,62.853878021240234,37.4712028503418,51.823509216308594,57.814796447753906,31.098560333251953,42.744266510009766,44704.07421875,39520.6796875,0.0,0.0,0.013588719970708757,0.08069268614053726,26.7121524810791,46.57818603515625,281.37567169506656,21.04768943786621,4.265312671661377,63.71046447753906,21.20069694519043,820.2260131835938,806.7471923828125,40.977272033691406,16.300371170043945,31.021360397338867
Francis E. Warren Air Force Base,2025-03-28,1,41.13305555555556,-104.86694444444444,3.0,62.89735412597656,38.0515251159668,53.40886688232422,59.140533447265625,31.8260555267334,44.56809997558594,44853.18359375,37570.65234375,0.0,0.0,0.021007183423098767,0.11499696969985962,29.325246810913086,48.04960250854492,281.37567169506656,20.952163696289062,4.321513652801514,63.20786666870117,23.664857864379883,819.992431640625,805.8511352539062,44.46601104736328,17.10881996154785,31.98603057861328
Francis E. Warren Air Force Base,2025-03-29,1,41.13305555555556,-104.86694444444444,3.0,62.862060546875,39.90586471557617,53.33853530883789,58.37760925292969,33.11167907714844,46.610355377197266,44970.9296875,37061.4609375,0.0,0.010544069704149337,0.01326736338769862,0.09572068601846695,29.79140281677246,49.61101150512695,281.17868081058435,21.00890350341797,4.4954514503479,63.14773941040039,23.740938186645508,821.403564453125,808.1644287109375,44.38392639160156,18.90167236328125,31.667661666870117
Fairchild Air Force Base,2025-03-23,1,47.615,-117.65555555555557,3.0,53.653629302978516,31.67214584350586,41.81455612182617,47.67857360839844,22.7509822845459,32.08654022216797,44399.88671875,40648.375,0.0,0.0,0.01752224794297895,0.4070471227169037,19.18584632873535,45.70990753173828,268.4275108601622,20.598108291625977,2.999333620071411,81.24882507324219,31.970172882080078,931.753173828125,924.5723266601562,39.299041748046875,13.254714965820312,30.02252769470215
Fairchild Air Force Base,2025-03-24,1,47.615,-117.65555555555557,3.0,59.72975158691406,33.177459716796875,46.70745086669922,53.86247634887695,25.320640563964844,38.03693771362305,44488.53515625,39970.4453125,0.0,0.0,0.01273426100038395,0.22196099162101746,18.640844345092773,39.60117721557617,270.0855945568801,20.946094512939453,3.5146775245666504,78.25840759277344,31.859294891357422,932.0046997070312,925.245361328125,42.525794982910156,12.554012298583984,26.820720672607422
Fairchild Air Force Base,2025-03-25,1,47.615,-117.65555555555557,3.0,62.40697479248047,34.88475036621094,49.10380172729492,57.04450607299805,28.189929962158203,40.96047592163086,44671.9140625,39994.203125,0.0,0.01052261188286098,0.013678169614206608,0.049127187579870224,18.941883087158203,39.91070556640625,270.08621192895004,21.113197326660156,3.905912160873413,77.39360046386719,31.37506675720215,931.5292358398438,925.6001586914062,39.94594192504883,13.26809024810791,26.25707244873047
Fairchild Air Force Base,2025-03-26,1,47.615,-117.65555555555557,3.0,63.411842346191406,38.045040130615234,51.30857849121094,59.75851058959961,31.52393341064453,43.61024856567383,44788.81640625,39323.24609375,0.0,0.0,0.013791316018376064,0.033823952078819275,19.427509307861328,39.31586456298828,269.79170858160137,21.10251808166504,4.157285213470459,76.15897369384766,30.838777542114258,931.4200439453125,925.26123046875,39.98643493652344,13.465785026550293,26.927589416503906
Fairchild Air Force Base,2025-03-27,1,47.615,-117.65555555555557,3.0,65.05899047851562,39.310184478759766,53.123870849609375,60.55175018310547,32.643375396728516,46.384185791015625,44897.01171875,38561.625,0.0,0.0,0.014793425537164423,-0.032337017357349396,21.129003524780273,40.43999099731445,269.36008180676333,21.17668914794922,4.3641276359558105,73.68158721923828,29.86248779296875,930.8462524414062,924.2163696289062,41.85218811035156,13.883288383483887,27.82982063293457
Fairchild Air Force Base,2025-03-28,1,47.615,-117.65555555555557,3.0,66.91648864746094,40.987037658691406,53.90913009643555,61.27867889404297,34.01738357543945,47.491546630859375,45066.1953125,37155.0625,0.0,0.0,0.014793425537164423,-0.02944837138056755,20.288782119750977,40.79362487792969,269.3554666183806,21.219335556030273,4.521162509918213,73.04158020019531,28.702917098999023,930.1828002929688,923.2586059570312,43.33650588989258,13.037825584411621,27.88473129272461
Fairchild Air Force Base,2025-03-29,1,47.615,-117.65555555555557,3.0,66.68975067138672,41.62165069580078,55.39083480834961,61.366878509521484,35.64106750488281,48.39043045043945,45136.6640625,38695.43359375,0.005431124508408534,0.011011652740660054,0.01377825355570223,0.10049542039632797,24.34627914428711,43.01741409301758,271.3871820407196,20.819272994995117,4.652245044708252,72.92548370361328,29.1324520111084,928.1585693359375,921.0258178710938,42.45647048950195,14.284004211425781,27.44528579711914
Fort George G. Meade,2025-03-23,1,39.10694444444445,-76.74305555555556,3.0,60.91054916381836,39.539642333984375,48.88568115234375,54.57501983642578,33.73642349243164,41.01129913330078,44204.94140625,38849.484375,0.0032204437079117226,0.0,0.0,0.0296043548732996,21.37553596496582,44.290611267089844,273.97310486120114,20.871868133544922,3.9666028022766113,70.41027069091797,33.495235443115234,1011.63525390625,1006.0731201171875,35.47380447387695,12.754281997680664,28.15064811706543
Fort George G. Meade,2025-03-24,1,39.10694444444445,-76.74305555555556,3.0,65.78352355957031,39.983787536621094,52.24772644042969,59.04744338989258,35.7650146484375,44.79234313964844,44330.6640625,38965.17578125,0.0,0.0,0.0003026800585191792,0.023381788283586502,19.089107513427734,41.042293548583984,284.3978737778506,21.186702728271484,4.183878421783447,75.45494842529297,32.90687561035156,1012.4976196289062,1007.0355834960938,42.79295349121094,11.67414665222168,25.461681365966797
Fort George G. Meade,2025-03-25,1,39.10694444444445,-76.74305555555556,3.0,67.4011001586914,42.86309051513672,54.02635192871094,62.77780532836914,38.27534484863281,48.62828063964844,44439.7890625,39060.30859375,0.04457557907987504,0.009187289165801263,0.0,0.001932645682245493,18.06004524230957,39.28266143798828,282.49996156227866,21.188663482666016,4.273064613342285,77.59110260009766,31.77190399169922,1012.3106689453125,1007.8804321289062,42.41464614868164,11.136642456054688,24.491182327270508
Fort George G. Meade,2025-03-26,1,39.10694444444445,-76.74305555555556,3.0,68.85457611083984,43.722286224365234,56.837257385253906,63.928016662597656,39.34626388549805,49.3984260559082,44573.46484375,38902.43359375,0.0,0.004147735621424789,0.0,-0.01203880738466978,18.017780303955078,38.692134857177734,282.15957558088945,20.97530174255371,4.2470903396606445,76.73908233642578,31.064029693603516,1012.3342895507812,1007.5291137695312,40.512916564941406,11.154187202453613,25.124631881713867
Fort George G. Meade,2025-03-27,1,39.10694444444445,-76.74305555555556,3.0,69.24452209472656,45.283931732177734,57.80764389038086,64.93218994140625,39.817047119140625,50.50422286987305,44680.50390625,38714.79296875,0.0,0.0,0.0,0.05258465185761452,17.573495864868164,38.973480224609375,286.0106370417942,20.7998046875,4.316711902618408,77.22232055664062,32.41886901855469,1012.16162109375,1007.0934448242188,41.44540023803711,10.95197582244873,24.96749496459961
Fort George G. Meade,2025-03-28,1,39.10694444444445,-76.74305555555556,3.0,70.71115112304688,46.59389114379883,58.438819885253906,65.3640365600586,42.03705978393555,52.95058059692383,44766.03125,38018.6875,0.0,0.01134809874039604,0.0,0.05408183112740517,18.514427185058594,38.12932205200195,286.0228184675359,20.537372589111328,4.3859333992004395,76.8507080078125,32.72065353393555,1011.621826171875,1006.5643920898438,44.33197021484375,11.346749305725098,24.00800895690918
Fort George G. Meade,2025-03-29,1,39.10694444444445,-76.74305555555556,3.0,72.562744140625,46.5677375793457,59.405799865722656,65.73863220214844,42.050437927246094,53.30512237548828,44869.55078125,37721.69140625,0.001342702454078836,0.020554524636663563,0.0,0.03412928804755211,18.595666885375977,38.875465393066406,284.8741166570913,20.419200897216797,4.421658992767334,76.89964294433594,32.7069091796875,1011.5490112304688,1006.5592651367188,42.97319793701172,11.735604286193848,23.690929412841797
Gila Bend Air Force Auxiliary Field,2025-03-23,0,32.8875,-112.72,3.0,86.75067138671875,56.24136734008789,72.27143096923828,81.24173736572266,50.46623611450195,64.72039031982422,44066.77734375,40365.640625,0.010105611267253624,0.0,0.0,-0.015323806554079056,22.157020568847656,37.16691207885742,244.9835909186981,22.693742752075195,6.402079105377197,29.096403121948242,9.139988899230957,983.620361328125,979.2486572265625,17.805728912353516,12.262823104858398,24.231657028198242
Gila Bend Air Force Auxiliary Field,2025-03-24,0,32.8875,-112.72,3.0,85.2428970336914,55.44365692138672,72.69153594970703,79.021484375,49.93946075439453,64.17473602294922,44215.50390625,39718.29296875,0.0001419136813237439,0.0,0.0,-0.019828062504529953,24.416034698486328,43.10108947753906,255.9352886498226,22.094945907592773,6.359819412231445,29.647743225097656,10.381245613098145,983.0513916015625,978.4620971679688,26.364835739135742,13.80470085144043,28.338729858398438
Gila Bend Air Force Auxiliary Field,2025-03-25,0,32.8875,-112.72,3.0,83.97607421875,56.53996658325195,72.0353012084961,76.38019561767578,49.47782897949219,63.0604362487793,44299.2734375,39641.8515625,0.0,0.0,0.0,-0.016762156039476395,26.20998191833496,45.550811767578125,271.9656190200699,22.040136337280273,6.458887100219727,32.17017364501953,12.02376651763916,983.4840087890625,978.5331420898438,29.519973754882812,14.15650749206543,30.149829864501953
Gila Bend Air Force Auxiliary Field,2025-03-26,0,32.8875,-112.72,3.0,82.18419647216797,55.10377502441406,70.6500015258789,74.18525695800781,48.70695877075195,61.27397537231445,44412.140625,39405.69140625,0.015223146681067234,0.0,0.0,-0.018405690789222717,26.73929214477539,43.64514923095703,273.3174539959944,21.99855613708496,6.232077121734619,37.01988220214844,13.70134449005127,984.4374389648438,979.1010131835938,30.28238868713379,13.931671142578125,29.078144073486328
Gila Bend Air Force Auxiliary Field,2025-03-27,0,32.8875,-112.72,3.0,81.05306243896484,54.20366287231445,69.57152557373047,73.30756378173828,47.98908996582031,60.2586555480957,44552.4140625,39429.89453125,0.00046636380656177523,0.0,0.0,-0.027310121804475784,26.2049503326416,45.10154342651367,285.4173347911344,21.950641632080078,6.203932285308838,44.02364730834961,14.075345039367676,984.1522216796875,978.9437866210938,31.366212844848633,14.671396255493164,30.51434898376465
Gila Bend Air Force Auxiliary Field,2025-03-28,0,32.8875,-112.72,3.0,80.42611694335938,53.54074478149414,68.76329803466797,72.44387817382812,47.6768798828125,60.450531005859375,44661.171875,38792.41796875,0.000641996617774283,0.004604576605183839,0.0,-0.03362641856074333,24.609994888305664,43.61405563354492,282.90732258603055,21.733802795410156,6.104162216186523,49.88698196411133,15.967475891113281,984.87158203125,980.1097412109375,33.19749069213867,12.848882675170898,28.8818359375
Gila Bend Air Force Auxiliary Field,2025-03-29,0,32.8875,-112.72,3.0,79.92501831054688,53.06039810180664,68.42791748046875,73.82537078857422,47.933963775634766,60.78953170776367,44742.71484375,37906.7421875,0.0016787670085847625,0.025736719129648852,0.0,-0.012825103476643562,26.287405014038086,43.936119079589844,284.35013384949605,21.71848487854004,6.197510719299316,49.51819610595703,15.622113227844238,984.9488525390625,979.7979125976562,29.53923988342285,13.444254875183105,27.303518295288086
Goodfellow Air Force Base,2025-03-23,2,31.42944444444445,-100.39888888888888,3.0,84.09517669677734,53.18164825439453,68.34806060791016,74.46155548095703,44.4230842590332,58.9568977355957,44067.06640625,40751.63671875,0.010034219593504378,0.004431454851675175,0.0,-0.01213671825826168,32.17463302612305,63.149417877197266,233.81715937461206,23.165281295776367,6.8557963371276855,57.81333923339844,14.940335273742676,950.7763061523438,943.1171264648438,38.2294921875,19.38444709777832,45.755836486816406
Goodfellow Air Force Base,2025-03-24,2,31.42944444444445,-100.39888888888888,3.0,76.50942993164062,49.249786376953125,61.88203048706055,68.12519073486328,39.90027618408203,52.53139114379883,44216.11328125,39951.4453125,0.0028002158502560648,0.005834618858305454,0.0,-0.003049722407013178,29.25017738342285,57.11463165283203,252.04845054045927,23.00399398803711,6.694576740264893,52.53144454956055,14.559279441833496,952.6041259765625,945.0228271484375,31.6935977935791,18.34402847290039,42.17005157470703
Goodfellow Air Force Base,2025-03-25,2,31.42944444444445,-100.39888888888888,3.0,75.59391021728516,47.48357009887695,60.219608306884766,66.29937744140625,39.30165100097656,52.024681091308594,44296.671875,39951.43359375,0.0,0.007532881325292914,0.0,-0.025611896067857742,24.684873580932617,50.07734298706055,263.3613054204703,23.12309455871582,6.647507667541504,50.205421447753906,14.133207321166992,954.4779052734375,946.6182250976562,27.103328704833984,17.0023136138916,34.89977264404297
Goodfellow Air Force Base,2025-03-26,2,31.42944444444445,-100.39888888888888,3.0,77.43086242675781,48.39452362060547,60.95071792602539,67.1390380859375,40.75068664550781,53.1989631652832,44409.35546875,40304.58203125,0.0129091760530828,0.0,0.0,-0.030198007822036743,26.912521362304688,50.79998016357422,257.36890326855206,23.201114654541016,6.309898376464844,47.40415573120117,14.442093849182129,954.55419921875,948.04638671875,27.216142654418945,17.24235725402832,34.614707946777344
Goodfellow Air Force Base,2025-03-27,2,31.42944444444445,-100.39888888888888,3.0,77.09544372558594,47.53852462768555,61.31291580200195,66.80708312988281,40.26826477050781,54.55048370361328,44549.69140625,40656.96484375,0.0,0.0029159168982079535,0.0,-0.016854843124747276,25.69077491760254,47.33869552612305,262.255406942544,23.311857223510742,6.385348320007324,51.2243766784668,13.918846130371094,955.3272705078125,947.9234008789062,30.689990997314453,15.548398971557617,31.81258201599121
Goodfellow Air Force Base,2025-03-28,2,31.42944444444445,-100.39888888888888,3.0,78.14346313476562,49.4036979675293,63.06743240356445,67.372802734375,41.67570877075195,55.019832611083984,44656.859375,39901.7578125,0.01141741395562208,0.001803856413069938,0.0,0.2254103571176529,27.421937942504883,48.14227294921875,257.300927438502,23.220014572143555,6.611303806304932,48.79559326171875,13.713022232055664,955.5265502929688,948.8969116210938,31.853609085083008,16.753925323486328,33.22877502441406
Goodfellow Air Force Base,2025-03-29,2,31.42944444444445,-100.39888888888888,3.0,77.55532836914062,49.513099670410156,62.77925491333008,68.99478912353516,41.955352783203125,55.8169059753418,44739.9453125,39293.48046875,0.0012289425799283304,0.02435670526699171,0.0,-0.020552989095449448,26.68927764892578,47.294593811035156,262.34179861861685,23.247539520263672,6.4483232498168945,50.17736053466797,13.502930641174316,955.642333984375,948.995849609375,32.52683639526367,16.88359260559082,33.63703918457031
Grand Forks Air Force Base,2025-03-23,1,47.96111111111112,-97.40111111111112,3.0,50.80689239501953,25.428133010864258,37.2716064453125,41.837242126464844,17.327146530151367,27.07039451599121,44403.05078125,36924.3046875,0.0,0.013759677484667065,2.5274853385880773e-05,-0.04743281751871109,24.763286590576172,44.77471923828125,122.86346831988595,19.0757999420166,2.73626446723938,70.28337860107422,31.236934661865234,978.7130126953125,969.6866455078125,45.42507553100586,15.365457534790039,30.5197811126709
Grand Forks Air Force Base,2025-03-24,1,47.96111111111112,-97.40111111111112,3.0,58.113792419433594,32.34978485107422,45.49919128417969,50.81526565551758,24.239927291870117,36.386837005615234,44490.87890625,37642.30859375,0.010758042279832907,0.036493787547144135,0.0,0.045093778520822525,26.684242248535156,52.12959289550781,120.06663067522953,19.67410659790039,3.221193552017212,73.55084228515625,32.35573959350586,975.9768676757812,965.531982421875,47.15043258666992,16.64949607849121,35.35746383666992
Grand Forks Air Force Base,2025-03-25,1,47.96111111111112,-97.40111111111112,3.0,60.44862747192383,37.22352600097656,49.75885772705078,53.23012924194336,29.635284423828125,40.972068786621094,44606.546875,37052.96484375,0.004961136631127674,0.06700553175547502,0.013917148207314885,0.14147061109542847,26.48073387145996,56.25508499145508,120.58222307945793,19.72598648071289,3.5945487022399902,74.33195495605469,32.08235549926758,974.4070434570312,962.7449340820312,45.673492431640625,16.61879539489746,36.431575775146484
Grand Forks Air Force Base,2025-03-26,1,47.96111111111112,-97.40111111111112,3.0,60.499507904052734,38.82368469238281,50.83340072631836,53.086753845214844,33.18079376220703,41.28740310668945,44792.41796875,37071.70703125,0.018899620955761535,0.03447024371272491,0.0,0.08027661591768265,26.292808532714844,55.91569519042969,120.58222307945793,19.68760871887207,3.875035524368286,74.27181243896484,31.70327377319336,973.1107177734375,961.8866577148438,45.38365936279297,16.095064163208008,36.46413040161133
Grand Forks Air Force Base,2025-03-27,1,47.96111111111112,-97.40111111111112,3.0,61.23302459716797,38.605613708496094,50.63983917236328,53.0772819519043,33.50667953491211,41.21050262451172,44878.63671875,36616.00390625,0.01605974927943081,0.036509120645593474,0.0,0.08398962020874023,26.01588249206543,55.179080963134766,120.92724859576069,19.81588363647461,4.165590286254883,73.29396057128906,30.572113037109375,972.7654418945312,960.5643310546875,44.05046844482422,16.225534439086914,35.864280700683594
Grand Forks Air Force Base,2025-03-28,1,47.96111111111112,-97.40111111111112,3.0,61.888423919677734,38.8419075012207,51.09517288208008,54.02025604248047,34.37361526489258,41.491119384765625,45008.97265625,36460.58203125,0.016294523710493225,0.04061156387791347,0.0,0.05120011419057846,27.411298751831055,57.22166442871094,119.02396569564195,19.707626342773438,4.405985355377197,70.24761962890625,30.340768814086914,970.3568725585938,960.281494140625,41.38625717163086,16.730833053588867,36.75727462768555
Grand Forks Air Force Base,2025-03-29,1,47.96111111111112,-97.40111111111112,3.0,61.67805862426758,38.46580505371094,50.917625427246094,53.310150146484375,33.54069519042969,43.06722640991211,45156.5390625,36180.1953125,0.024964648811536216,0.058532021776014166,0.0,0.07981684803962708,27.38501739501953,57.29631805419922,117.89762339969836,19.915109634399414,4.664161205291748,67.82987213134766,29.728376388549805,969.20654296875,959.58544921875,43.858001708984375,16.893924713134766,36.97038650512695
Hanscom Air Force Base,2025-03-23,1,42.47,-71.28916666666666,3.0,59.04057312011719,36.267356872558594,47.13565444946289,51.310630798339844,27.88576316833496,38.16689682006836,44211.1171875,38797.54296875,0.0,0.0011107150615576058,0.0,0.17947694659233093,18.09813690185547,43.511558532714844,270.19325391590735,21.018503189086914,3.686809778213501,69.58450317382812,31.585092544555664,1008.166748046875,1001.6554565429688,37.605003356933594,12.029252052307129,26.998661041259766
Hanscom Air Force Base,2025-03-24,1,42.47,-71.28916666666666,3.0,63.15357971191406,36.59104537963867,48.48661804199219,55.4868049621582,29.22002410888672,40.9155387878418,44342.0234375,39289.33203125,0.0,0.01657944629945018,0.0,0.018130935728549957,16.31833839416504,37.915191650390625,270.3736388931204,21.39518165588379,3.8807828426361084,74.923095703125,34.93506622314453,1010.6083374023438,1004.5894775390625,43.07323455810547,10.804388046264648,24.30765151977539
Hanscom Air Force Base,2025-03-25,1,42.47,-71.28916666666666,3.0,64.7754898071289,38.73725509643555,52.250579833984375,59.45332336425781,33.91714096069336,45.85197830200195,44448.94140625,38649.625,0.03525484653022397,0.008668831043501751,0.0,-0.004853574093431234,17.38195037841797,38.511009216308594,272.4945297314483,21.37605857849121,3.999840497970581,78.07762145996094,33.120784759521484,1010.6891479492188,1005.0023803710938,43.00620651245117,11.836987495422363,24.983064651489258
Hanscom Air Force Base,2025-03-26,1,42.47,-71.28916666666666,3.0,67.1456527709961,41.23755645751953,54.081817626953125,61.156280517578125,36.37590789794922,47.89841842651367,44593.87890625,38087.421875,0.03693961339180373,0.0011784452807875117,0.0,0.06216035783290863,18.346403121948242,38.71989822387695,286.92703403238204,21.230253219604492,4.059934616088867,79.4105224609375,32.427940368652344,1011.0679321289062,1005.4263916015625,42.40020751953125,12.436565399169922,26.637826919555664
Hanscom Air Force Base,2025-03-27,1,42.47,-71.28916666666666,3.0,67.77105712890625,42.544517517089844,54.64253616333008,62.737754821777344,36.610565185546875,49.0338134765625,44697.3671875,38120.6796875,0.0,0.007271649961671925,0.0,-0.018847547471523285,16.650169372558594,37.55175018310547,288.8884069157958,21.098352432250977,4.247315406799316,78.7568588256836,32.744102478027344,1010.6865234375,1005.6849365234375,42.30899429321289,10.787908554077148,23.590225219726562
Hanscom Air Force Base,2025-03-28,1,42.47,-71.28916666666666,3.0,68.1630630493164,43.74409484863281,56.51911163330078,62.92654037475586,39.476318359375,51.597618103027344,44776.18359375,37060.46875,0.0,0.011525419672259427,0.0,0.10940325260162354,17.066444396972656,36.94589614868164,274.8973178452468,20.785266876220703,4.287458419799805,79.6637954711914,30.991825103759766,1009.9608764648438,1005.4302368164062,42.7520637512207,10.834317207336426,23.767911911010742
Hanscom Air Force Base,2025-03-29,1,42.47,-71.28916666666666,3.0,67.46315002441406,45.4700927734375,56.73019027709961,62.74592590332031,40.40706253051758,51.805267333984375,44894.9765625,37697.6953125,0.0,0.02703706809104382,0.0,0.04854780063033104,19.27683448791504,39.74738693237305,287.1276723707503,20.462799072265625,4.416391849517822,74.63394165039062,31.941299438476562,1009.7664184570312,1004.6568603515625,43.45204544067383,12.659461975097656,25.41691017150879
Hill Air Force Base,2025-03-23,1,41.12388888888889,-111.97277777777778,3.0,57.986515045166016,33.80508804321289,45.51987838745117,49.54486083984375,27.803665161132812,38.79883575439453,44229.6015625,37247.04296875,0.0017893366661578768,0.029684372204624956,0.01978012080740784,0.06505389511585236,19.66989517211914,47.08354949951172,241.19073584985506,20.404560089111328,3.1172852516174316,87.36933898925781,36.029659271240234,859.5382690429688,850.9575805664062,50.45152282714844,12.72128963470459,29.76593017578125
Hill Air Force Base,2025-03-24,1,41.12388888888889,-111.97277777777778,3.0,59.762516021728516,35.79670333862305,48.090675354003906,53.22908401489258,27.808597564697266,40.05495071411133,44348.34765625,39733.08203125,0.0,0.0,0.019394236767586906,0.4181230962276459,20.045989990234375,43.579654693603516,269.3132342826574,21.225997924804688,3.7003674507141113,82.41259765625,35.879669189453125,862.7548217773438,852.3967895507812,43.78851318359375,12.689308166503906,28.245424270629883
Hill Air Force Base,2025-03-25,1,41.12388888888889,-111.97277777777778,3.0,62.50631332397461,36.399044036865234,50.560482025146484,56.14799118041992,29.98419952392578,42.41901397705078,44446.1875,40342.26953125,0.0,0.0,0.01949563041707961,0.12259519100189209,20.05071449279785,40.559261322021484,272.224581655353,21.416629791259766,3.926743507385254,79.97898864746094,34.95018005371094,867.9063110351562,857.0816040039062,38.76066207885742,12.376797676086426,26.023550033569336
Hill Air Force Base,2025-03-26,1,41.12388888888889,-111.97277777777778,3.0,63.06615447998047,38.37697982788086,52.33073425292969,57.86634063720703,31.511384963989258,44.14451599121094,44592.96484375,39965.80859375,0.0,0.0,0.009284290270095119,0.08576729148626328,21.450632095336914,40.45088195800781,286.30261849567955,21.53767967224121,4.121779441833496,79.41620635986328,32.78132629394531,871.4894409179688,860.1537475585938,39.4918212890625,13.770853996276855,27.789518356323242
Hill Air Force Base,2025-03-27,1,41.12388888888889,-111.97277777777778,3.0,63.589820861816406,38.931495666503906,53.28636169433594,58.640960693359375,32.82717514038086,46.1655387878418,44700.8984375,39646.64453125,0.0008158999931271595,0.0,0.018572368681584312,0.11811535805463791,20.371862411499023,39.0875129699707,283.7288123848721,21.295085906982422,4.275084018707275,77.65438079833984,31.139177322387695,874.599853515625,863.1688842773438,42.091163635253906,12.577207565307617,26.596641540527344
Hill Air Force Base,2025-03-28,1,41.12388888888889,-111.97277777777778,3.0,65.3866958618164,40.05561828613281,53.7908935546875,59.197486877441406,33.49947738647461,47.00660705566406,44849.2578125,38261.11328125,0.0,0.0,0.016708350626014702,0.07539032399654388,20.084928512573242,40.93028259277344,284.67191362605655,21.320959091186523,4.4287428855896,76.41024017333984,30.61908721923828,877.3931884765625,866.7286376953125,41.2752685546875,11.984869003295898,26.592025756835938
Hill Air Force Base,2025-03-29,1,41.12388888888889,-111.97277777777778,3.0,66.46802520751953,41.15414810180664,54.57687759399414,60.948184967041016,35.23963165283203,48.26393127441406,44965.609375,38288.03515625,0.0,0.01747498258105624,0.011191819964548263,0.11010299623012543,19.888944625854492,40.50912094116211,284.87844609916243,21.323776245117188,4.658641815185547,74.84402465820312,29.7143611907959,878.267333984375,868.6953125,42.70744323730469,11.91964340209961,26.506023406982422
Homey Airport,2025-03-23,0,37.23333333333333,-115.80833333333334,3.0,66.44649505615234,41.439109802246094,55.581783294677734,60.022979736328125,35.8873291015625,47.5735969543457,44077.01171875,36105.74609375,0.0,0.012643256488153797,0.0,0.07885724306106567,20.234636306762695,39.98711013793945,285.6121197851629,20.827028274536133,4.290647506713867,62.89698791503906,20.845375061035156,872.08447265625,863.6935424804688,49.40925598144531,10.514664649963379,23.700237274169922
Homey Airport,2025-03-24,0,37.23333333333333,-115.80833333333334,3.0,66.06781005859375,41.4778938293457,54.97658157348633,59.56511306762695,35.35774230957031,46.904659271240234,44226.328125,39010.5390625,0.0,0.0,0.0,0.12693533301353455,21.259836196899414,40.994163513183594,284.01436052265683,21.538042068481445,4.6146697998046875,62.53480911254883,19.182886123657227,874.1253051757812,865.8287353515625,41.68854522705078,11.344955444335938,25.19069480895996
Homey Airport,2025-03-25,0,37.23333333333333,-115.80833333333334,3.0,67.69623565673828,41.50908660888672,56.24308776855469,60.39266586303711,36.16096115112305,47.95140075683594,44315.62890625,39532.0859375,0.0,0.0,0.0,0.12162896245718002,22.128381729125977,42.16923522949219,282.1910801149403,21.689250946044922,4.800848484039307,61.261478424072266,18.745553970336914,876.0144653320312,867.7449951171875,39.991416931152344,12.334609985351562,27.098194122314453
Homey Airport,2025-03-26,0,37.23333333333333,-115.80833333333334,3.0,67.94747161865234,41.98716354370117,56.5264778137207,60.703304290771484,36.19449996948242,47.68803024291992,44428.296875,39499.765625,0.0,0.0,0.0,0.11174765229225159,22.643735885620117,41.07414627075195,285.06843246483265,21.651939392089844,4.902342319488525,56.43170166015625,20.60306739807129,877.8646240234375,868.50537109375,41.976280212402344,12.789936065673828,27.958263397216797
Homey Airport,2025-03-27,0,37.23333333333333,-115.80833333333334,3.0,68.12265014648438,43.32375717163086,56.42740249633789,60.192604064941406,36.28779983520508,48.06763458251953,44565.87890625,39574.74609375,0.0,0.0,0.0,0.13112086057662964,22.68333625793457,42.430171966552734,283.896899889395,21.670900344848633,5.038646221160889,55.27334213256836,20.872615814208984,878.2391967773438,869.0961303710938,43.36224365234375,12.323925018310547,27.297483444213867
Homey Airport,2025-03-28,0,37.23333333333333,-115.80833333333334,3.0,69.00605010986328,42.970149993896484,57.075828552246094,61.12455368041992,36.606468200683594,48.09114456176758,44669.6640625,38282.44921875,0.0,0.0027489586194352276,0.0,0.09721363335847855,21.986722946166992,42.101905822753906,284.9609581526271,21.639673233032227,5.105641841888428,57.469478607177734,21.133771896362305,879.3222045898438,870.9700927734375,42.823280334472656,12.090452194213867,27.36919593811035
Homey Airport,2025-03-29,0,37.23333333333333,-115.80833333333334,3.0,69.59358215332031,43.90990447998047,58.54989242553711,61.46713638305664,37.03219223022461,48.379146575927734,44753.4296875,37995.5234375,0.0,0.022241657496304697,0.0,0.12819825112819672,21.970325469970703,41.141544342041016,284.1546196144865,21.500267028808594,5.19763708114624,59.13447570800781,20.876619338989258,881.4865112304688,872.2177734375,42.83224105834961,12.394159317016602,27.247573852539062
Holloman Air Force Base,2025-03-23,0,32.8525,-106.10638888888889,3.0,80.99732971191406,49.948265075683594,66.31661987304688,71.76698303222656,42.127235412597656,58.16172790527344,44067.234375,41370.0,0.005560495697888936,0.006650542269910764,0.0,0.11692453920841217,29.10797691345215,49.93403625488281,233.97247645727634,23.624950408935547,7.061385154724121,25.463909149169922,8.605904579162598,880.0680541992188,873.4702758789062,21.339954376220703,15.7505464553833,32.97989273071289
Holloman Air Force Base,2025-03-24,0,32.8525,-106.10638888888889,3.0,77.48832702636719,49.380985260009766,62.46620178222656,66.08194732666016,41.12385559082031,54.73405075073242,44216.21875,40804.51171875,0.0012875932156968294,0.009590931310621099,0.0,0.10422670096158981,26.908843994140625,54.8542594909668,251.75648013158622,23.435453414916992,6.841196537017822,32.70963668823242,9.531556129455566,880.4171142578125,873.9892578125,29.338829040527344,14.975587844848633,35.374717712402344
Holloman Air Force Base,2025-03-25,0,32.8525,-106.10638888888889,3.0,73.53995513916016,46.99070739746094,59.33447265625,61.98202133178711,38.32687759399414,49.917991638183594,44303.05859375,41047.75,0.0,0.008309123418493422,0.0,0.10682159662246704,25.913021087646484,45.71661376953125,254.88346294343413,23.556076049804688,6.615479946136475,30.049779891967773,10.72081184387207,880.4608764648438,874.2086181640625,25.499168395996094,14.37609577178955,32.34305953979492
Holloman Air Force Base,2025-03-26,0,32.8525,-106.10638888888889,3.0,74.28473663330078,45.42647171020508,58.54669189453125,65.0354232788086,37.71869659423828,50.9807014465332,44417.6640625,41042.265625,0.010536777758331423,0.013048483754766579,0.0,0.09824934601783752,27.48236083984375,47.90013885498047,256.6418646610935,23.39397430419922,6.222700119018555,31.59503173828125,11.25001335144043,880.1935424804688,873.4985961914062,30.39141273498535,15.185502052307129,32.64445877075195
Holloman Air Force Base,2025-03-27,0,32.8525,-106.10638888888889,3.0,74.80780029296875,46.1300163269043,58.82948684692383,64.22563934326172,38.5013542175293,52.183128356933594,44546.74609375,41069.453125,0.0036868310072017845,0.014777790867879002,0.0,0.0921901986002922,27.259868621826172,46.2572135925293,262.57622299515117,23.32917022705078,6.228054523468018,36.84964370727539,11.804335594177246,880.6229858398438,873.4971313476562,33.88599395751953,15.581086158752441,31.113832473754883
Holloman Air Force Base,2025-03-28,0,32.8525,-106.10638888888889,3.0,75.26880645751953,47.369110107421875,60.38325119018555,66.39786529541016,38.39130783081055,53.083248138427734,44655.9765625,40204.3515625,0.0,0.006699400246376134,0.0,0.11325506120920181,28.542919158935547,48.613304138183594,262.255406942544,23.13240623474121,6.3599467277526855,43.595279693603516,11.889481544494629,881.1596069335938,873.6292114257812,38.737342834472656,15.906826972961426,34.31852340698242
Holloman Air Force Base,2025-03-29,0,32.8525,-106.10638888888889,3.0,74.9098129272461,48.0439453125,60.70115280151367,64.63414001464844,40.4609260559082,53.64076614379883,44737.53515625,39493.74609375,0.007510465615372184,0.02481131390281794,0.0,0.11890839785337448,26.38473129272461,48.416194915771484,257.7773067955758,22.897180557250977,6.390470504760742,46.59418869018555,12.192131042480469,882.5113525390625,875.5598754882812,37.38896179199219,15.585546493530273,32.373085021972656
Hurlburt Field,2025-03-23,2,30.42777777777778,-86.68944444444445,3.0,76.18981170654297,51.27850341796875,63.296382904052734,75.28348541259766,47.27552032470703,60.578697204589844,44000.7890625,40905.109375,0.004663199953440567,0.010066114375092883,0.0,-0.05118710920214653,17.102054595947266,35.43917465209961,250.6793565950099,23.56230926513672,4.399221420288086,86.0920181274414,37.703712463378906,1020.806640625,1016.8463745117188,31.712018966674805,9.890618324279785,23.280521392822266
Hurlburt Field,2025-03-24,2,30.42777777777778,-86.68944444444445,3.0,76.77184295654297,53.267948150634766,65.79369354248047,74.9521484375,49.24342346191406,61.03294372558594,44104.859375,40771.7578125,0.025243513612335032,0.009594776960181463,0.0,-0.07357190549373627,19.83311653137207,39.387760162353516,254.66757843484706,23.136356353759766,4.641482830047607,83.1084213256836,37.65315628051758,1019.517578125,1014.9027099609375,43.232025146484375,12.60014533996582,26.747451782226562
Hurlburt Field,2025-03-25,2,30.42777777777778,-86.68944444444445,3.0,77.29325103759766,54.003910064697266,65.37561798095703,73.7445297241211,49.89419937133789,60.92416763305664,44216.21875,40477.98046875,0.0,0.02382284500254184,0.0,-0.04129520431160927,20.916481018066406,40.99530792236328,261.77908773157776,23.131864547729492,4.758195400238037,78.70356750488281,37.218772888183594,1019.0006103515625,1014.4644165039062,37.71653366088867,13.425823211669922,26.98571014404297
Hurlburt Field,2025-03-26,2,30.42777777777778,-86.68944444444445,3.0,76.8258285522461,55.00056076049805,65.22808837890625,74.25238800048828,50.95244216918945,62.537811279296875,44346.24609375,40403.98046875,0.010304166138522362,0.006764070653988754,0.0,0.007154668215662241,21.46415901184082,41.05251693725586,254.86963663452485,23.11629867553711,4.720553874969482,78.97765350341797,36.87717819213867,1019.9464721679688,1013.7479858398438,34.38162612915039,14.2395601272583,27.087026596069336
Hurlburt Field,2025-03-27,2,30.42777777777778,-86.68944444444445,3.0,76.9983139038086,54.64731216430664,65.78108215332031,74.62936401367188,50.31258773803711,62.04857635498047,44412.21875,40130.8984375,0.0,0.026321166850032038,0.0,0.015370948240160942,21.48853302001953,42.42097091674805,261.6994102326238,22.642839431762695,4.780666351318359,79.01451873779297,37.40505599975586,1019.0262451171875,1013.9515380859375,38.0234260559082,14.302166938781738,28.715248107910156
Hurlburt Field,2025-03-28,2,30.42777777777778,-86.68944444444445,3.0,77.59185028076172,54.15150833129883,65.39620971679688,73.96208953857422,50.32120132446289,62.48065185546875,44552.09765625,38748.1015625,0.003832549277895996,0.024896454496285025,0.0,0.024504531174898148,21.58669090270996,42.381431579589844,265.0319063572865,22.356229782104492,4.746190071105957,79.79182434082031,37.248172760009766,1019.8626708984375,1014.3989868164062,40.031089782714844,13.477425575256348,27.566884994506836
Hurlburt Field,2025-03-29,2,30.42777777777778,-86.68944444444445,3.0,77.4435806274414,55.150875091552734,65.02819061279297,74.10993957519531,50.85930633544922,62.116458892822266,44660.9765625,38650.11328125,0.0,0.04754129102644874,0.0,0.043788645416498184,22.734603881835938,41.02153396606445,275.35559263598026,22.038902282714844,4.823387622833252,78.70537567138672,36.79362106323242,1020.0709228515625,1014.361328125,36.52077102661133,14.487998962402344,26.529582977294922
Keesler Air Force Base,2025-03-23,2,30.411388888888887,-88.92361111111111,3.0,74.8323974609375,54.841453552246094,65.5794448852539,74.90978240966797,51.31768798828125,62.67082214355469,44000.7890625,40583.4921875,0.0,0.02280409077018483,0.0,-0.06193433701992035,18.722322463989258,38.565120697021484,231.09362929938206,22.93541717529297,4.325878620147705,88.33560943603516,46.26893615722656,1019.9757690429688,1015.931884765625,31.27231788635254,11.276689529418945,25.343852996826172
Keesler Air Force Base,2025-03-24,2,30.411388888888887,-88.92361111111111,3.0,77.07321166992188,54.82101821899414,65.91727447509766,74.90190887451172,51.546207427978516,62.17359161376953,44104.921875,40300.14453125,0.0,0.028213057063780102,0.0,-0.02642839215695858,21.278854370117188,42.919002532958984,241.4658068809173,22.352846145629883,4.412343978881836,86.15567016601562,44.269935607910156,1019.1769409179688,1014.0733032226562,39.33124923706055,14.61330795288086,28.39023208618164
Keesler Air Force Base,2025-03-25,2,30.411388888888887,-88.92361111111111,3.0,76.33631134033203,54.78400802612305,65.35346984863281,73.90819549560547,50.79143142700195,60.679813385009766,44215.76171875,40138.19140625,0.014358563858806628,0.03472426853950283,0.0,-0.015840329229831696,21.977975845336914,46.17903518676758,258.838124660591,22.434703826904297,4.5666728019714355,82.06220245361328,43.73613357543945,1018.7369384765625,1012.899658203125,35.56598663330078,14.956496238708496,31.3104305267334
Keesler Air Force Base,2025-03-26,2,30.411388888888887,-88.92361111111111,3.0,75.62256622314453,53.914154052734375,65.353759765625,73.08955383300781,49.86038589477539,61.49961853027344,44346.3671875,39541.21484375,0.0,0.012870152501340593,0.0,-0.008244260214269161,21.121938705444336,42.483524322509766,270.6768369688757,22.208087921142578,4.485665798187256,80.26470184326172,43.661930084228516,1018.7391357421875,1014.0430297851562,32.9452018737793,14.038304328918457,28.140663146972656
Keesler Air Force Base,2025-03-27,2,30.411388888888887,-88.92361111111111,3.0,75.95657348632812,54.758522033691406,65.45513916015625,73.61869049072266,49.967857360839844,62.29300308227539,44412.21875,39401.953125,0.009473141177467784,0.015728748310707707,0.0,0.01375793106853962,20.800458908081055,40.743858337402344,270.80667615597093,22.117218017578125,4.539939880371094,80.0776596069336,41.58030700683594,1019.8944091796875,1014.7440795898438,36.56464767456055,13.416688919067383,28.07545280456543
Keesler Air Force Base,2025-03-28,2,30.411388888888887,-88.92361111111111,3.0,76.23666381835938,55.03853225708008,65.02832794189453,73.39344787597656,49.047584533691406,62.26648712158203,44552.21875,38270.9453125,0.041274612085228896,0.02469376923884884,0.0,0.03337256610393524,22.25508689880371,40.20926284790039,276.6967889873471,21.654478073120117,4.61856746673584,80.42758178710938,42.43626403808594,1020.0801391601562,1014.9342651367188,40.22859191894531,13.626890182495117,26.52217674255371
Keesler Air Force Base,2025-03-29,2,30.411388888888887,-88.92361111111111,3.0,76.89152526855469,55.452823638916016,65.27742004394531,74.25833129882812,50.2620849609375,62.716392517089844,44661.234375,38697.3046875,0.0,0.06083184276728494,0.0,0.19912001490592957,22.55013656616211,38.177696228027344,285.4866430478212,21.686222076416016,4.670896530151367,79.5070571899414,42.34421920776367,1020.5977783203125,1014.6203002929688,36.53563690185547,13.688501358032227,25.741058349609375
Kegelman Air Force Auxiliary Field,2025-03-23,0,36.73805555555556,-98.1261111111111,3.0,74.99893188476562,48.401981353759766,60.724822998046875,65.89351654052734,42.2099609375,51.98197555541992,44072.41015625,37786.75390625,0.032122196751081744,0.031016597752282975,0.0,0.11457596719264984,27.586862564086914,52.91918182373047,167.13617608241736,19.96463966369629,5.4784135818481445,57.94244384765625,19.472728729248047,972.0202026367188,961.1514282226562,44.67087936401367,16.93604850769043,33.83522033691406
Kegelman Air Force Auxiliary Field,2025-03-24,0,36.73805555555556,-98.1261111111111,3.0,73.5347900390625,48.599430084228516,59.250694274902344,63.13249969482422,39.92933654785156,49.961830139160156,44221.95703125,38626.94921875,0.0,0.03277206019853952,0.0,0.07915829122066498,28.97575569152832,57.49744415283203,230.95192319905897,20.552364349365234,6.024316787719727,59.356117248535156,18.99175453186035,971.3523559570312,961.092041015625,38.11896896362305,17.898696899414062,37.335933685302734
Kegelman Air Force Auxiliary Field,2025-03-25,0,36.73805555555556,-98.1261111111111,3.0,71.23479461669922,46.14868927001953,56.78739929199219,62.12091064453125,38.499290466308594,48.26938247680664,44310.26953125,38968.01171875,0.0,0.005130407751984436,0.0,-0.008677677251398563,28.451061248779297,54.65888214111328,245.7679394761219,21.040376663208008,5.852062225341797,52.88180923461914,17.746402740478516,971.0604858398438,962.6815185546875,33.13483428955078,17.181974411010742,34.09063720703125
Kegelman Air Force Auxiliary Field,2025-03-26,0,36.73805555555556,-98.1261111111111,3.0,70.35530090332031,43.31951141357422,54.179168701171875,60.430519104003906,36.6209716796875,45.5804443359375,44425.6015625,38955.26171875,9.480218849908614e-05,0.004978715198192121,0.0,-0.00277496874332428,26.47325897216797,50.522972106933594,264.32175226670586,21.16524887084961,5.668481349945068,51.55479049682617,17.95515251159668,971.6494140625,963.1075439453125,36.053409576416016,16.46137809753418,34.19548416137695
Kegelman Air Force Auxiliary Field,2025-03-27,0,36.73805555555556,-98.1261111111111,3.0,70.7766342163086,42.45476531982422,54.807735443115234,61.121055603027344,36.797786712646484,46.73493576049805,44565.0546875,38825.1796875,0.0,0.0,0.0,-0.007636628579348326,26.65268898010254,44.38592529296875,274.45563871560773,21.566858291625977,5.600107669830322,52.880332946777344,18.346416473388672,973.9551391601562,964.7555541992188,37.817718505859375,14.847001075744629,28.824676513671875
Kegelman Air Force Auxiliary Field,2025-03-28,0,36.73805555555556,-98.1261111111111,3.0,73.3329849243164,44.5123291015625,57.82951354980469,64.3343734741211,36.989837646484375,49.251991271972656,44674.22265625,38065.3125,0.000597353205875125,0.0,0.0,0.0015937983989715576,26.92861557006836,43.84880065917969,282.4942699293273,21.400617599487305,5.922587871551514,49.394622802734375,18.20870590209961,974.6474609375,964.7872924804688,35.94542694091797,15.83438777923584,30.485313415527344
Kegelman Air Force Auxiliary Field,2025-03-29,0,36.73805555555556,-98.1261111111111,3.0,74.55675506591797,45.32606887817383,60.28022766113281,65.84025573730469,38.330604553222656,50.46379089355469,44758.71875,38272.54296875,0.0,0.011875520163321194,0.0,-0.0226956345140934,27.689571380615234,44.54117965698242,281.8587674043461,21.348241806030273,6.051992416381836,52.99489974975586,17.540428161621094,974.4722290039062,965.95751953125,39.48231506347656,15.544778823852539,29.936019897460938
Kirtland Air Force Base,2025-03-23,0,35.040277777777774,-106.60916666666668,3.0,74.145263671875,44.44308090209961,59.80193328857422,65.03141021728516,37.186851501464844,50.26008605957031,44072.87109375,39207.44140625,0.0009235053161445501,0.0016028152390712793,0.0,0.1318725347518921,20.619060516357422,46.09132385253906,251.44727923645135,22.05006980895996,5.167262554168701,39.499961853027344,11.734075546264648,843.5159912109375,836.0260620117188,50.788516998291016,11.394329071044922,27.916046142578125
Kirtland Air Force Base,2025-03-24,0,35.040277777777774,-106.60916666666668,3.0,74.02249908447266,45.160987854003906,58.785919189453125,63.58180236816406,37.94589614868164,49.814300537109375,44221.83984375,39039.55859375,0.0,0.009527612775313516,0.0,0.12578298151493073,21.985431671142578,46.47620391845703,265.1744712357852,21.872602462768555,5.5331130027771,44.96167755126953,11.711932182312012,845.9156494140625,838.2034912109375,44.505836486816406,12.277634620666504,28.63875389099121
Kirtland Air Force Base,2025-03-25,0,35.040277777777774,-106.60916666666668,3.0,73.35391998291016,44.421470642089844,56.99916076660156,61.75517272949219,37.51737594604492,49.2377815246582,44309.0390625,39508.359375,0.004827124146303745,0.0,0.0,0.10461348295211792,23.120012283325195,47.00188064575195,270.8420661550457,21.821603775024414,5.696968078613281,41.3380241394043,12.631596565246582,847.1652221679688,839.391357421875,37.86443328857422,12.801729202270508,29.218128204345703
Kirtland Air Force Base,2025-03-26,0,35.040277777777774,-106.60916666666668,3.0,73.25011444091797,44.27134704589844,57.011112213134766,62.254310607910156,37.52145767211914,49.826576232910156,44424.4140625,39473.82421875,0.0,0.0,0.0,0.08747615665197372,23.02819061279297,46.05044937133789,277.63103163268704,22.029624938964844,5.654718399047852,45.44550704956055,12.894969940185547,847.7086791992188,839.3817138671875,40.542808532714844,13.397954940795898,29.34162712097168
Kirtland Air Force Base,2025-03-27,0,35.040277777777774,-106.60916666666668,3.0,73.31304168701172,44.53199768066406,57.57798767089844,63.66347885131836,37.2574577331543,49.93543243408203,44556.6875,39568.05078125,0.003755414777154646,0.0001634086422127746,0.0,0.08784443140029907,23.035301208496094,43.28076934814453,285.0170344370432,22.03580665588379,5.838037490844727,48.3468017578125,13.011091232299805,847.8936767578125,839.7648315429688,38.405582427978516,12.813797950744629,28.21952247619629
Kirtland Air Force Base,2025-03-28,0,35.040277777777774,-106.60916666666668,3.0,74.59144592285156,45.1173095703125,60.00141525268555,64.1004867553711,38.03971481323242,51.023895263671875,44662.90625,38288.32421875,0.0,0.011387903850687834,0.0,0.10235309600830078,23.918378829956055,45.65452575683594,283.9307591504247,21.875019073486328,5.9659037590026855,49.07554244995117,13.701139450073242,847.8232421875,839.2733764648438,41.776451110839844,13.227829933166504,29.120283126831055
Kirtland Air Force Base,2025-03-29,0,35.040277777777774,-106.60916666666668,3.0,74.59391021728516,45.686424255371094,59.878360748291016,65.09137725830078,37.88155746459961,52.069236755371094,44744.46484375,38827.70703125,0.007551241016168029,0.025201853210256437,0.0,0.12083733081817627,24.479877471923828,47.129390716552734,284.0244299675766,21.935348510742188,6.1490302085876465,49.88649368286133,13.909944534301758,847.8633422851562,840.3776245117188,39.74525833129883,12.701387405395508,29.646318435668945
Joint Base Langley–Eustis,2025-03-23,1,37.08277777777778,-76.36055555555555,3.0,65.192626953125,45.31925582885742,54.39258575439453,58.610679626464844,38.07499313354492,46.625732421875,44077.140625,39972.93359375,0.00031134215436132606,0.010758671096339052,0.0,0.009867891669273376,21.36992835998535,44.89040756225586,260.5788598772585,22.342008590698242,4.532186031341553,67.36646270751953,33.29419708251953,1016.8555908203125,1011.5908203125,40.546897888183594,12.9122953414917,28.85230255126953
Joint Base Langley–Eustis,2025-03-24,1,37.08277777777778,-76.36055555555555,3.0,67.45155334472656,44.31787109375,55.432708740234375,62.46483612060547,38.86947250366211,48.74203109741211,44231.0859375,39673.64453125,0.00751160051071411,0.029410302940140545,0.0,0.02500772848725319,19.624300003051758,41.14945983886719,271.1383479649633,21.957569122314453,4.514034748077393,75.30970001220703,35.30196762084961,1017.10888671875,1012.8031616210938,43.38916015625,12.593913078308105,25.03465461730957
Joint Base Langley–Eustis,2025-03-25,1,37.08277777777778,-76.36055555555555,3.0,68.41544342041016,44.89741897583008,58.4434700012207,64.15269470214844,41.73591232299805,50.81600570678711,44320.88671875,39352.640625,0.04217515039018546,0.0033578311271147067,0.0,-0.017265519127249718,19.81322479248047,40.3097038269043,276.5180493559336,21.74779510498047,4.454108715057373,77.26603698730469,35.98527908325195,1016.8382568359375,1012.7838745117188,43.27914810180664,13.570566177368164,25.992090225219727
Joint Base Langley–Eustis,2025-03-26,1,37.08277777777778,-76.36055555555555,3.0,69.50740814208984,46.09730529785156,59.09261703491211,65.36969757080078,41.974220275878906,52.07878494262695,44425.94921875,39047.0703125,0.03904322040336484,0.011420655230964293,0.0,-0.023554960265755653,19.18855094909668,38.84140396118164,288.26072822527624,21.61727523803711,4.449545383453369,79.07396697998047,35.887901306152344,1017.151611328125,1012.624267578125,41.2139778137207,12.472925186157227,24.960988998413086
Joint Base Langley–Eustis,2025-03-27,1,37.08277777777778,-76.36055555555555,3.0,72.38151550292969,48.186954498291016,60.96335220336914,66.87895202636719,44.2567024230957,54.18611526489258,44562.31640625,38849.53515625,0.0,0.008973823891417607,0.0,-0.01887734793126583,17.67080307006836,37.35297775268555,287.95912765404114,21.49488067626953,4.5488200187683105,79.18212127685547,34.72096252441406,1016.861328125,1012.2735595703125,42.75486373901367,11.250889778137207,23.222803115844727
Joint Base Langley–Eustis,2025-03-28,1,37.08277777777778,-76.36055555555555,3.0,73.84107971191406,48.53697204589844,62.0533561706543,66.96385955810547,44.365089416503906,54.86750030517578,44672.046875,38473.49609375,0.012206340126675506,0.02038263792884502,0.0,-0.00873313657939434,19.22037124633789,37.75537109375,273.33491169441476,21.257333755493164,4.606115818023682,78.39617156982422,35.56364059448242,1016.1182861328125,1011.0808715820312,44.0053825378418,12.17070198059082,24.076650619506836
Joint Base Langley–Eustis,2025-03-29,1,37.08277777777778,-76.36055555555555,3.0,74.44731903076172,49.92986297607422,62.845985412597656,67.76206970214844,45.37525939941406,56.16672897338867,44753.60546875,38683.4921875,0.04860843692938839,0.03697133988373541,0.0,0.05908852070569992,20.209692001342773,40.15315628051758,289.04753468886497,21.17500877380371,4.641201019287109,77.15384674072266,35.9129638671875,1015.9234008789062,1010.99755859375,43.06865310668945,12.740549087524414,25.388343811035156
Laughlin Air Force Base,2025-03-23,2,29.35944444444445,-100.77805555555555,3.0,86.59406280517578,60.32402801513672,72.56513977050781,79.22159576416016,55.520225524902344,68.52974700927734,44007.25,39987.58984375,0.08888703464164652,0.01268516200752294,0.0,0.0794883668422699,32.49297332763672,62.81979751586914,137.4019636319777,22.840778350830078,6.732054233551025,71.04914093017578,20.412967681884766,978.6687622070312,969.8079223632812,31.053682327270508,19.814178466796875,42.353370666503906
Laughlin Air Force Base,2025-03-24,2,29.35944444444445,-100.77805555555555,3.0,80.66653442382812,58.52126693725586,68.76750183105469,75.77734375,52.59089279174805,64.26116180419922,44105.28515625,39174.56640625,0.07526409441438682,0.04808953758530867,0.0,0.08571265637874603,30.170814514160156,57.0964241027832,134.79192179803223,22.43973731994629,6.815342426300049,64.78376007080078,18.602184295654297,979.474365234375,970.1361083984375,29.371139526367188,18.6934871673584,38.2490119934082
Laughlin Air Force Base,2025-03-25,2,29.35944444444445,-100.77805555555555,3.0,80.02483367919922,57.71470642089844,68.60072326660156,73.48165893554688,50.081905364990234,63.19281005859375,44216.140625,39836.734375,0.0252096252598598,0.04828925689116052,0.0,0.03948870673775673,28.494613647460938,58.449039459228516,140.49429040286563,22.549304962158203,6.820234775543213,59.886409759521484,16.882841110229492,978.5621337890625,969.8167114257812,24.81899642944336,18.35630226135254,38.05220031738281
Laughlin Air Force Base,2025-03-26,2,29.35944444444445,-100.77805555555555,3.0,78.96846008300781,56.818668365478516,68.45147705078125,71.56769561767578,49.44280242919922,62.68586349487305,44346.625,39825.27734375,0.02648270056337978,0.049431781548995773,0.0,0.04649864882230759,31.369096755981445,60.85513687133789,140.49429040286563,22.38414192199707,6.674530029296875,56.07994079589844,16.714336395263672,977.8950805664062,969.4942626953125,25.025148391723633,19.363996505737305,40.60752487182617
Laughlin Air Force Base,2025-03-27,2,29.35944444444445,-100.77805555555555,3.0,77.02672576904297,55.08668518066406,66.07855987548828,69.13236236572266,47.61513137817383,60.4755859375,44412.58203125,39624.34765625,0.02638696680272904,0.046226050151811644,0.0,0.04876694455742836,28.763181686401367,56.62674331665039,139.7005261328091,22.276840209960938,6.3475213050842285,52.60191345214844,16.151512145996094,977.9161987304688,969.076904296875,27.22446632385254,18.46750259399414,36.329036712646484
Laughlin Air Force Base,2025-03-28,2,29.35944444444445,-100.77805555555555,3.0,77.78800201416016,54.20511245727539,65.00366973876953,69.74496459960938,47.079681396484375,60.69776916503906,44552.4609375,38786.015625,0.025685810984409092,0.04006609761365466,0.0,0.06568924337625504,29.88671875,59.12044906616211,139.56609510955536,21.949190139770508,6.696065902709961,55.51881408691406,16.22139549255371,976.9993896484375,968.0358276367188,27.38857078552246,18.98324203491211,38.49127197265625
Laughlin Air Force Base,2025-03-29,2,29.35944444444445,-100.77805555555555,3.0,76.53483581542969,53.520606994628906,64.89962005615234,68.77940368652344,47.40996551513672,60.37080001831055,44659.1875,38637.3046875,0.029115406703993384,0.061416554061761705,0.0,0.07948015630245209,30.08822250366211,58.93583297729492,139.7005261328091,21.847692489624023,6.7203264236450195,53.908809661865234,16.3679256439209,976.3804931640625,967.8153076171875,25.986021041870117,19.81849479675293,39.2933464050293
Joint Base Lewis-McChord,2025-03-23,1,47.1475,-122.47944444444444,3.0,56.99199295043945,36.708919525146484,46.01354217529297,49.50114822387695,32.38563537597656,38.73960876464844,44334.81640625,38122.48828125,0.025276706034515067,0.00986042832220535,0.0,0.43160781264305115,18.289165496826172,38.747066497802734,248.46220158707214,18.379236221313477,2.77508544921875,91.07794952392578,45.091304779052734,1012.8096923828125,1004.865966796875,44.49528884887695,12.12739372253418,26.74667739868164
Joint Base Lewis-McChord,2025-03-24,1,47.1475,-122.47944444444444,3.0,59.91950225830078,37.526695251464844,48.39793014526367,54.58924102783203,32.7905158996582,41.472076416015625,44420.96875,39101.2421875,0.0,0.010856396571551206,0.0,0.011342713609337807,17.299428939819336,38.18682861328125,269.35828932159063,19.724693298339844,3.217606782913208,86.68614959716797,44.69837951660156,1013.3106079101562,1006.4880981445312,46.14469909667969,11.518842697143555,24.338716506958008
Joint Base Lewis-McChord,2025-03-25,1,47.1475,-122.47944444444444,3.0,62.639705657958984,38.79391098022461,50.48272705078125,57.24003982543945,34.71678924560547,43.64372253417969,44517.2421875,39601.19921875,0.02628433914696141,0.0,0.0,-0.0750516727566719,17.45979881286621,36.05012512207031,272.00969247163346,20.483339309692383,3.5188498497009277,85.50072479248047,43.67866134643555,1013.8161010742188,1008.1275634765625,42.93407440185547,11.033178329467773,23.72733497619629
Joint Base Lewis-McChord,2025-03-26,1,47.1475,-122.47944444444444,3.0,63.229488372802734,40.242855072021484,51.73381805419922,59.85218048095703,36.3150749206543,46.50791549682617,44715.41796875,39443.94921875,0.0,0.0004729187670129605,0.0,-0.0480772964656353,17.10525894165039,36.20131301879883,282.9986011646013,20.765792846679688,3.5396337509155273,83.47132110595703,42.37518310546875,1013.529052734375,1008.38134765625,42.474449157714844,10.705568313598633,23.210905075073242
Joint Base Lewis-McChord,2025-03-27,1,47.1475,-122.47944444444444,3.0,65.1146469116211,41.391021728515625,52.813995361328125,60.033119201660156,36.99991226196289,48.41569519042969,44863.203125,39455.85546875,0.0012466915494599154,0.0,0.0,-0.0064458115957677364,17.440963745117188,34.75907516479492,276.14805795603564,20.871227264404297,3.844914674758911,83.18756866455078,41.77700424194336,1012.750244140625,1007.883544921875,42.84159851074219,10.334047317504883,23.180892944335938
Joint Base Lewis-McChord,2025-03-28,1,47.1475,-122.47944444444444,3.0,66.93576049804688,42.632347106933594,54.506954193115234,61.69813919067383,38.87564468383789,49.3314094543457,44992.8984375,38133.03515625,0.0,0.0,0.0,0.0282084159553051,16.757522583007812,35.45893478393555,282.36096773308475,20.88593864440918,4.03089714050293,83.4134750366211,40.541839599609375,1012.1271362304688,1007.4564819335938,43.99875259399414,11.2349853515625,23.63211441040039
Joint Base Lewis-McChord,2025-03-29,1,47.1475,-122.47944444444444,3.0,68.81301879882812,43.31988525390625,55.70975875854492,62.98115539550781,39.756752014160156,50.275264739990234,45057.7109375,37814.93359375,0.0004671591196351731,0.010358207389164355,0.0,0.05414062738418579,19.484825134277344,38.09044647216797,281.7464595834891,20.5410213470459,4.130889892578125,81.677978515625,38.96826171875,1012.182861328125,1006.5336303710938,44.57117462158203,11.978175163269043,24.432661056518555
Little Rock Air Force Base,2025-03-23,2,34.91694444444444,-92.1463888888889,3.0,74.6994400024414,48.19879913330078,61.89017868041992,67.87378692626953,44.44370651245117,55.28561019897461,44075.01171875,40093.765625,0.036972618543902866,0.025978669567767742,0.0,0.061483874917030334,23.417978286743164,46.182796478271484,133.6794830715607,21.77362060546875,4.753692626953125,71.87487030029297,27.191484451293945,1006.972412109375,1000.6136474609375,31.56877899169922,15.470745086669922,31.678672790527344
Little Rock Air Force Base,2025-03-24,2,34.91694444444444,-92.1463888888889,3.0,75.96095275878906,50.423500061035156,62.471397399902344,68.06817626953125,43.8719367980957,56.49631881713867,44221.03125,38712.8515625,0.04221121855654121,0.04626927427259353,0.0,0.039830707013607025,24.79020118713379,54.285491943359375,140.10928812735446,21.219526290893555,5.0128865242004395,71.09395599365234,25.81425666809082,1006.4646606445312,1000.5562744140625,40.444435119628906,15.869848251342773,36.79475784301758
Little Rock Air Force Base,2025-03-25,2,34.91694444444444,-92.1463888888889,3.0,73.65072631835938,50.43669891357422,61.318294525146484,65.89632415771484,43.38091278076172,54.725379943847656,44309.859375,38390.44140625,0.023804804764997457,0.03357368332343327,0.0,0.04874936118721962,25.854463577270508,54.7779541015625,139.31211848190762,21.356971740722656,5.072522163391113,67.78877258300781,25.952051162719727,1006.0330810546875,1000.9009399414062,37.60292053222656,15.826517105102539,35.930076599121094
Little Rock Air Force Base,2025-03-26,2,34.91694444444444,-92.1463888888889,3.0,72.67117309570312,49.49143600463867,60.26226806640625,63.086334228515625,38.7091178894043,52.591636657714844,44423.0,38351.765625,0.028418106906281274,0.03784013353674822,0.0,0.05972591042518616,26.23179054260254,55.80852127075195,142.04378600777162,21.25047492980957,4.952358245849609,65.43026733398438,25.820350646972656,1005.2134399414062,1000.0910034179688,38.57918930053711,16.65892791748047,36.64451217651367
Little Rock Air Force Base,2025-03-27,2,34.91694444444444,-92.1463888888889,3.0,70.60393524169922,47.363311767578125,58.73444747924805,62.31989669799805,40.9931526184082,53.41947937011719,44562.87890625,38515.84375,0.07026583886489557,0.0419227314623242,0.0,0.049298230558633804,24.528165817260742,54.423614501953125,149.0032602784538,21.132213592529297,4.922954559326172,67.41324615478516,25.920194625854492,1004.6862182617188,999.705810546875,39.70790100097656,15.498361587524414,34.748069763183594
Little Rock Air Force Base,2025-03-28,2,34.91694444444444,-92.1463888888889,3.0,70.44449615478516,48.042724609375,58.49287033081055,63.17283248901367,41.486000061035156,53.78520965576172,44661.3125,38207.359375,0.02148459846053136,0.04452882947992606,0.0,0.0676153302192688,26.28774070739746,56.680301666259766,166.14768244671896,21.350914001464844,4.9957075119018555,67.8914566040039,26.075626373291016,1004.9133911132812,998.857666015625,39.158077239990234,16.549245834350586,35.84501647949219
Little Rock Air Force Base,2025-03-29,2,34.91694444444444,-92.1463888888889,3.0,69.75433349609375,48.44023132324219,58.64689254760742,63.705894470214844,40.90369415283203,54.029518127441406,44742.87109375,38176.078125,0.012482185412969691,0.07253795574014643,0.0,0.06738681346178055,26.30414581298828,55.08132553100586,226.27897903085614,21.583328247070312,5.141515254974365,68.86325073242188,25.575782775878906,1004.9949951171875,999.7886962890625,37.83657455444336,16.006132125854492,36.85057830810547
Luke Air Force Base,2025-03-23,0,33.535,-112.38305555555554,3.0,84.36603546142578,54.45060348510742,69.95897674560547,79.64412689208984,48.0748405456543,63.026580810546875,44067.234375,40290.0,0.051198550389965944,0.006906656974086061,0.0,0.48462724685668945,17.10152816772461,31.53653907775879,263.16494214088357,22.18287467956543,5.147781848907471,43.45919418334961,10.443617820739746,978.0595703125,972.114501953125,25.499536514282227,7.862195014953613,19.348081588745117
Luke Air Force Base,2025-03-24,0,33.535,-112.38305555555554,3.0,82.79200744628906,54.902854919433594,70.80957794189453,78.15515899658203,48.39802551269531,63.742008209228516,44215.24609375,39738.33984375,0.005028103711528384,0.017751312972839876,0.0,-0.047253143042325974,20.392982482910156,37.96660614013672,264.6696221820884,21.884315490722656,5.594412326812744,42.79887008666992,12.132211685180664,976.9555053710938,970.372314453125,35.13532257080078,11.622289657592773,24.93573570251465
Luke Air Force Base,2025-03-25,0,33.535,-112.38305555555554,3.0,81.6680679321289,55.47304153442383,70.09669494628906,75.05807495117188,49.19720458984375,61.61286544799805,44299.078125,39544.21875,0.01928971864994348,0.011987560568596463,0.0,-0.018760360777378082,21.997194290161133,41.972198486328125,276.5281484530846,21.89920425415039,5.867966651916504,45.714805603027344,13.062675476074219,977.9860229492188,971.0660400390625,33.39033889770508,12.789525032043457,27.425569534301758
Luke Air Force Base,2025-03-26,0,33.535,-112.38305555555554,3.0,79.98442840576172,54.51580810546875,69.06603240966797,73.49087524414062,48.4517822265625,60.98881912231445,44412.21875,39130.7265625,0.059320202102124596,0.013656953001178413,0.0,-0.032681070268154144,21.267244338989258,41.79022216796875,285.8345086328961,21.940433502197266,5.930080890655518,47.73618698120117,14.535847663879395,978.6876831054688,971.8436889648438,32.70836639404297,13.31574821472168,26.39642333984375
Luke Air Force Base,2025-03-27,0,33.535,-112.38305555555554,3.0,78.55402374267578,54.01710510253906,67.43890380859375,73.22747039794922,48.4420280456543,59.862545013427734,44552.29296875,39270.65625,0.002087509510521068,0.0024609891384903826,0.0,-0.017766814678907394,22.40750503540039,42.570762634277344,283.9893614649856,21.71196746826172,6.067076683044434,47.79954147338867,16.006834030151367,978.9860229492188,971.410888671875,31.91380500793457,12.712995529174805,26.51712417602539
Luke Air Force Base,2025-03-28,0,33.535,-112.38305555555554,3.0,78.5569839477539,53.204933166503906,66.64481353759766,73.94525909423828,47.82061004638672,60.82722854614258,44661.171875,38794.85546875,0.00041799112723274343,0.0084349053438355,0.0,-0.02364923059940338,21.610776901245117,42.79219055175781,284.93809621029044,21.53604507446289,6.038210868835449,49.278289794921875,17.49139976501465,979.0164794921875,971.9967651367188,35.14781188964844,12.98809814453125,28.681020736694336
Luke Air Force Base,2025-03-29,0,33.535,-112.38305555555554,3.0,78.89764404296875,53.320045471191406,65.79688262939453,74.10127258300781,47.715335845947266,61.34455490112305,44742.71484375,38665.74609375,0.00246099847463592,0.023732023453565836,0.0,-0.001957464963197708,20.949853897094727,42.18132400512695,284.31690402039476,21.53278160095215,5.991365909576416,51.687767028808594,18.81668472290039,979.1507568359375,972.1136474609375,33.66740417480469,13.0422945022583,27.701948165893555
MacDill Air Force Base,2025-03-23,2,27.849444444444444,-82.52111111111111,3.0,76.97635650634766,54.24892044067383,64.92315673828125,74.91233825683594,51.61772918701172,62.37882995605469,44006.93359375,41034.65234375,0.007452076763782373,0.00827868703115785,0.0,-0.002737748436629772,17.081384658813477,33.295448303222656,288.23329312819317,23.95578384399414,4.72031831741333,72.64029693603516,30.51222801208496,1022.3231201171875,1018.3067626953125,34.398284912109375,10.611556053161621,20.2288761138916
MacDill Air Force Base,2025-03-24,2,27.849444444444444,-82.52111111111111,3.0,79.11334991455078,56.049949645996094,66.75398254394531,76.03834533691406,52.626590728759766,64.03443145751953,44104.84375,40579.30859375,0.0,0.01925080050298952,0.0,-0.0830855518579483,20.152816772460938,37.54766082763672,274.6968167614019,23.638229370117188,5.070230960845947,74.44279479980469,31.559368133544922,1021.3786010742188,1016.8677368164062,36.623939514160156,12.155997276306152,24.27776336669922
MacDill Air Force Base,2025-03-25,2,27.849444444444444,-82.52111111111111,3.0,80.19789123535156,56.18191146850586,67.2503662109375,77.26344299316406,53.83984375,64.93974304199219,44216.140625,40413.40625,0.006430104277506048,0.021863500402148434,0.0,-0.058306239545345306,22.224958419799805,41.29893112182617,290.8596547652354,23.478206634521484,5.06810188293457,74.20933532714844,31.336252212524414,1020.79052734375,1016.0527954101562,35.27469253540039,13.827600479125977,25.458528518676758
MacDill Air Force Base,2025-03-26,2,27.849444444444444,-82.52111111111111,3.0,79.8528060913086,56.60312271118164,68.16156768798828,76.9322280883789,54.258949279785156,65.71458435058594,44299.44140625,40404.23046875,0.0,0.018932750336656496,0.0,-0.05348038300871849,19.341815948486328,38.583168029785156,288.6159230248479,23.406827926635742,4.984984397888184,76.36320495605469,30.89342498779297,1020.6083984375,1015.453125,34.43844223022461,12.439800262451172,24.156225204467773
MacDill Air Force Base,2025-03-27,2,27.849444444444444,-82.52111111111111,3.0,79.9908447265625,56.83464050292969,68.30681610107422,76.72303009033203,54.1856803894043,65.66954803466797,44412.125,39911.67578125,0.00515353063983798,0.016328092764104636,0.0,-0.049065880477428436,19.755966186523438,38.88096618652344,288.22160780424906,22.931245803833008,4.955595016479492,74.9133529663086,32.662803649902344,1020.00927734375,1014.8986206054688,33.529991149902344,11.984145164489746,22.870195388793945
MacDill Air Force Base,2025-03-28,2,27.849444444444444,-82.52111111111111,3.0,81.34300231933594,56.353675842285156,68.11760711669922,78.36566925048828,53.8448371887207,65.87364196777344,44552.4609375,38696.41015625,0.0,0.021914195992035968,0.0,-0.043107714504003525,19.77399253845215,38.24800491333008,283.59698770249497,22.773406982421875,5.083151817321777,75.59070587158203,30.418203353881836,1019.9483642578125,1014.7131958007812,36.891109466552734,12.14241886138916,23.54364013671875
MacDill Air Force Base,2025-03-29,2,27.849444444444444,-82.52111111111111,3.0,82.82698059082031,56.65024948120117,68.78216552734375,79.8710708618164,54.74211502075195,66.47391510009766,44661.21875,38817.796875,0.008365729729269909,0.04099488092754396,0.0,0.206202432513237,22.188180923461914,38.87582015991211,279.67153310025026,22.537242889404297,5.171358585357666,73.93620300292969,30.093198776245117,1019.395263671875,1014.555419921875,36.497100830078125,13.178975105285645,25.27419662475586
Malmstrom Air Force Base,2025-03-23,1,47.50472222222222,-111.18722222222225,3.0,50.53492736816406,29.611740112304688,39.906578063964844,42.54109191894531,22.402551651000977,30.627262115478516,44398.4921875,38222.12109375,0.0,0.0,0.0037845250290578143,0.22666944563388824,21.125181198120117,44.39813995361328,271.8542233726047,20.341402053833008,3.194871187210083,82.3244857788086,29.545639038085938,892.805908203125,886.1026611328125,40.84872817993164,13.444387435913086,28.839399337768555
Malmstrom Air Force Base,2025-03-24,1,47.50472222222222,-111.18722222222225,3.0,58.376033782958984,32.48804473876953,46.53690719604492,51.57664108276367,25.177827835083008,37.130104064941406,44485.79296875,40569.703125,0.0,0.0,0.0,0.10357259213924408,21.208511352539062,40.23240661621094,270.23291801844766,20.71222496032715,3.7996768951416016,74.73348999023438,26.379173278808594,892.5045166015625,885.4942016601562,42.05982208251953,13.44351577758789,27.33887481689453
Malmstrom Air Force Base,2025-03-25,1,47.50472222222222,-111.18722222222225,3.0,61.02348327636719,35.060020446777344,49.41322326660156,55.3162727355957,28.35043716430664,40.47653579711914,44597.5859375,41159.75,0.0,0.0019381753319336142,0.010384707317121291,0.13345304131507874,21.159822463989258,41.67643737792969,269.6433783052019,20.93328094482422,4.1300554275512695,69.82433319091797,26.601360321044922,892.5018310546875,885.2095947265625,42.49409484863281,14.270744323730469,28.098697662353516
Malmstrom Air Force Base,2025-03-26,1,47.50472222222222,-111.18722222222225,3.0,62.56563186645508,37.9299430847168,52.306671142578125,58.202388763427734,31.845108032226562,43.60200500488281,44785.265625,40032.984375,0.0,0.0,0.013705630843091409,0.1351005584001541,22.578981399536133,42.64453887939453,269.64080614565046,20.748146057128906,4.210338592529297,68.24518585205078,25.776870727539062,892.3233032226562,884.8659057617188,39.20402526855469,14.452618598937988,29.61767578125
Malmstrom Air Force Base,2025-03-27,1,47.50472222222222,-111.18722222222225,3.0,64.8314437866211,39.61424255371094,53.29033660888672,59.8838996887207,33.742759704589844,45.013484954833984,44867.4453125,39212.859375,0.0,0.0,0.014683707246107,0.09187419712543488,24.37405776977539,43.41253662109375,269.6433783052019,20.81887435913086,4.3446526527404785,66.1955337524414,25.738128662109375,891.8071899414062,885.3822021484375,42.638282775878906,15.160823822021484,31.022245407104492
Malmstrom Air Force Base,2025-03-28,1,47.50472222222222,-111.18722222222225,3.0,67.26856231689453,40.35527420043945,54.368263244628906,60.647151947021484,35.06599044799805,47.53581619262695,44987.61328125,37374.59765625,0.0,0.0,0.013751409708282838,0.09197544306516647,24.096435546875,43.47486877441406,269.6805633372634,20.982362747192383,4.431494235992432,67.35559844970703,23.702238082885742,891.9856567382812,885.4899291992188,43.945377349853516,14.62075138092041,29.563583374023438
Malmstrom Air Force Base,2025-03-29,1,47.50472222222222,-111.18722222222225,3.0,66.18316650390625,41.5695686340332,55.09171676635742,59.70210266113281,35.833011627197266,48.09912109375,45061.84375,37762.84765625,0.0,0.005286615769376361,0.01472953028115054,0.10197199881076813,23.65345001220703,45.13731002807617,271.22836198036543,20.678686141967773,4.587578296661377,65.7035903930664,24.36126708984375,891.8391723632812,885.4230346679688,46.73289489746094,14.082892417907715,29.626022338867188
Maxwell Air Force Base,2025-03-23,2,32.37916666666667,-86.3625,3.0,76.08201599121094,48.79050064086914,61.12424087524414,73.40428924560547,44.47701644897461,58.12711715698242,44066.73046875,41391.71875,0.003803446514481315,0.001458597567019138,0.0,-0.006212565582245588,17.554141998291016,34.5799560546875,246.8766401291227,23.054018020629883,4.367003440856934,83.57952117919922,37.23398971557617,1014.980224609375,1011.1968383789062,24.976900100708008,11.679540634155273,24.011791229248047
Maxwell Air Force Base,2025-03-24,2,32.37916666666667,-86.3625,3.0,76.45362854003906,50.2074089050293,64.30062866210938,72.65067291259766,46.332313537597656,60.093780517578125,44220.984375,40706.5859375,0.04208266007839146,0.031213444029550067,0.0,-0.004154506605118513,20.374919891357422,40.939971923828125,256.1850025491518,22.345985412597656,4.525724411010742,82.77307891845703,35.99126052856445,1014.5825805664062,1009.6033325195312,38.082183837890625,12.903316497802734,28.124019622802734
Maxwell Air Force Base,2025-03-25,2,32.37916666666667,-86.3625,3.0,76.10906219482422,50.69377517700195,63.92976760864258,71.91879272460938,47.96892547607422,59.112396240234375,44299.51953125,39810.30859375,0.004495107671651399,0.022114035419139418,0.0,0.004688915330916643,21.160860061645508,39.645694732666016,272.2009989433461,21.918745040893555,4.652297496795654,79.64704132080078,35.08687973022461,1015.3714599609375,1009.802734375,34.885589599609375,12.719134330749512,25.65287971496582
Maxwell Air Force Base,2025-03-26,2,32.37916666666667,-86.3625,3.0,76.49043273925781,50.21202850341797,64.13398742675781,73.0938949584961,48.494163513183594,59.92561721801758,44412.203125,39273.99609375,0.001375074570101454,0.010158562817959224,0.0,-0.013107448816299438,20.95207977294922,39.42844772338867,290.25328401129366,21.954927444458008,4.6436285972595215,78.98570251464844,35.12955093383789,1015.6742553710938,1010.0221557617188,33.95274353027344,12.426475524902344,25.234270095825195
Maxwell Air Force Base,2025-03-27,2,32.37916666666667,-86.3625,3.0,76.65374755859375,51.76527404785156,65.09540557861328,72.79243469238281,48.07242965698242,60.67610549926758,44551.58203125,38893.10546875,0.0018003234885306625,0.00556191168868486,0.0,0.008505796082317829,18.811052322387695,37.34273910522461,288.67135022092873,21.53912925720215,4.627438545227051,78.82492065429688,35.65467071533203,1015.7131958007812,1010.4603881835938,35.33120346069336,11.345688819885254,23.0017147064209
Maxwell Air Force Base,2025-03-28,2,32.37916666666667,-86.3625,3.0,77.48631286621094,52.20801544189453,65.09158325195312,73.97989654541016,48.45777893066406,61.22987747192383,44661.3125,38084.26953125,0.0457042276974058,0.016438013475869203,0.0,0.015862982720136642,19.07632064819336,37.75290298461914,279.4851711524597,21.60164451599121,4.645449161529541,81.09542846679688,35.33768844604492,1015.9039306640625,1010.0921020507812,39.44316101074219,11.432358741760254,23.142005920410156
Maxwell Air Force Base,2025-03-29,2,32.37916666666667,-86.3625,3.0,77.9809341430664,54.059532165527344,65.37586212158203,74.45024871826172,49.174537658691406,61.72563171386719,44742.87109375,38570.125,0.002428202298715802,0.046017718568709204,0.0,0.25601834058761597,21.651987075805664,38.31857681274414,280.71435350051644,21.540189743041992,4.770726680755615,79.46141052246094,35.3759880065918,1015.676025390625,1009.1021728515625,37.26932907104492,13.18485164642334,24.97774314880371
McConnell Air Force Base,2025-03-23,1,37.62305555555555,-97.26722222222222,3.0,65.03560638427734,43.18050765991211,53.62211608886719,56.847511291503906,35.32783126831055,43.49171829223633,44083.015625,35830.29296875,0.018974017432577636,0.04180526555692052,0.0,0.0878811925649643,26.396337509155273,57.890167236328125,168.35441659242548,19.84357261657715,4.951588153839111,60.18541717529297,19.336191177368164,966.1577758789062,957.151123046875,41.92909240722656,17.769954681396484,36.50408172607422
McConnell Air Force Base,2025-03-24,1,37.62305555555555,-97.26722222222222,3.0,66.044677734375,43.11578369140625,51.246707916259766,56.8606071472168,35.3231315612793,43.939903259277344,44227.16015625,38804.53515625,0.0,0.03290518797858951,0.0,0.07915829122066498,27.465065002441406,58.37672805786133,231.17972457450773,20.468143463134766,5.5014967918396,61.042484283447266,19.502859115600586,965.0723876953125,954.5941162109375,34.26729202270508,17.1002254486084,36.69133758544922
McConnell Air Force Base,2025-03-25,1,37.62305555555555,-97.26722222222222,3.0,66.66704559326172,42.3875617980957,51.77680206298828,57.99577713012695,35.59811019897461,45.0362434387207,44330.6484375,39215.37109375,0.0,0.0038437974929817855,0.0,-0.0014536324888467789,25.39029312133789,50.66035842895508,245.7679394761219,21.040250778198242,5.505488872528076,59.75777816772461,18.24969482421875,964.4203491210938,955.1458129882812,28.696687698364258,15.547327995300293,32.11960983276367
McConnell Air Force Base,2025-03-26,1,37.62305555555555,-97.26722222222222,3.0,67.5335464477539,41.92123794555664,53.69234848022461,59.83843231201172,35.682796478271484,46.637474060058594,44443.8046875,39193.359375,0.0,0.004987467860303546,0.0,-0.0341779850423336,24.79498291015625,48.218597412109375,264.2853374502746,21.138498306274414,5.201783180236816,52.560123443603516,20.167436599731445,964.8049926757812,955.6204223632812,31.51740074157715,16.101137161254883,31.18795394897461
McConnell Air Force Base,2025-03-27,1,37.62305555555555,-97.26722222222222,3.0,68.77923583984375,41.79197692871094,55.18992614746094,61.121986389160156,36.36191177368164,48.221256256103516,44573.49609375,39247.6796875,0.0012020629442958135,0.0,0.0,-0.030364908277988434,26.25093650817871,45.12562561035156,269.41199163519224,21.53209114074707,5.391149520874023,58.08577346801758,19.95675277709961,964.7246704101562,957.2572631835938,36.812618255615234,14.937304496765137,28.61252784729004
McConnell Air Force Base,2025-03-28,1,37.62305555555555,-97.26722222222222,3.0,69.41053771972656,43.592472076416016,56.68195724487305,62.181129455566406,36.40488815307617,48.33943176269531,44682.6640625,38130.546875,0.0,0.0,0.0,-0.025578007102012634,27.25471305847168,44.07838821411133,275.4208100198548,21.44234275817871,5.681715488433838,55.018882751464844,19.154882431030273,964.2803344726562,956.3380126953125,35.89085006713867,15.565988540649414,30.86536407470703
McConnell Air Force Base,2025-03-29,1,37.62305555555555,-97.26722222222222,3.0,71.08499908447266,43.71839904785156,58.26970291137695,63.324119567871094,37.11500549316406,48.015995025634766,44767.16015625,38300.61328125,0.0,0.013953500013084503,0.0,-0.0226956345140934,26.943500518798828,46.00340270996094,281.4637800493538,21.252878189086914,5.7331132888793945,55.351722717285156,18.872697830200195,964.1142578125,956.3206787109375,39.26295471191406,15.394571304321289,30.41139793395996
Joint Base McGuire–Dix–Lakehurst,2025-03-23,1,40.01916666666666,-74.52277777777778,3.0,61.67514419555664,39.81443405151367,49.024166107177734,55.59922790527344,32.872928619384766,40.98878479003906,44205.6015625,39034.1796875,0.006114847841576388,0.0,0.0003026800585191792,0.07881952822208405,20.996219635009766,43.07482147216797,266.3002554488439,20.608642578125,3.9559948444366455,68.72827911376953,31.634754180908203,1013.5512084960938,1006.7872314453125,44.384944915771484,13.513171195983887,27.77912712097168
Joint Base McGuire–Dix–Lakehurst,2025-03-24,1,40.01916666666666,-74.52277777777778,3.0,64.82574462890625,40.251930236816406,51.99820327758789,60.574607849121094,35.13002014160156,44.873321533203125,44331.94921875,38811.8046875,0.03461874906892858,0.0015090154904601608,0.0,0.022675607353448868,17.760927200317383,40.007408142089844,275.38718560551865,20.90082550048828,4.014315128326416,75.62200164794922,33.528568267822266,1014.9599609375,1008.6747436523438,43.64791488647461,11.30728816986084,24.93915557861328
Joint Base McGuire–Dix–Lakehurst,2025-03-25,1,40.01916666666666,-74.52277777777778,3.0,67.3089599609375,42.270084381103516,54.81783676147461,62.78132247924805,38.2164192199707,49.40077590942383,44444.22265625,38773.3203125,0.04061670811250544,0.004513896609522189,0.0,-0.004189380444586277,19.17984390258789,39.66450881958008,281.2416401375151,20.953102111816406,4.154402732849121,79.5528793334961,33.362449645996094,1014.5536499023438,1009.5320434570312,38.76776123046875,11.607630729675293,25.010717391967773
Joint Base McGuire–Dix–Lakehurst,2025-03-26,1,40.01916666666666,-74.52277777777778,3.0,68.14239501953125,43.94105529785156,56.26862335205078,63.58013153076172,39.160030364990234,50.2148551940918,44572.1484375,38749.8984375,0.03848843252652493,0.005175543793804226,0.0,-0.02194514125585556,18.586904525756836,39.93981170654297,285.7301044241708,20.928186416625977,4.248200416564941,79.32038879394531,33.52008819580078,1014.9041137695312,1009.731689453125,41.05230712890625,11.040647506713867,25.332637786865234
Joint Base McGuire–Dix–Lakehurst,2025-03-27,1,40.01916666666666,-74.52277777777778,3.0,68.19642639160156,44.241695404052734,56.698848724365234,63.30294418334961,40.48423385620117,51.41851806640625,44680.84765625,38430.671875,0.0,0.0015777846189458577,0.0,0.03493465110659599,17.13540267944336,37.63612365722656,284.9360982688165,20.85086441040039,4.274562835693359,80.88026428222656,34.1412239074707,1014.898193359375,1009.7764282226562,42.23573303222656,10.428205490112305,23.36949920654297
Joint Base McGuire–Dix–Lakehurst,2025-03-28,1,40.01916666666666,-74.52277777777778,3.0,68.9561996459961,45.943878173828125,57.52135467529297,63.61003112792969,41.73985290527344,53.12376022338867,44762.921875,37788.3203125,0.002561283730413926,0.012192849371191777,0.0,0.001378056826069951,19.459442138671875,39.101829528808594,276.82194820585005,20.52684211730957,4.281502723693848,80.9597396850586,33.486026763916016,1014.4846801757812,1009.382080078125,41.61186218261719,11.52849006652832,25.034652709960938
Joint Base McGuire–Dix–Lakehurst,2025-03-29,1,40.01916666666666,-74.52277777777778,3.0,68.42501068115234,46.405757904052734,58.9032096862793,64.67416381835938,41.72233200073242,53.43859100341797,44875.32421875,37577.6015625,0.0,0.05883294131176264,0.0,0.07458675652742386,19.69671058654785,40.42729949951172,286.24324270093894,20.4072208404541,4.3884406089782715,78.26598358154297,33.36863327026367,1014.3582763671875,1008.970947265625,42.923553466796875,12.118419647216797,25.04123306274414
Minot Air Force Base,2025-03-23,1,48.41583333333333,-101.35805555555557,3.0,51.44216537475586,24.117473602294922,35.75522232055664,43.94908905029297,14.064406394958496,27.351438522338867,44401.94921875,37538.00390625,0.07285001091279553,0.01362074115615024,0.03036593698032534,0.022221216931939125,23.121713638305664,39.605377197265625,112.02187274062062,19.79399871826172,2.7680962085723877,83.51007843017578,35.29682922363281,950.8307495117188,943.1368408203125,45.95777130126953,14.235962867736816,29.370872497558594
Minot Air Force Base,2025-03-24,1,48.41583333333333,-101.35805555555557,3.0,57.603668212890625,31.463682174682617,44.83354949951172,50.2852668762207,22.50935173034668,36.04505920410156,44490.43359375,38604.5625,0.0074025602198966615,0.031050176808946433,0.0,0.05052456259727478,25.79814338684082,44.6380729675293,116.85670972714912,20.546842575073242,3.2815258502960205,78.7809066772461,38.13133239746094,949.9151000976562,941.1796875,45.587154388427734,16.024707794189453,32.6312255859375
Minot Air Force Base,2025-03-25,1,48.41583333333333,-101.35805555555557,3.0,61.936424255371094,36.985843658447266,49.45967102050781,54.084312438964844,28.567251205444336,40.52716064453125,44691.55078125,38939.1484375,0.012403860621412511,0.045177790723629346,0.02812493500855754,0.08240363746881485,26.31290626525879,50.968318939208984,117.51037681101366,20.366418838500977,3.5652523040771484,77.74190521240234,36.5899658203125,949.5015258789062,940.5516357421875,44.796573638916016,16.355424880981445,36.144283294677734
Minot Air Force Base,2025-03-26,1,48.41583333333333,-101.35805555555557,3.0,62.69204330444336,39.22591018676758,51.71471405029297,55.30997085571289,33.14570617675781,43.78466033935547,44789.6875,37963.765625,0.00892685977308997,0.042740364354029614,0.01438492213727469,0.08436757326126099,26.505050659179688,55.171142578125,115.96846301269859,19.87676239013672,3.9717540740966797,78.09596252441406,34.20177459716797,949.521484375,940.612548828125,41.69141387939453,17.063478469848633,36.420291900634766
Minot Air Force Base,2025-03-27,1,48.41583333333333,-101.35805555555557,3.0,61.668060302734375,39.87282180786133,52.10433578491211,54.33474349975586,33.674686431884766,43.27061080932617,44907.53515625,37475.16796875,0.011575128502639757,0.03849157389203294,0.015892256495132064,0.09764187037944794,26.339754104614258,54.967254638671875,116.17503227108818,19.98978042602539,4.191488742828369,77.86347198486328,33.15737533569336,949.6893920898438,941.2249145507812,42.70213317871094,16.816465377807617,36.056800842285156
Minot Air Force Base,2025-03-28,1,48.41583333333333,-101.35805555555557,3.0,61.55144500732422,40.14738845825195,52.3270149230957,53.65715408325195,33.71670150756836,42.75586700439453,45079.5234375,36698.34375,0.008751727696796134,0.05950352639585512,0.01538313887180212,0.10110415518283844,27.56574058532715,55.094791412353516,116.17503227108818,20.182405471801758,4.348939895629883,77.06304168701172,32.84041976928711,949.2315673828125,940.6913452148438,43.245216369628906,17.44635581970215,37.16337966918945
Minot Air Force Base,2025-03-29,1,48.41583333333333,-101.35805555555557,3.0,61.583377838134766,39.69552230834961,52.39823532104492,54.04314422607422,33.36618423461914,43.78754806518555,45227.40234375,36742.24609375,0.016803424061960816,0.04827455398479816,0.01422377900424671,0.11562978476285934,26.04891014099121,54.731788635253906,116.3801159706469,20.449514389038086,4.4620256423950195,76.50424194335938,31.281261444091797,948.7734375,940.9071044921875,46.61591720581055,17.70809555053711,37.5966796875
Moody Air Force Base,2025-03-23,2,30.967777777777776,-83.19277777777778,3.0,74.4663314819336,47.192081451416016,59.77536392211914,73.21183013916016,43.245452880859375,57.47743606567383,44000.2734375,40038.27734375,0.0,0.0,0.0,0.13543255627155304,15.378276824951172,34.709651947021484,249.44535538703423,23.55695343017578,4.479554653167725,81.9265365600586,32.5909423828125,1014.2369384765625,1009.5524291992188,34.220035552978516,10.244053840637207,22.503597259521484
Moody Air Force Base,2025-03-24,2,30.967777777777776,-83.19277777777778,3.0,76.1249008178711,50.63759231567383,63.52265930175781,73.58751678466797,46.23225784301758,59.8076286315918,44104.859375,39541.4140625,0.04681346237166124,0.0,0.0,-0.019113991409540176,18.189010620117188,38.16872787475586,250.0058851440047,22.629928588867188,4.655760765075684,79.0244140625,33.70758056640625,1013.0994262695312,1008.4954833984375,43.86530303955078,11.863349914550781,26.946897506713867
Moody Air Force Base,2025-03-25,2,30.967777777777776,-83.19277777777778,3.0,76.84879302978516,52.05404281616211,64.69610595703125,73.93946075439453,49.783634185791016,60.85554885864258,44216.21875,39179.90625,0.002765611054345723,0.016406826227414028,0.0,0.01497583743184805,20.47987937927246,39.7800178527832,264.97324310124895,22.22483253479004,4.772711753845215,79.34465789794922,31.75333595275879,1012.9230346679688,1007.9443969726562,37.945899963378906,12.973268508911133,27.756532669067383
Moody Air Force Base,2025-03-26,2,30.967777777777776,-83.19277777777778,3.0,77.01951599121094,53.017757415771484,64.88243865966797,74.27369689941406,49.820518493652344,60.98173522949219,44346.24609375,39146.31640625,0.0,0.003299736896964293,0.0,-0.014364074915647507,20.719642639160156,39.514896392822266,276.58289012850537,22.035415649414062,4.793649196624756,76.81212615966797,31.402664184570312,1013.3621826171875,1008.4370727539062,34.38013458251953,12.79544734954834,25.687694549560547
Moody Air Force Base,2025-03-27,2,30.967777777777776,-83.19277777777778,3.0,77.79934692382812,53.690982818603516,65.4859848022461,74.32731628417969,49.06263732910156,61.82576370239258,44411.703125,38790.93359375,0.012662692028454475,0.0,0.0,-0.0013284797314554453,19.723388671875,40.733638763427734,289.54236979082134,21.535511016845703,4.758350849151611,76.45266723632812,32.42719268798828,1013.7978515625,1008.3706665039062,35.20538330078125,12.709099769592285,25.495603561401367
Moody Air Force Base,2025-03-28,2,30.967777777777776,-83.19277777777778,3.0,77.82815551757812,53.36064910888672,65.2756118774414,74.85627746582031,48.837074279785156,61.8105583190918,44552.09765625,38095.48046875,0.002967279341290691,0.01651100897145842,0.0,0.0035340520553290844,18.440025329589844,37.16230392456055,288.22160780424906,21.688905715942383,4.8363118171691895,77.82381439208984,30.87961769104004,1013.8179931640625,1009.1378784179688,38.77863693237305,11.320173263549805,23.033504486083984
Moody Air Force Base,2025-03-29,2,30.967777777777776,-83.19277777777778,3.0,78.75324249267578,53.86753845214844,65.48217010498047,75.261474609375,48.869136810302734,61.479312896728516,44661.3125,38111.87109375,0.0015356958294391074,0.03214950013629242,0.0,0.005996804218739271,19.455707550048828,36.561058044433594,279.2835582264096,21.61445426940918,4.863486289978027,75.27651977539062,31.05003547668457,1014.0899658203125,1009.3298950195312,36.560184478759766,11.49206829071045,22.63215446472168
Mountain Home Air Force Base,2025-03-23,0,43.04361111111111,-115.8725,3.0,57.167381286621094,31.198415756225586,44.58205795288086,48.52654266357422,23.42229461669922,34.85347366333008,44321.01171875,39543.390625,0.06742931695260179,0.0,0.009149092270125461,-0.060428205877542496,21.384780883789062,39.90325164794922,329.27654411282447,20.797016143798828,3.305154800415039,79.36705017089844,32.500667572021484,916.2769775390625,909.6331787109375,41.22209548950195,12.632122993469238,27.000120162963867
Mountain Home Air Force Base,2025-03-24,0,43.04361111111111,-115.8725,3.0,61.126338958740234,33.3832893371582,47.970909118652344,54.94108581542969,24.949419021606445,38.83853530883789,44419.02734375,41027.7109375,0.0,0.0,0.020126994095609512,-0.0481891930103302,18.992826461791992,36.40581512451172,278.33772150917775,21.520748138427734,3.9035096168518066,76.67649841308594,29.147418975830078,915.0247802734375,909.2493286132812,33.878623962402344,10.960395812988281,21.52499008178711
Mountain Home Air Force Base,2025-03-25,0,43.04361111111111,-115.8725,3.0,62.146820068359375,36.165863037109375,51.25238037109375,58.523651123046875,28.61954689025879,42.63582992553711,44510.609375,41622.95703125,0.0,0.0,0.025201490388741452,-0.014115849509835243,21.555435180664062,40.09523010253906,276.7844427306754,21.75636863708496,4.130370140075684,71.8483657836914,26.53482437133789,914.1324462890625,908.5554809570312,39.24113845825195,11.897921562194824,25.412670135498047
Mountain Home Air Force Base,2025-03-26,0,43.04361111111111,-115.8725,3.0,63.44087600708008,38.954959869384766,53.6318244934082,59.65180587768555,32.502593994140625,46.207210540771484,44661.36328125,40155.41015625,0.0,0.0,0.012761404263759095,-0.006323331501334906,23.860485076904297,41.17451095581055,285.4871931949665,21.269426345825195,4.252465724945068,69.17374420166016,26.560928344726562,913.32275390625,906.9323120117188,38.22930908203125,12.616398811340332,27.261016845703125
Mountain Home Air Force Base,2025-03-27,0,43.04361111111111,-115.8725,3.0,65.29703521728516,40.57252502441406,53.769187927246094,59.868804931640625,34.18416976928711,48.12551498413086,44780.6328125,39209.92578125,0.0,0.0,0.01316758276414536,-0.04626978933811188,23.266496658325195,41.655540466308594,283.49623316934446,21.1751766204834,4.407356262207031,69.54821014404297,26.096485137939453,912.9528198242188,905.1695556640625,39.2221565246582,12.521119117736816,25.67820167541504
Mountain Home Air Force Base,2025-03-28,0,43.04361111111111,-115.8725,3.0,66.94756317138672,42.005516052246094,54.71195602416992,60.27394104003906,35.45701599121094,48.012882232666016,44874.2890625,37745.1015625,0.0,0.0,0.013762495738343967,-0.030466608703136444,20.771202087402344,40.42086410522461,284.56674853979496,21.118213653564453,4.6061177253723145,68.6288070678711,26.602054595947266,912.730712890625,904.692138671875,38.79866027832031,12.18243408203125,25.675874710083008
Mountain Home Air Force Base,2025-03-29,0,43.04361111111111,-115.8725,3.0,67.65227508544922,42.60213088989258,55.84975051879883,60.745582580566406,36.22368240356445,49.01118087768555,44963.4609375,37366.7734375,0.0008348504571506844,0.00808517941366761,0.013182634013703108,-0.014075997285544872,22.687849044799805,42.25545883178711,284.34061508256605,21.097543716430664,4.679840564727783,68.52412414550781,26.504680633544922,911.2431640625,904.5724487304688,41.373165130615234,12.527209281921387,25.792375564575195
Nellis Air Force Base,2025-03-23,0,36.23611111111112,-115.03416666666666,3.0,76.9441909790039,53.07121276855469,65.57498931884766,70.46000671386719,47.342098236083984,59.71675109863281,44070.8359375,36668.78515625,0.022278825686027112,0.01645435246977407,0.0,0.5434401035308838,19.385147094726562,37.157875061035156,108.38643024925499,19.952573776245117,4.798768997192383,39.85623550415039,14.788515090942383,949.4931640625,942.586669921875,52.331459045410156,10.508246421813965,21.581985473632812
Nellis Air Force Base,2025-03-24,0,36.23611111111112,-115.03416666666666,3.0,78.32283782958984,53.48556900024414,65.92353820800781,71.28276824951172,48.52083969116211,60.2818603515625,44215.140625,38553.28515625,0.02886463693271485,0.024428069348758547,0.0,0.11723484098911285,23.422208786010742,45.34281921386719,111.79047835213778,20.887535095214844,5.566563606262207,43.093841552734375,14.081743240356445,949.3519897460938,941.8187255859375,35.31539535522461,13.247528076171875,29.563480377197266
Nellis Air Force Base,2025-03-25,0,36.23611111111112,-115.03416666666666,3.0,77.2640151977539,53.00119400024414,65.2560806274414,69.84449768066406,46.99143981933594,58.9271125793457,44297.08203125,39376.94921875,0.023540995935255923,0.041322201360661476,0.0,0.09379236400127411,26.557191848754883,49.49293518066406,110.71343345173442,20.986629486083984,5.970789909362793,46.68074417114258,14.58324146270752,948.9776000976562,941.337890625,35.73915100097656,15.719923973083496,31.636489868164062
Nellis Air Force Base,2025-03-26,0,36.23611111111112,-115.03416666666666,3.0,75.17791748046875,52.215301513671875,62.57298278808594,66.4565658569336,43.76518249511719,55.784751892089844,44409.765625,39292.90625,0.028551395713408395,0.04139370961621017,0.0,0.0873512253165245,28.93288803100586,50.8062629699707,111.2276135082101,21.22686195373535,5.941091537475586,49.171234130859375,15.539449691772461,948.7835693359375,941.3955078125,36.994667053222656,17.112567901611328,32.77580261230469
Nellis Air Force Base,2025-03-27,0,36.23611111111112,-115.03416666666666,3.0,75.02454376220703,51.47190856933594,61.440914154052734,64.97308349609375,42.18873977661133,54.82109832763672,44549.64453125,39133.80078125,0.0333849981563381,0.035977633534478984,0.0,0.10124653577804565,27.961000442504883,51.82858657836914,111.00988733205119,21.241926193237305,5.8892717361450195,51.868045806884766,15.718015670776367,948.981689453125,941.1906127929688,40.142112731933594,17.76148223876953,33.67549133300781
Nellis Air Force Base,2025-03-28,0,36.23611111111112,-115.03416666666666,3.0,74.11846923828125,50.879974365234375,61.17489242553711,64.9920883178711,43.49803161621094,55.29368209838867,44658.859375,38130.1171875,0.028263452852772483,0.03708396846362041,0.0,0.09693612158298492,28.63735580444336,53.49335861206055,110.94343936753535,21.18862533569336,6.090200901031494,51.336814880371094,16.265396118164062,949.3057250976562,941.19580078125,39.745635986328125,17.759836196899414,33.8388786315918
Nellis Air Force Base,2025-03-29,0,36.23611111111112,-115.03416666666666,3.0,73.36842346191406,51.835975646972656,61.85813522338867,65.43926239013672,44.74686813354492,55.630897521972656,44741.71484375,38617.21875,0.02713092826107189,0.05561087907074883,0.0,0.10417083650827408,26.836837768554688,52.88234329223633,111.37290509657147,21.230581283569336,6.129187107086182,53.27254867553711,15.957463264465332,949.5224609375,942.0514526367188,38.57339096069336,17.010177612304688,35.46696472167969
North Auxiliary Airfield,2025-03-23,2,33.61694444444444,-81.08305555555555,3.0,75.71976470947266,47.08312225341797,59.56349182128906,69.90892791748047,40.76471710205078,53.667884826660156,44066.21484375,41012.08984375,0.006734582401800022,0.03318298779382245,0.0,0.038093581795692444,19.532501220703125,42.19204330444336,249.52756870246844,23.07526969909668,5.123306751251221,61.78569030761719,23.836488723754883,1008.3799438476562,1004.7159423828125,26.50723648071289,12.060608863830566,26.750566482543945
North Auxiliary Airfield,2025-03-24,2,33.61694444444444,-81.08305555555555,3.0,76.0816421508789,48.63432312011719,62.08268737792969,70.36404418945312,43.97291564941406,56.651912689208984,44219.88671875,39349.13671875,0.009731410452821804,0.034800392933808516,0.0,-0.031001431867480278,21.540699005126953,42.55097198486328,255.96371531266587,21.923599243164062,5.066679000854492,65.41632843017578,26.79450035095215,1008.5646362304688,1003.01416015625,40.13278579711914,13.518464088439941,29.195693969726562
North Auxiliary Airfield,2025-03-25,2,33.61694444444444,-81.08305555555555,3.0,76.14386749267578,49.14082717895508,63.426612854003906,70.47093963623047,44.13706970214844,57.94021224975586,44299.51953125,39034.9375,0.0,0.022109690875191216,0.0,-0.012639001943171024,20.434612274169922,44.03800964355469,271.903879681122,21.59108543395996,5.09025239944458,67.31148529052734,25.821165084838867,1008.9105224609375,1003.9617919921875,35.724891662597656,13.197626113891602,27.64678192138672
North Auxiliary Airfield,2025-03-26,2,33.61694444444444,-81.08305555555555,3.0,75.79654693603516,50.336463928222656,63.61463928222656,70.85848236083984,45.24088668823242,58.0859375,44412.203125,38983.37109375,0.007323553271337829,0.005495682539391901,0.0,-0.006041924934834242,20.345733642578125,41.60142135620117,273.3026008110019,21.559703826904297,4.993895053863525,67.73286437988281,25.246999740600586,1009.4798583984375,1005.3624877929688,38.447933197021484,12.375682830810547,26.984195709228516
North Auxiliary Airfield,2025-03-27,2,33.61694444444444,-81.08305555555555,3.0,76.73563385009766,51.37969207763672,64.26510620117188,71.8890151977539,45.339439392089844,59.918277740478516,44551.58203125,38623.09765625,0.0,0.0,0.0,0.03598954901099205,19.420320510864258,40.61845779418945,286.2300885421441,21.22677993774414,4.966971397399902,68.75959014892578,25.82200050354004,1009.8966064453125,1005.6889038085938,37.2730827331543,12.489280700683594,25.72397232055664
North Auxiliary Airfield,2025-03-28,2,33.61694444444444,-81.08305555555555,3.0,78.15686798095703,51.47321701049805,65.21218872070312,73.2850112915039,46.82699966430664,61.22002029418945,44661.296875,38087.42578125,0.005542749625185773,0.013429045445187263,0.0,0.015443204902112484,18.795211791992188,38.570980072021484,284.55783401590514,21.299116134643555,5.136896133422852,70.01361083984375,25.754043579101562,1009.9847412109375,1005.7899780273438,39.84846878051758,11.665263175964355,23.138553619384766
North Auxiliary Airfield,2025-03-29,2,33.61694444444444,-81.08305555555555,3.0,78.82440948486328,53.28255844116211,65.58092498779297,73.50045776367188,47.65635299682617,61.568729400634766,44742.87109375,38208.58984375,0.0006592425955771037,0.01867390258334113,0.0,0.029006201773881912,19.964250564575195,40.04301071166992,280.4535272863867,21.3375301361084,5.272726535797119,70.35430145263672,25.69789695739746,1010.0225830078125,1005.8259887695312,38.99374771118164,12.318158149719238,25.02566146850586
Offutt Air Force Base,2025-03-23,1,41.11944444444445,-95.90861111111111,3.0,64.21398162841797,38.07240676879883,51.766380310058594,56.373661041259766,30.087385177612305,41.91106414794922,44213.69921875,37032.1171875,0.021814702990519786,0.0202213249383851,0.015097014385293147,0.10107117146253586,25.534690856933594,54.04136657714844,226.58313536755895,19.29979133605957,3.891774892807007,76.48561096191406,33.48825454711914,977.9788208007812,968.9237670898438,44.727935791015625,15.887547492980957,34.45096969604492
Offutt Air Force Base,2025-03-24,1,41.11944444444445,-95.90861111111111,3.0,62.534854888916016,39.32709503173828,50.32481384277344,54.02255630493164,31.621665954589844,40.36100769042969,44334.66015625,38872.78515625,0.0,0.01192299096882837,0.015903365936743217,-0.021216895431280136,24.008193969726562,49.106197357177734,246.79886268574563,20.18216323852539,4.157278537750244,74.06964874267578,32.90860366821289,978.245849609375,969.9780883789062,34.81419372558594,14.199325561523438,33.2972297668457
Offutt Air Force Base,2025-03-25,1,41.11944444444445,-95.90861111111111,3.0,64.22720336914062,39.30569076538086,52.5102424621582,58.05976104736328,31.80355453491211,42.8360710144043,44449.13671875,38977.0078125,0.0,0.009906313821787058,0.015903365936743217,-0.03092774748802185,22.29076385498047,44.8704833984375,263.33023974513117,20.467073440551758,4.204840183258057,74.19966125488281,33.010963439941406,979.7218627929688,970.521728515625,38.60142517089844,14.057870864868164,29.258441925048828
Offutt Air Force Base,2025-03-26,1,41.11944444444445,-95.90861111111111,3.0,65.47704315185547,39.397159576416016,53.77047348022461,60.41339874267578,33.451683044433594,45.73888397216797,44593.87890625,38854.515625,0.0039739366276672575,0.020363523665352802,0.008041417632691589,-0.038796018809080124,20.19905662536621,41.17325210571289,264.6990792588776,20.759567260742188,4.280119895935059,75.20619201660156,33.320533752441406,979.1676025390625,971.5364379882812,31.900928497314453,13.556583404541016,27.14791488647461
Offutt Air Force Base,2025-03-27,1,41.11944444444445,-95.90861111111111,3.0,67.36804962158203,41.27144241333008,54.96851348876953,61.76864242553711,35.81695556640625,47.72825241088867,44699.328125,39003.02734375,0.0,0.00074120359678435,0.011739324900266449,-0.029378239065408707,21.082080841064453,41.15315246582031,275.721967032797,20.865381240844727,4.408398151397705,75.3485107421875,35.06461715698242,979.7421875,971.2724609375,36.810340881347656,13.054128646850586,26.348106384277344
Offutt Air Force Base,2025-03-28,1,41.11944444444445,-95.90861111111111,3.0,69.1075439453125,42.31382369995117,56.10074234008789,63.15073013305664,37.02516174316406,48.321998596191406,44829.1796875,37125.9609375,0.0,0.0,0.014040201535491502,0.006487349048256874,22.558229446411133,40.95140075683594,283.53802883065987,20.784360885620117,4.568020343780518,75.39022064208984,33.91952896118164,978.94482421875,971.5046997070312,37.028018951416016,13.471488952636719,26.661466598510742
Offutt Air Force Base,2025-03-29,1,41.11944444444445,-95.90861111111111,3.0,69.77584075927734,42.42523956298828,56.73998260498047,62.9510612487793,37.24398422241211,48.71034240722656,44960.44140625,37682.37890625,0.0,0.011594640580939033,0.014062062708336579,-0.02574322745203972,23.067989349365234,40.17267608642578,284.18455627202263,20.836286544799805,4.7517218589782715,74.50244903564453,32.2857551574707,977.6591186523438,970.7640991210938,42.65296173095703,13.423941612243652,27.012174606323242
Pope Field,2025-03-23,2,35.170833333333334,-79.01444444444445,3.0,72.45528411865234,47.499488830566406,58.69587326049805,67.25596618652344,41.56828308105469,53.04544448852539,44067.140625,40532.94921875,0.0,0.0,0.0,0.03614098206162453,17.830413818359375,43.40970993041992,246.1868417252913,22.576435089111328,4.816510200500488,66.93456268310547,28.2606143951416,1011.520263671875,1006.5011596679688,41.12068557739258,12.409388542175293,28.604856491088867
Pope Field,2025-03-24,2,35.170833333333334,-79.01444444444445,3.0,74.26747131347656,48.53139114379883,60.71776580810547,68.64280700683594,43.81414031982422,55.78373718261719,44220.46875,39400.51171875,0.008781278321419448,0.0,0.0,0.022531621158123016,19.73275375366211,43.330657958984375,259.7807222674903,21.510133743286133,4.717079162597656,71.13072967529297,30.48607635498047,1011.721923828125,1006.3551025390625,44.74225997924805,13.575797080993652,29.907495498657227
Pope Field,2025-03-25,2,35.170833333333334,-79.01444444444445,3.0,75.51493072509766,49.06025314331055,62.99699401855469,68.98299407958984,43.84352111816406,57.57542037963867,44299.51953125,38803.34375,0.0,0.0088824140729586,0.0,-0.003415532410144806,20.98039436340332,43.665916442871094,271.4836502406545,21.401931762695312,4.824800491333008,73.1122055053711,30.179729461669922,1011.927001953125,1007.7269897460938,36.93492889404297,13.187996864318848,27.0766544342041
Pope Field,2025-03-26,2,35.170833333333334,-79.01444444444445,3.0,76.15087890625,50.1231575012207,63.50611114501953,70.34122467041016,44.68562698364258,56.89976119995117,44412.203125,38998.26171875,0.008458633020830084,0.006330826841911993,0.0,0.003912854474037886,19.803600311279297,41.040470123291016,272.7198884194609,21.68532371520996,4.8427839279174805,72.45460510253906,29.65338897705078,1012.1548461914062,1007.6837768554688,38.943115234375,12.317367553710938,26.339153289794922
Pope Field,2025-03-27,2,35.170833333333334,-79.01444444444445,3.0,76.73959350585938,51.398441314697266,64.41614532470703,71.9365005493164,45.495418548583984,58.70002746582031,44551.125,38651.859375,0.0,0.0,0.0,0.0342559888958931,19.221529006958008,40.863285064697266,288.4567402869204,21.244707107543945,4.864024639129639,73.41072845458984,29.41393280029297,1011.8111572265625,1007.4060668945312,36.74090576171875,12.135915756225586,25.426366806030273
Pope Field,2025-03-28,2,35.170833333333334,-79.01444444444445,3.0,76.40434265136719,50.913936614990234,64.51883697509766,71.38957977294922,47.15741729736328,59.856868743896484,44661.3125,37905.76171875,0.0072288273121914,0.006646058139077585,0.0,0.01367338839918375,18.58846092224121,39.263893127441406,288.3291225272633,21.197969436645508,4.940420150756836,71.78942108154297,28.945276260375977,1011.7963256835938,1007.0516967773438,39.439849853515625,11.420620918273926,24.210559844970703
Pope Field,2025-03-29,2,35.170833333333334,-79.01444444444445,3.0,77.21125030517578,51.055198669433594,64.78578186035156,71.7294921875,46.50401306152344,60.06537628173828,44742.87109375,37710.23046875,0.0006590841081314591,0.015416869794768601,0.0,0.019782058894634247,19.020349502563477,38.53894805908203,284.6095535918654,21.286773681640625,5.039587497711182,72.47636413574219,29.584657669067383,1012.0242919921875,1006.9393920898438,39.62079620361328,11.740628242492676,23.493228912353516
Robins Air Force Base,2025-03-23,2,32.64,-83.59166666666667,3.0,77.67633819580078,48.4276237487793,62.583003997802734,73.59617614746094,42.414527893066406,57.41059875488281,44066.21484375,41222.67578125,0.002924981546722125,0.013579257578841075,0.0,-0.03159952163696289,16.921106338500977,37.49589157104492,256.3002380821939,23.370803833007812,5.285730361938477,63.983829498291016,22.891353607177734,1011.8950805664062,1007.6768188476562,24.2028865814209,11.512176513671875,25.510005950927734
Robins Air Force Base,2025-03-24,2,32.64,-83.59166666666667,3.0,77.539306640625,49.85163116455078,64.40741729736328,72.59591674804688,45.27145004272461,58.96540451049805,44216.171875,40394.20703125,0.010270899551331996,0.018635567669293744,0.0,-0.01317102275788784,19.122943878173828,40.15239334106445,262.4694215954101,22.62550926208496,5.37701940536499,67.11203002929688,24.43220329284668,1011.6453857421875,1006.6762084960938,42.16366195678711,13.023600578308105,27.3337459564209
Robins Air Force Base,2025-03-25,2,32.64,-83.59166666666667,3.0,76.81825256347656,50.66454315185547,64.86544799804688,72.49285125732422,45.96162033081055,59.27744674682617,44299.51953125,39637.34765625,0.0,0.006299737906193814,0.0,0.012508184649050236,20.07762908935547,42.11135482788086,271.8602995112763,22.15555191040039,5.550239562988281,67.80460357666016,25.373811721801758,1012.5366821289062,1007.0970458984375,35.43724822998047,12.413817405700684,26.135717391967773
Robins Air Force Base,2025-03-26,2,32.64,-83.59166666666667,3.0,77.38655853271484,51.01591110229492,65.47906494140625,73.1095199584961,47.582916259765625,59.555702209472656,44412.203125,39013.9375,0.00784270439111327,0.006031055264175644,0.0,0.011118010617792606,19.901653289794922,40.89574432373047,273.3026008110019,21.886051177978516,5.519461631774902,69.03074645996094,25.165433883666992,1012.3186645507812,1007.7135009765625,36.142337799072266,12.201104164123535,25.490541458129883
Robins Air Force Base,2025-03-27,2,32.64,-83.59166666666667,3.0,77.53486633300781,52.3805046081543,65.67147064208984,73.2388687133789,47.28092956542969,60.80437469482422,44551.58203125,38833.65625,0.0,0.0,0.0,0.0181131474673748,19.395151138305664,40.94059371948242,285.71350419545456,21.433130264282227,5.475119590759277,70.57115173339844,26.311687469482422,1012.611328125,1007.4039306640625,37.22322463989258,12.83498477935791,26.01576805114746
Robins Air Force Base,2025-03-28,2,32.64,-83.59166666666667,3.0,78.057373046875,53.394596099853516,65.79047393798828,73.36006927490234,47.72365951538086,61.252010345458984,44661.3125,38117.33984375,0.05034530245659047,0.014321694971256942,0.0,0.042424026876688004,18.874732971191406,39.590782165527344,284.9689455957303,21.595699310302734,5.442216873168945,69.801513671875,26.688556671142578,1012.7001342773438,1008.053466796875,38.1481819152832,11.99210262298584,24.462663650512695
Robins Air Force Base,2025-03-29,2,32.64,-83.59166666666667,3.0,79.0537338256836,53.586429595947266,65.80621337890625,74.1537857055664,48.36982727050781,61.64482879638672,44742.87109375,38231.12890625,0.0,0.02803478308843774,0.0,0.020752519369125366,20.059589385986328,39.26485061645508,285.2457502246782,21.539169311523438,5.452911376953125,71.0584945678711,26.100339889526367,1012.5496215820312,1007.8030395507812,38.155006408691406,12.5311918258667,24.5166072845459
Rome Research Site,2025-03-23,1,43.22111111111112,-10.256666666666666,3.0,58.47661209106445,43.866302490234375,50.89752197265625,50.949588775634766,34.360260009765625,42.238494873046875,44217.21484375,38397.7421875,0.08360378232624732,0.20012570278075167,0.00010343224222008085,2.1129586696624756,45.90269088745117,65.08531951904297,329.8763951734248,20.208633422851562,3.3888752460479736,80.77851867675781,50.88071060180664,1016.739990234375,1010.5000610351562,39.12179946899414,31.552236557006836,50.61073303222656
Rome Research Site,2025-03-24,1,43.22111111111112,-10.256666666666666,3.0,61.48942184448242,43.818389892578125,54.459228515625,54.84504318237305,37.79994201660156,46.9714241027832,44333.1953125,40982.9609375,0.03406786833141458,0.05643789970057118,0.0,0.4160294532775879,31.636083602905273,47.57975387573242,331.8582571383212,22.077430725097656,3.721971035003662,76.57691955566406,49.98434829711914,1019.0009765625,1014.46533203125,36.776527404785156,19.733556747436523,32.50579071044922
Rome Research Site,2025-03-25,1,43.22111111111112,-10.256666666666666,3.0,64.26607513427734,46.16127395629883,56.83796310424805,58.37235641479492,39.77252960205078,49.4149055480957,44432.015625,41283.7734375,0.058232654267626825,0.04490762602755235,0.0,0.0492752306163311,27.21467399597168,40.54001998901367,330.02487744630395,22.224382400512695,3.9594500064849854,78.88130187988281,50.48064422607422,1020.4226684570312,1015.852294921875,40.57020950317383,16.40756607055664,26.708650588989258
Rome Research Site,2025-03-26,1,43.22111111111112,-10.256666666666666,3.0,66.37025451660156,48.560691833496094,57.76945114135742,61.0328483581543,41.24163818359375,51.649139404296875,44577.1015625,41037.265625,0.0,0.07424100435094132,0.0,-0.09075458347797394,24.3059139251709,37.83824157714844,330.02487744630395,22.001035690307617,4.1335859298706055,78.26472473144531,49.9105110168457,1019.5586547851562,1015.0946044921875,38.206783294677734,14.765235900878906,24.287233352661133
Rome Research Site,2025-03-27,1,43.22111111111112,-10.256666666666666,3.0,67.76422882080078,48.69139099121094,58.576385498046875,62.14020538330078,43.32167434692383,52.531349182128906,44689.76171875,39672.08203125,0.004553137098142253,0.025754147620621042,0.0,-0.1491442620754242,24.243755340576172,37.52607345581055,328.9489945515863,21.57623291015625,4.212996482849121,78.72216033935547,48.176143646240234,1018.0066528320312,1013.9707641601562,39.3009147644043,15.79605484008789,24.903505325317383
Rome Research Site,2025-03-28,1,43.22111111111112,-10.256666666666666,3.0,68.54634857177734,49.20489501953125,59.63382339477539,62.82522201538086,44.11150360107422,53.54374313354492,44761.0,37834.8046875,0.0,0.0012128456460511524,0.0,0.08132947981357574,25.018701553344727,38.377593994140625,330.1311099306314,21.496143341064453,4.199326992034912,79.57390594482422,49.032257080078125,1016.9158935546875,1012.1975708007812,39.39509963989258,15.331374168395996,24.789772033691406
Rome Research Site,2025-03-29,1,43.22111111111112,-10.256666666666666,3.0,68.11109924316406,49.52664566040039,59.867408752441406,62.368499755859375,43.56835174560547,53.826873779296875,44867.22265625,38062.578125,0.00545183793112097,0.030245444751025787,0.0,0.023324526846408844,25.223800659179688,38.05055236816406,338.4093670446058,21.27297019958496,4.210297107696533,78.85624694824219,46.48598098754883,1015.7106323242188,1011.108642578125,38.86067199707031,16.648372650146484,25.98554801940918
Joint Base San Antonio,2025-03-23,2,29.448888888888888,-98.44888888888887,3.0,83.71366882324219,58.780601501464844,70.13965606689453,81.31848907470703,55.544593811035156,67.6951904296875,44000.83203125,40424.24609375,0.08433736869367099,0.02157882840273468,0.0,0.07036086916923523,25.861095428466797,53.6354866027832,168.91684762271097,23.3666934967041,5.7748637199401855,81.85469055175781,27.962217330932617,989.9804077148438,984.7635498046875,25.568880081176758,16.328615188598633,36.645599365234375
Joint Base San Antonio,2025-03-24,2,29.448888888888888,-98.44888888888887,3.0,80.72872924804688,58.111061096191406,68.91129302978516,76.85225677490234,51.11376190185547,63.676673889160156,44105.28515625,40171.921875,0.07030143584770784,0.05058934340361773,0.0,0.06499193608760834,26.738597869873047,57.608238220214844,224.5905800064336,23.136695861816406,6.074163913726807,71.06721496582031,22.536407470703125,990.1175537109375,985.6488037109375,28.778120040893555,15.838092803955078,39.4241828918457
Joint Base San Antonio,2025-03-25,2,29.448888888888888,-98.44888888888887,3.0,78.94364929199219,54.694705963134766,67.00615692138672,71.8418960571289,48.391963958740234,60.28188705444336,44216.140625,39995.8828125,0.006008580212121697,0.019875918411020786,0.0,-0.016469448804855347,24.73601531982422,53.1320915222168,238.06288909380254,23.230789184570312,6.177112579345703,67.46556091308594,22.3151798248291,991.4812622070312,986.198486328125,26.804290771484375,14.186759948730469,35.52590560913086
Joint Base San Antonio,2025-03-26,2,29.448888888888888,-98.44888888888887,3.0,78.50543975830078,53.21126174926758,66.43666076660156,71.965087890625,48.105003356933594,59.50569534301758,44346.625,39899.74609375,0.008218982282583899,0.011553184341233402,0.0,-0.01406420860439539,24.5130672454834,53.1519889831543,250.8711283765723,23.2568359375,5.934487342834473,66.72076416015625,20.031633377075195,991.3228149414062,987.189697265625,25.97340202331543,14.311238288879395,32.43293762207031
Joint Base San Antonio,2025-03-27,2,29.448888888888888,-98.44888888888887,3.0,78.18138885498047,51.813072204589844,63.30644989013672,71.20448303222656,45.166831970214844,58.54527282714844,44412.58203125,39565.30859375,0.013286087091158366,0.01790285021296609,0.0,-0.00513133779168129,24.16139030456543,44.034324645996094,254.55300709518343,23.236175537109375,5.709314823150635,67.15386962890625,19.51146697998047,991.4835205078125,987.8583374023438,28.872303009033203,13.546647071838379,29.697526931762695
Joint Base San Antonio,2025-03-28,2,29.448888888888888,-98.44888888888887,3.0,79.64906311035156,52.09302520751953,65.1688003540039,73.72453308105469,46.69099426269531,60.58665466308594,44552.00390625,39016.56640625,0.008061686781685284,0.0133788462931592,0.0,-0.01637670397758484,22.685317993164062,46.004730224609375,262.1783292078076,23.33256721496582,5.809863567352295,67.3338394165039,19.68204116821289,990.58935546875,985.7946166992188,28.529428482055664,13.853415489196777,28.37118148803711
Joint Base San Antonio,2025-03-29,2,29.448888888888888,-98.44888888888887,3.0,80.074462890625,53.640625,66.28633117675781,73.75819396972656,48.60565185546875,61.39710235595703,44659.234375,38976.09765625,0.0030705595495348664,0.026487042663298637,0.0,0.22460268437862396,24.880897521972656,47.635963439941406,261.4453821023,23.384002685546875,6.165146827697754,64.52332305908203,19.644289016723633,988.1543579101562,984.1491088867188,29.344743728637695,14.777369499206543,30.076913833618164
Scott Air Force Base,2025-03-23,1,38.54527777777778,-89.83527777777778,3.0,63.51339340209961,38.70926284790039,53.087852478027344,57.65094757080078,35.21329116821289,45.62059783935547,44216.96875,38696.9765625,0.0,0.0,0.0,-0.005575997289270163,20.216096878051758,38.987403869628906,279.91510012107443,21.472665786743164,4.065586566925049,76.9444580078125,32.914573669433594,1004.9511108398438,999.2632446289062,39.908992767333984,13.197859764099121,25.156414031982422
Scott Air Force Base,2025-03-24,1,38.54527777777778,-89.83527777777778,3.0,66.80847930908203,41.863460540771484,54.27748489379883,60.90510177612305,37.25818634033203,46.80204772949219,44326.58984375,38719.5625,0.0,0.0,0.0,-0.01296721026301384,20.715896606445312,40.148681640625,283.57616498737855,21.464515686035156,4.245786666870117,74.54963684082031,31.25701141357422,1004.86474609375,1000.0869140625,40.55339431762695,13.722648620605469,26.61080551147461
Scott Air Force Base,2025-03-25,1,38.54527777777778,-89.83527777777778,3.0,68.54156494140625,43.569522857666016,55.35369873046875,62.34151077270508,37.892677307128906,48.982810974121094,44433.1328125,38801.1640625,0.0,0.0,0.0,-0.006397274788469076,20.512460708618164,39.376956939697266,283.461279689766,21.673444747924805,4.393147945404053,72.7555160522461,31.274681091308594,1003.470458984375,1000.1148681640625,37.40675735473633,14.24994945526123,26.837345123291016
Scott Air Force Base,2025-03-26,1,38.54527777777778,-89.83527777777778,3.0,69.46282958984375,43.59584045410156,56.95079040527344,63.2673454284668,38.62821578979492,49.58073043823242,44573.01171875,38795.49609375,0.0,0.0,0.0,-0.038351453840732574,20.79682731628418,39.50240707397461,283.461279689766,21.626001358032227,4.556160926818848,67.15145874023438,30.678003311157227,1003.0538940429688,998.5137939453125,36.37638473510742,13.910309791564941,26.507953643798828
Scott Air Force Base,2025-03-27,1,38.54527777777778,-89.83527777777778,3.0,71.51266479492188,44.388160705566406,57.52189254760742,64.44647216796875,38.90022277832031,50.51174545288086,44684.69140625,38683.66015625,0.001120175266643444,0.0027053871655397365,0.0,-0.011340823955833912,20.687700271606445,39.36520767211914,283.93495319037345,21.371139526367188,4.506514072418213,69.93289947509766,31.104402542114258,1002.741943359375,998.6654663085938,40.01905059814453,12.041224479675293,25.224607467651367
Scott Air Force Base,2025-03-28,1,38.54527777777778,-89.83527777777778,3.0,73.60858917236328,44.5369758605957,59.154273986816406,66.24536895751953,39.5542106628418,51.67959213256836,44765.046875,38125.00390625,0.0,0.003881473831413958,0.0,-0.05229860171675682,21.576181411743164,41.245052337646484,284.9742084516055,21.52021598815918,4.591420650482178,72.19786071777344,30.626691818237305,1002.285888671875,997.7869873046875,40.84611129760742,12.592986106872559,25.641664505004883
Scott Air Force Base,2025-03-29,1,38.54527777777778,-89.83527777777778,3.0,74.5403823852539,45.77092361450195,60.38249969482422,67.01468658447266,41.286678314208984,52.005577087402344,44869.53515625,38074.97265625,0.009035162434626333,0.03002032482456806,0.0,0.0025834389962255955,22.10003662109375,40.343257904052734,284.1337780599498,21.373422622680664,4.670226097106934,70.9163589477539,30.635475158691406,1002.3572998046875,997.8120727539062,40.60337448120117,13.093661308288574,25.35871124267578
Seymour Johnson Air Force Base,2025-03-23,2,35.339444444444446,-77.96055555555556,3.0,69.39431762695312,46.49198532104492,57.31764602661133,65.40909576416016,41.372257232666016,52.58576965332031,44069.31640625,40781.58984375,0.0016741031722548932,0.0245614135425802,0.0,-0.04642301797866821,18.890169143676758,45.18640899658203,242.88509250389896,22.8169002532959,4.595578193664551,74.91166687011719,35.00123596191406,1015.5640258789062,1011.0714111328125,41.325469970703125,12.425812721252441,30.65643882751465
Seymour Johnson Air Force Base,2025-03-24,2,35.339444444444446,-77.96055555555556,3.0,71.78707885742188,47.9224853515625,59.67911911010742,65.8976821899414,43.63758850097656,54.68600082397461,44220.01171875,39618.68359375,0.0,0.012095937280526737,0.0,-0.03964699059724808,19.13182830810547,45.332237243652344,256.1850025491518,21.63948631286621,4.511621952056885,78.90766906738281,35.82112503051758,1014.742919921875,1010.4520874023438,44.101905822753906,12.908381462097168,27.566341400146484
Seymour Johnson Air Force Base,2025-03-25,2,35.339444444444446,-77.96055555555556,3.0,73.54437255859375,48.39179229736328,60.88990783691406,66.49859619140625,44.121883392333984,55.86319351196289,44310.31640625,38803.25,0.043492377533357725,0.02417561649307585,0.0,-0.03356992453336716,20.701854705810547,46.42573547363281,266.486597030501,21.50731658935547,4.490514278411865,78.52176666259766,35.41750717163086,1015.3549194335938,1010.722412109375,39.700496673583984,13.003311157226562,26.722097396850586
Seymour Johnson Air Force Base,2025-03-26,2,35.339444444444446,-77.96055555555556,3.0,74.38147735595703,49.43611526489258,61.51100540161133,67.34666442871094,44.127132415771484,54.72200393676758,44412.203125,39004.94140625,0.0029337151546805287,0.011682764757757577,0.0,-0.004557924345135689,20.047443389892578,41.19401931762695,277.5417775999563,21.786394119262695,4.558725833892822,78.16133880615234,34.63762283325195,1016.1438598632812,1011.330322265625,37.284637451171875,12.023418426513672,25.88751983642578
Seymour Johnson Air Force Base,2025-03-27,2,35.339444444444446,-77.96055555555556,3.0,75.83039093017578,50.07207107543945,63.217857360839844,69.95555114746094,44.97444534301758,57.10001754760742,44551.125,38722.4765625,0.0,0.0022496091172624784,0.0,0.003840128891170025,18.66510581970215,38.6733283996582,289.3437459420476,21.58620834350586,4.646455764770508,79.06379699707031,34.53819274902344,1016.499267578125,1011.1632080078125,36.395591735839844,11.674001693725586,24.765945434570312
Seymour Johnson Air Force Base,2025-03-28,2,35.339444444444446,-77.96055555555556,3.0,75.39446258544922,50.66178512573242,64.0235824584961,70.23954772949219,46.2555046081543,58.182395935058594,44661.3125,37819.00390625,0.05059284621596549,0.027123931784027555,0.0,0.008274740539491177,18.41881561279297,39.11941146850586,284.71349684660186,21.30397605895996,4.709291934967041,78.41618347167969,35.661380767822266,1016.0435791015625,1010.5525512695312,41.061492919921875,11.403792381286621,23.345823287963867
Seymour Johnson Air Force Base,2025-03-29,2,35.339444444444446,-77.96055555555556,3.0,75.42900848388672,51.157493591308594,64.27998352050781,70.76436614990234,46.71441650390625,59.55441665649414,44742.87109375,37943.83984375,0.004586673381939779,0.03758957628443272,0.0,0.019370753318071365,18.848255157470703,40.226863861083984,280.18616682230225,21.505083084106445,4.757756233215332,77.8834457397461,35.599388122558594,1016.2432861328125,1010.3958129882812,40.872467041015625,11.797622680664062,25.063302993774414
Shaw Air Force Base,2025-03-23,2,33.973055555555554,-80.47277777777778,3.0,75.7907943725586,48.085609436035156,60.089759826660156,70.43897247314453,41.944549560546875,53.95655822753906,44066.21484375,41185.11328125,0.004047794987712526,0.010143149139126843,0.0,0.03014569729566574,18.43379783630371,42.134159088134766,249.91762883638268,23.154813766479492,5.072110652923584,64.32917022705078,24.58303451538086,1011.443115234375,1007.31298828125,31.407886505126953,12.165173530578613,28.441198348999023
Shaw Air Force Base,2025-03-24,2,33.973055555555554,-80.47277777777778,3.0,75.86526489257812,48.50788497924805,63.06398010253906,71.21995544433594,44.538848876953125,57.21579360961914,44214.55859375,39546.07421875,0.0,0.02571105649277953,0.0,-0.11863326281309128,20.037710189819336,42.23372268676758,255.96371531266587,21.935867309570312,5.020549297332764,67.4570083618164,27.43973731994629,1011.4773559570312,1006.1952514648438,40.06230163574219,13.573726654052734,28.746028900146484
Shaw Air Force Base,2025-03-25,2,33.973055555555554,-80.47277777777778,3.0,76.51901245117188,49.864322662353516,63.9589729309082,71.14678192138672,45.039310455322266,58.922447204589844,44299.51953125,39052.48828125,0.008376368066146138,0.02052587420777856,0.0,0.02067618817090988,20.181509017944336,43.01144790649414,266.02693830973084,21.584148406982422,5.091272830963135,69.92569732666016,26.929723739624023,1011.7806396484375,1007.2273559570312,36.378170013427734,12.853288650512695,27.10856819152832
Shaw Air Force Base,2025-03-26,2,33.973055555555554,-80.47277777777778,3.0,77.01602172851562,50.56248474121094,64.88145446777344,72.4833755493164,47.15191650390625,58.758094787597656,44412.203125,39007.12109375,0.0,0.00520876523790442,0.0,0.003468699287623167,19.64698600769043,41.6042366027832,278.2760517583025,21.562929153442383,5.0240631103515625,70.13771057128906,25.9185791015625,1012.0936279296875,1007.611328125,39.278968811035156,11.96816349029541,26.45921516418457
Shaw Air Force Base,2025-03-27,2,33.973055555555554,-80.47277777777778,3.0,78.22811889648438,51.76664352416992,65.67738342285156,74.17980194091797,47.57903289794922,60.64945602416992,44551.58203125,38707.09765625,0.007274396238019938,0.0,0.0,0.038297150284051895,18.54659652709961,39.75645065307617,285.8207780925046,21.169570922851562,5.018205165863037,70.35662841796875,25.789722442626953,1011.92529296875,1007.770751953125,38.1540641784668,11.663214683532715,24.62654685974121
Shaw Air Force Base,2025-03-28,2,33.973055555555554,-80.47277777777778,3.0,78.78754425048828,52.989505767822266,65.96714782714844,74.57463073730469,47.61933898925781,61.146793365478516,44661.296875,38126.98828125,0.038955091315955516,0.00997873677560284,0.0,-0.0011498949024826288,18.388154983520508,38.95795440673828,284.3014250482749,21.34901237487793,5.165472030639648,70.828125,26.099897384643555,1012.209228515625,1006.9969482421875,40.21424865722656,11.650050163269043,23.777904510498047
Shaw Air Force Base,2025-03-29,2,33.973055555555554,-80.47277777777778,3.0,78.76155090332031,53.77896499633789,66.02277374267578,74.00482177734375,47.15823745727539,61.436832427978516,44742.87109375,38253.34765625,0.0,0.016144670047160622,0.0,0.009390831924974918,19.71779441833496,40.297550201416016,282.1723126455677,21.477760314941406,5.296263694763184,71.11092376708984,27.122583389282227,1011.9797973632812,1007.0237426757812,40.282981872558594,12.395293235778809,24.753677368164062
Sheppard Air Force Base,2025-03-23,2,33.98888888888889,-98.49194444444444,3.0,81.90332794189453,52.80425262451172,64.9921646118164,73.16551971435547,46.352081298828125,57.56623458862305,44067.1875,40024.08984375,0.03970232954900619,0.02318441029305484,0.0,0.06065598875284195,28.085886001586914,59.29557418823242,172.1639629194736,21.75432777404785,6.296102046966553,59.97236251831055,21.589780807495117,979.4063720703125,968.7562866210938,37.21881103515625,16.88284683227539,39.13547134399414
Sheppard Air Force Base,2025-03-24,2,33.98888888888889,-98.49194444444444,3.0,76.34837341308594,50.948890686035156,61.164424896240234,66.90575408935547,41.01826477050781,53.56258010864258,44216.21875,38751.09375,0.001301688847261109,0.03484795232110294,0.0,0.062429241836071014,27.11018943786621,61.4632568359375,233.92136105614225,21.57547950744629,6.446937561035156,61.17214584350586,19.65966033935547,979.5208740234375,969.3255615234375,36.08735656738281,17.622787475585938,40.72251510620117
Sheppard Air Force Base,2025-03-25,2,33.98888888888889,-98.49194444444444,3.0,73.47669982910156,47.39830017089844,59.01630783081055,64.12774658203125,40.1275749206543,50.39976501464844,44299.0625,38997.36328125,0.0,0.0042827985761525285,0.0,-0.009239246137440205,24.82314682006836,53.21173858642578,256.6330172095569,21.80686378479004,6.30059814453125,59.36288070678711,18.576204299926758,980.980224609375,971.7117919921875,33.74891662597656,16.410921096801758,35.130767822265625
Sheppard Air Force Base,2025-03-26,2,33.98888888888889,-98.49194444444444,3.0,73.69878387451172,46.60376739501953,59.03536605834961,63.64319610595703,38.29868698120117,50.927947998046875,44422.5,38937.65234375,0.010461594164262893,0.010037135667490382,0.0,0.22289034724235535,26.25228500366211,48.404109954833984,266.67086096708425,21.65666389465332,6.035624980926514,50.443946838378906,18.686208724975586,980.9666748046875,973.5775756835938,34.480045318603516,16.167442321777344,32.323272705078125
Sheppard Air Force Base,2025-03-27,2,33.98888888888889,-98.49194444444444,3.0,73.9493179321289,46.16754913330078,58.99828338623047,64.73235321044922,39.47809982299805,52.64381790161133,44552.09765625,39052.10546875,0.0,0.006201779176166285,0.0,-0.02983083203434944,25.045461654663086,45.29897689819336,274.8584301697879,21.65642547607422,5.822335243225098,52.08137130737305,18.896970748901367,982.08642578125,974.5213012695312,36.35881042480469,14.512129783630371,30.306846618652344
Sheppard Air Force Base,2025-03-28,2,33.98888888888889,-98.49194444444444,3.0,75.75912475585938,48.246055603027344,60.71294403076172,66.38198852539062,40.98141860961914,53.27484130859375,44661.234375,38474.33203125,0.007704032312104895,0.0,0.0,-0.006833403836935759,26.18271255493164,46.763641357421875,283.04449316065995,21.683307647705078,6.160046577453613,49.55586242675781,17.892953872680664,980.9681396484375,974.1441040039062,35.460533142089844,14.771068572998047,32.044944763183594
Sheppard Air Force Base,2025-03-29,2,33.98888888888889,-98.49194444444444,3.0,76.17620086669922,47.573463439941406,62.681636810302734,66.61292266845703,41.743736267089844,54.203372955322266,44742.80859375,38092.79296875,0.0003705382460417172,0.014698467274763236,0.0,-0.03354930132627487,26.396772384643555,41.88602066040039,283.4821137272071,21.559680938720703,6.098042011260986,52.277828216552734,17.11669158935547,980.7969970703125,973.8353881835938,39.679725646972656,14.436047554016113,29.24993133544922
Tinker Air Force Base,2025-03-23,2,35.414722222222224,-97.38666666666668,3.0,74.88182830810547,49.337196350097656,61.68056869506836,65.08189392089844,41.14926528930664,52.99420928955078,44071.984375,38623.9453125,0.04139378332659655,0.04035098952985823,0.0,0.09509987384080887,27.30743408203125,58.93145751953125,172.1639629194736,21.087848663330078,6.0839152336120605,59.975860595703125,21.676815032958984,970.7389526367188,960.8123168945312,46.45087432861328,17.32353401184082,38.14828872680664
Tinker Air Force Base,2025-03-24,2,35.414722222222224,-97.38666666666668,3.0,72.13694763183594,49.05206298828125,59.50199890136719,61.214271545410156,39.671669006347656,50.23061752319336,44221.03125,38618.5,0.0,0.0360730286751672,0.0,0.10447865724563599,28.867650985717773,61.28219223022461,236.3769142082721,21.334739685058594,6.3653669357299805,59.55238723754883,22.237743377685547,970.411376953125,960.9357299804688,39.04990005493164,18.075153350830078,40.541358947753906
Tinker Air Force Base,2025-03-25,2,35.414722222222224,-97.38666666666668,3.0,69.8659439086914,45.946842193603516,56.99301528930664,61.36922073364258,37.77248001098633,48.505611419677734,44309.34375,38910.01953125,0.007363205610772041,0.007206536090183335,0.0,-0.007593428250402212,27.548011779785156,52.57314682006836,257.0349983826796,21.638931274414062,6.154765605926514,56.54899597167969,21.75327491760254,971.6885375976562,962.7742919921875,33.03044128417969,17.314605712890625,33.94486618041992
Tinker Air Force Base,2025-03-26,2,35.414722222222224,-97.38666666666668,3.0,69.99012756347656,44.430355072021484,54.82588577270508,60.81058883666992,37.06038284301758,46.790252685546875,44424.67578125,39019.109375,0.0,0.011941519247871056,0.0,-0.01457311399281025,25.70615005493164,46.905479431152344,271.3432222117375,21.473459243774414,5.911201477050781,51.92582702636719,19.890714645385742,972.89599609375,963.9829711914062,33.326866149902344,16.944263458251953,31.785757064819336
Tinker Air Force Base,2025-03-27,2,35.414722222222224,-97.38666666666668,3.0,71.32512664794922,43.16340255737305,56.2788200378418,63.66654968261719,37.03563690185547,48.34605407714844,44565.0546875,39008.234375,4.54109992001541e-05,0.0,0.0,-0.017430875450372696,26.569427490234375,45.98375701904297,270.55108960204916,21.738859176635742,5.879300117492676,56.8216552734375,19.604799270629883,974.0530395507812,965.2789916992188,36.34745788574219,15.073348045349121,31.447174072265625
Tinker Air Force Base,2025-03-28,2,35.414722222222224,-97.38666666666668,3.0,73.8040542602539,45.1309814453125,59.26374816894531,65.2021484375,37.17428207397461,50.269615173339844,44674.20703125,38099.64453125,0.0,0.0,0.0,-0.021408814936876297,28.58705711364746,48.81940841674805,275.6098794629295,21.656208038330078,6.122433662414551,53.95702362060547,19.200002670288086,974.7407836914062,965.1652221679688,36.301937103271484,16.514352798461914,32.599952697753906
Tinker Air Force Base,2025-03-29,2,35.414722222222224,-97.38666666666668,3.0,73.14765930175781,45.852413177490234,59.642311096191406,63.28267288208008,39.30139923095703,51.71564865112305,44757.05859375,38335.5234375,0.007258662122534525,0.012876259501169662,0.0,-0.006491855252534151,26.24884605407715,46.285343170166016,281.3640496638284,21.521814346313477,6.2967753410339355,56.87822341918945,19.885377883911133,974.8479614257812,965.4373779296875,40.03265380859375,16.144689559936523,31.742082595825195
Tonopah Test Range Airport,2025-03-23,0,37.79472222222222,-116.7786111111111,3.0,62.396636962890625,37.05283737182617,52.236289978027344,53.58570098876953,31.140424728393555,43.38936996459961,44205.71875,36674.21484375,0.0,0.016815799167137324,0.013942165430073952,0.05054452270269394,22.336959838867188,38.40837860107422,284.46000436747244,20.563295364379883,4.171387195587158,73.25141906738281,23.63844871520996,839.772705078125,830.5333862304688,49.24305725097656,12.757208824157715,25.848665237426758
Tonopah Test Range Airport,2025-03-24,0,37.79472222222222,-116.7786111111111,3.0,62.98313522338867,38.444053649902344,52.61318588256836,57.028350830078125,31.141555786132812,43.81452941894531,44321.73046875,38177.328125,0.0,0.0,0.014769475094946466,0.09697635471820831,22.712594985961914,41.35821533203125,284.4971476749614,21.167612075805664,4.522039413452148,65.56116485595703,20.565025329589844,842.8899536132812,833.6679077148438,41.535701751708984,13.14087963104248,27.252416610717773
Tonopah Test Range Airport,2025-03-25,0,37.79472222222222,-116.7786111111111,3.0,64.35693359375,39.58551788330078,53.885337829589844,59.0189094543457,33.33283996582031,46.59650802612305,44434.1015625,39796.2734375,0.0,0.0,0.014747353901866047,0.08018244802951813,24.853363037109375,43.3765983581543,283.8351709334032,21.687284469604492,4.757636547088623,61.0311393737793,19.939119338989258,844.670654296875,835.74462890625,41.1492805480957,13.516722679138184,27.15691566467285
Tonopah Test Range Airport,2025-03-26,0,37.79472222222222,-116.7786111111111,3.0,65.47249603271484,40.3941650390625,54.23902130126953,59.07229232788086,33.42746353149414,47.03382110595703,44575.6328125,39718.1015625,0.0,0.0,0.013837098753103155,0.08156667649745941,25.035369873046875,43.315860748291016,284.6342903399648,21.68359375,4.8907928466796875,60.322078704833984,21.502941131591797,845.8508911132812,837.449951171875,41.60188293457031,13.80069351196289,28.301559448242188
Tonopah Test Range Airport,2025-03-27,0,37.79472222222222,-116.7786111111111,3.0,66.80278778076172,41.71046829223633,55.40758514404297,59.450958251953125,34.90812301635742,48.1094970703125,44681.33203125,39447.80078125,0.0,0.0020620629166135706,0.01462982300992069,0.07480132579803467,25.017436981201172,44.136104583740234,283.9555252940907,21.77690315246582,4.9841389656066895,60.750362396240234,22.26760482788086,847.184814453125,838.4224853515625,41.699012756347656,13.664873123168945,28.522363662719727
Tonopah Test Range Airport,2025-03-28,0,37.79472222222222,-116.7786111111111,3.0,67.3487777709961,42.455955505371094,55.634552001953125,59.5921630859375,36.346797943115234,47.0394172668457,44758.53515625,38180.66015625,0.0,0.00546436844572598,0.0,0.12503108382225037,24.378929138183594,42.33352279663086,284.05220836447995,21.6185302734375,5.095008373260498,63.289939880371094,23.144044876098633,848.3431396484375,838.919677734375,41.41858673095703,13.036443710327148,27.642995834350586
Tonopah Test Range Airport,2025-03-29,0,37.79472222222222,-116.7786111111111,3.0,68.30738830566406,42.721160888671875,56.47958755493164,60.111698150634766,36.486751556396484,47.75453186035156,44851.46484375,37999.546875,0.0,0.02424087634399813,0.0,0.12215742468833923,25.336103439331055,42.63129806518555,284.1546196144865,21.49323844909668,5.193421363830566,62.84135055541992,21.75454330444336,848.130859375,839.0774536132812,46.1209602355957,13.464263916015625,27.056716918945312
Travis Air Force Base,2025-03-23,0,38.26277777777778,-121.9275,3.0,65.811767578125,44.63904571533203,55.64838790893555,61.885459899902344,42.937320709228516,51.63284683227539,44189.4921875,36915.8046875,0.021374533414277058,0.0,0.0,0.010728173889219761,17.259517669677734,34.73512649536133,269.471714495257,20.0601749420166,3.226362705230713,91.86119842529297,50.555397033691406,1018.8543701171875,1015.9988403320312,48.4708251953125,11.374457359313965,21.47434425354004
Travis Air Force Base,2025-03-24,0,38.26277777777778,-121.9275,3.0,67.03262329101562,44.785194396972656,56.349666595458984,62.74821472167969,42.09428024291992,51.9036979675293,44319.18359375,38753.65234375,0.03154058826116725,0.0,0.0,-0.01798323728144169,18.456857681274414,34.38261795043945,276.93357332575124,21.090627670288086,3.6957836151123047,88.39314270019531,49.02109146118164,1019.2125854492188,1014.3186645507812,39.52075958251953,11.787266731262207,23.8138370513916
Travis Air Force Base,2025-03-25,0,38.26277777777778,-121.9275,3.0,68.70179748535156,45.163246154785156,56.65292739868164,62.6762580871582,41.58318328857422,52.10071563720703,44432.3203125,39328.9296875,0.0491358084646371,0.003343635533421289,0.0,0.05322159081697464,20.939456939697266,37.55308532714844,288.77782467252416,21.22053337097168,3.9241092205047607,86.28370666503906,47.810768127441406,1019.485595703125,1013.5746459960938,40.981204986572266,12.67490005493164,24.916709899902344
Travis Air Force Base,2025-03-26,0,38.26277777777778,-121.9275,3.0,68.3135986328125,44.61289596557617,57.20343017578125,63.04345703125,42.13081741333008,52.701908111572266,44571.68359375,39042.5234375,0.03889092578130553,0.009190308061357615,0.0,0.08638246357440948,20.853458404541016,36.38382339477539,282.34800964089214,21.13471221923828,3.9995949268341064,83.28802490234375,44.835777282714844,1019.368408203125,1013.6953125,40.35625457763672,11.83680534362793,24.86141586303711
Travis Air Force Base,2025-03-27,0,38.26277777777778,-121.9275,3.0,69.19762420654297,45.76342010498047,58.107967376708984,64.17430114746094,42.3836555480957,52.90859603881836,44674.54296875,38770.56640625,0.042860379329443726,0.002771361549312367,0.0,0.06484786421060562,21.073657989501953,36.92168426513672,287.18367342982503,20.886140823364258,4.045848369598389,81.68282318115234,45.89703369140625,1019.5316772460938,1013.2373046875,41.47442626953125,12.322442054748535,24.441814422607422
Travis Air Force Base,2025-03-28,0,38.26277777777778,-121.9275,3.0,71.7191390991211,46.624237060546875,58.75914001464844,66.23308563232422,42.85439682006836,53.72447967529297,44742.29296875,38182.29296875,0.034850265389110284,0.014080209879702953,0.0,0.02159939333796501,21.527406692504883,37.04630661010742,286.9995809872926,20.79033660888672,4.098310947418213,80.41991424560547,45.09602737426758,1019.3786010742188,1013.51904296875,42.492835998535156,12.540314674377441,23.21143913269043
Travis Air Force Base,2025-03-29,0,38.26277777777778,-121.9275,3.0,73.44506072998047,47.966068267822266,59.934566497802734,67.73237609863281,44.446407318115234,55.0416259765625,44854.75390625,38555.30859375,0.02817436891597883,0.04219236123356007,0.0,0.02319875732064247,20.09444236755371,36.374549865722656,281.52175220748825,20.976327896118164,4.174447536468506,81.08126068115234,44.43699264526367,1019.1980590820312,1013.4788208007812,42.30243682861328,12.420675277709961,23.842222213745117
Tyndall Air Force Base,2025-03-23,2,30.078611111111112,-85.57638888888889,3.0,71.33419036865234,51.66166687011719,62.11375045776367,71.91779327392578,47.13421630859375,59.44426345825195,44000.2734375,40542.83203125,0.016657331932677186,0.01137968084930164,0.0,0.13543486595153809,15.476456642150879,35.06048583984375,257.4518187630679,23.60280990600586,4.315083980560303,87.36959838867188,42.84931182861328,1021.2716674804688,1017.5823974609375,35.09496307373047,9.547224998474121,21.79732894897461
Tyndall Air Force Base,2025-03-24,2,30.078611111111112,-85.57638888888889,3.0,74.8479995727539,51.84793472290039,64.32958984375,73.67460632324219,49.764339447021484,61.72041320800781,44104.921875,40428.91796875,0.023894303485212154,0.015215824753652622,0.0,-0.053163014352321625,18.4920654296875,38.49086380004883,261.3201409575337,23.082422256469727,4.572664737701416,84.8880386352539,40.47202682495117,1019.3369750976562,1015.815185546875,40.676658630371094,11.818439483642578,25.183500289916992
Tyndall Air Force Base,2025-03-25,2,30.078611111111112,-85.57638888888889,3.0,76.12403869628906,54.25346755981445,65.04920959472656,74.25416564941406,49.69137954711914,61.2945556640625,44216.21875,40432.75,0.0,0.019712527850007548,0.0,-0.049053266644477844,20.34979820251465,41.26237106323242,260.9300196626645,23.025638580322266,4.679983615875244,80.49825286865234,38.51068115234375,1019.7979736328125,1014.172119140625,37.83015060424805,12.966485977172852,26.418001174926758
Tyndall Air Force Base,2025-03-26,2,30.078611111111112,-85.57638888888889,3.0,76.31088256835938,54.770042419433594,65.5512924194336,74.88475036621094,50.51123809814453,62.93301010131836,44346.24609375,40122.75,0.01191279584787274,0.024049851153686182,0.0,-0.017807111144065857,20.942737579345703,41.862674713134766,255.30068207237036,22.925914764404297,4.689227104187012,81.33262634277344,37.42436218261719,1019.5132446289062,1014.3878173828125,34.295536041259766,14.047900199890137,25.961801528930664
Tyndall Air Force Base,2025-03-27,2,30.078611111111112,-85.57638888888889,3.0,76.4967269897461,54.815086364746094,65.70075225830078,74.1241455078125,51.009342193603516,62.44501876831055,44412.21875,39301.01953125,0.0,0.023547716347509115,0.0,0.02354789711534977,20.908544540405273,41.698333740234375,261.2801768352536,22.41922378540039,4.655181407928467,79.83747863769531,38.31315612792969,1018.9418334960938,1014.2549438476562,39.258949279785156,13.935009002685547,28.27046775817871
Tyndall Air Force Base,2025-03-28,2,30.078611111111112,-85.57638888888889,3.0,76.97406005859375,54.72441101074219,65.57136535644531,74.74897003173828,50.419132232666016,62.61624526977539,44552.09765625,38598.890625,0.003871607017220379,0.02479346240123807,0.0,0.018049558624625206,20.840801239013672,42.507747650146484,265.0319063572865,22.299449920654297,4.69857120513916,79.81888580322266,37.10197830200195,1019.8661499023438,1013.9586181640625,39.2765007019043,13.50383186340332,27.539424896240234
Tyndall Air Force Base,2025-03-29,2,30.078611111111112,-85.57638888888889,3.0,77.4549789428711,54.78409194946289,65.33795166015625,74.58174133300781,50.759613037109375,62.21516036987305,44660.9609375,38609.27734375,0.0,0.03167869578318543,0.0,0.2889488637447357,21.857872009277344,41.022666931152344,275.1999355706924,21.994831085205078,4.715043544769287,78.86663055419922,37.2309684753418,1019.8892211914062,1014.2822875976562,37.219547271728516,14.024231910705566,26.037384033203125
United States Air Force Academy,2025-03-23,0,38.99027777777778,-104.85833333333332,3.0,58.16350173950195,31.115638732910156,45.963504791259766,49.90073013305664,24.641822814941406,35.98191452026367,44217.265625,40076.08203125,0.0,0.0,0.015973474973539955,0.1899302750825882,22.312318801879883,47.0241584777832,283.27519148616517,21.978069305419922,4.094582557678223,64.24778747558594,20.113605499267578,798.7691040039062,788.3566284179688,49.62677001953125,12.538405418395996,27.947612762451172
United States Air Force Academy,2025-03-24,0,38.99027777777778,-104.85833333333332,3.0,62.257022857666016,34.0891227722168,48.1059684753418,54.204288482666016,25.832271575927734,38.19344711303711,44343.39453125,38709.18359375,0.0,0.0,0.014178633365174725,0.17423206567764282,21.172883987426758,43.80790328979492,283.2109178780101,21.658676147460938,4.3730058670043945,64.56394958496094,19.505306243896484,800.76708984375,788.7547607421875,42.800079345703125,12.496039390563965,28.4359130859375
United States Air Force Academy,2025-03-25,0,38.99027777777778,-104.85833333333332,3.0,63.33210754394531,34.20838928222656,49.82294464111328,57.063270568847656,28.20249366760254,39.693294525146484,44440.71875,39198.10546875,0.0,0.0,0.0105636240111589,0.17716240882873535,21.289180755615234,45.141571044921875,283.2109178780101,21.421873092651367,4.614332675933838,62.549583435058594,18.712974548339844,803.5724487304688,791.2150268554688,40.32208251953125,12.383683204650879,28.040653228759766
United States Air Force Academy,2025-03-26,0,38.99027777777778,-104.85833333333332,3.0,64.30453491210938,37.019737243652344,51.346275329589844,59.146881103515625,31.001548767089844,43.16010665893555,44588.5234375,39241.59765625,0.0,0.0,0.012763213337472032,0.11494200676679611,20.26157569885254,46.0366325378418,284.8537322432828,21.379249572753906,4.642444133758545,62.48851776123047,17.98177146911621,805.6436767578125,791.9412231445312,40.52695846557617,12.000338554382324,27.882980346679688
United States Air Force Academy,2025-03-27,0,38.99027777777778,-104.85833333333332,3.0,65.48330688476562,38.302921295166016,53.58671188354492,60.061824798583984,32.14004135131836,46.28898620605469,44700.05859375,38938.83203125,0.00019265257430989302,9.48663394245417e-05,0.012429779632244438,0.11453133076429367,19.831645965576172,45.57242202758789,284.8537322432828,21.686279296875,4.775462627410889,62.470436096191406,18.12405014038086,805.4628295898438,792.2696533203125,41.54324722290039,12.311951637268066,27.061975479125977
United States Air Force Academy,2025-03-28,0,38.99027777777778,-104.85833333333332,3.0,66.45161437988281,38.796875,54.36444854736328,60.368507385253906,32.11509323120117,47.57699966430664,44831.96484375,37993.40625,0.0,0.0032813262003275807,0.01320620258150873,0.15266519784927368,22.408397674560547,46.34178161621094,284.8537322432828,21.60155487060547,4.937555313110352,62.75758361816406,18.586597442626953,805.7716064453125,793.1334838867188,41.36665344238281,12.652247428894043,27.567520141601562
United States Air Force Academy,2025-03-29,0,38.99027777777778,-104.85833333333332,3.0,66.75041961669922,39.754493713378906,55.066036224365234,60.02260971069336,32.62912368774414,48.49814987182617,44954.2890625,38051.45703125,0.0,0.0176380771672055,0.016085866926033806,0.14992590248584747,21.272911071777344,46.21848678588867,284.12061493983975,21.607465744018555,5.114118576049805,62.68251419067383,20.725399017333984,805.942626953125,794.8195190429688,43.51117706298828,12.713764190673828,27.678993225097656
Vance Air Force Base,2025-03-23,2,36.339444444444446,-97.91722222222222,3.0,75.5851058959961,47.81079864501953,60.14063262939453,65.87553405761719,42.014034271240234,51.809486389160156,44071.984375,37848.71875,0.03135896910561809,0.03319767532565567,0.0,0.08978358656167984,26.171852111816406,55.48802185058594,169.2196164168076,20.493072509765625,5.611945629119873,56.62186813354492,20.175296783447266,968.212646484375,959.3169555664062,46.50606918334961,16.496809005737305,34.238670349121094
Vance Air Force Base,2025-03-24,2,36.339444444444446,-97.91722222222222,3.0,72.36255645751953,48.04296875,57.303401947021484,62.1306266784668,39.3641357421875,48.63875961303711,44221.03125,38692.55859375,0.0,0.03604621201559092,0.0,0.10447865724563599,28.190961837768555,56.42947769165039,230.54282654788832,20.8134822845459,6.107631206512451,58.16963195800781,21.5844669342041,967.2723388671875,958.2420043945312,40.61565399169922,17.530134201049805,37.414676666259766
Vance Air Force Base,2025-03-25,2,36.339444444444446,-97.91722222222222,3.0,71.10972595214844,45.47905731201172,55.33631896972656,61.94673538208008,37.21625518798828,46.392433166503906,44311.51953125,39027.26171875,0.0,0.0053264557036574916,0.0,-0.005644185934215784,26.584970474243164,52.900657653808594,245.95978880301578,21.284725189208984,5.995396137237549,56.71308898925781,21.089330673217773,967.2770385742188,959.448974609375,31.512136459350586,16.649761199951172,33.42898178100586
Vance Air Force Base,2025-03-26,2,36.339444444444446,-97.91722222222222,3.0,70.04319763183594,42.39924240112305,53.92818069458008,60.606231689453125,35.06795883178711,45.582828521728516,44427.6875,39204.10546875,0.0,0.00835397397165371,0.0,-0.03601102530956268,25.398365020751953,49.74103546142578,264.3701978082031,21.31454849243164,5.8464250564575195,54.078163146972656,19.3407039642334,968.283203125,959.5285034179688,35.069427490234375,16.050832748413086,34.06106948852539
Vance Air Force Base,2025-03-27,2,36.339444444444446,-97.91722222222222,3.0,70.51475524902344,42.329769134521484,53.587799072265625,61.22419738769531,36.57128143310547,46.9932746887207,44565.0546875,38993.19140625,0.0014718277343868606,0.004640980014439695,0.0,-0.020768873393535614,28.413911819458008,48.8130989074707,269.8117987387334,21.789655685424805,5.714015483856201,57.141849517822266,19.40585708618164,969.56201171875,961.4910888671875,38.884796142578125,15.033501625061035,31.700397491455078
Vance Air Force Base,2025-03-28,2,36.339444444444446,-97.91722222222222,3.0,71.73609924316406,43.87721252441406,56.175254821777344,61.479461669921875,36.30830001831055,48.68845748901367,44674.20703125,38110.6875,0.0,0.0021289922082536636,0.0,0.02002517133951187,27.095317840576172,46.310733795166016,275.3691977441805,21.492969512939453,5.828576564788818,55.17367935180664,19.117122650146484,970.4120483398438,962.3878173828125,36.41524124145508,16.20458221435547,31.241064071655273
Vance Air Force Base,2025-03-29,2,36.339444444444446,-97.91722222222222,3.0,72.75482940673828,44.09312057495117,58.228782653808594,63.21187973022461,37.77646255493164,48.88978958129883,44759.234375,38178.19140625,0.006048808549186243,0.023960600133706888,0.0,-0.004875154234468937,27.974605560302734,46.876651763916016,281.3640496638284,21.436433792114258,5.943521499633789,56.480281829833984,18.579870223999023,970.0445556640625,963.5640869140625,39.37162780761719,16.039627075195312,30.65068817138672
Whiteman Air Force Base,2025-03-23,1,38.73027777777778,-93.54805555555556,3.0,66.55509185791016,42.894744873046875,55.25004577636719,59.995819091796875,36.5111083984375,47.53550338745117,44204.10546875,37444.7578125,0.025863475071969448,0.03041050191002633,0.0,0.28229475021362305,25.82605743408203,53.7227897644043,172.0378414492745,20.09307289123535,4.519600868225098,70.25790405273438,25.588285446166992,985.661376953125,979.1378173828125,37.10512161254883,16.960140228271484,35.97672653198242
Whiteman Air Force Base,2025-03-24,1,38.73027777777778,-93.54805555555556,3.0,65.76085662841797,44.16691970825195,54.41775131225586,57.19984436035156,36.742435455322266,45.933135986328125,44321.8125,38595.0390625,0.0,0.025292684842185244,0.0,0.09525670856237411,27.6597843170166,57.494483947753906,236.26618347488716,20.720888137817383,4.743014335632324,65.13192749023438,25.716115951538086,984.030029296875,976.8468627929688,37.99882507324219,17.69867706298828,38.147216796875
Whiteman Air Force Base,2025-03-25,1,38.73027777777778,-93.54805555555556,3.0,65.42440795898438,42.9603385925293,53.88485336303711,57.17500305175781,36.301025390625,45.18247604370117,44433.5859375,38999.71484375,0.0005882478585417116,0.003778489206334114,0.0,0.01810629293322563,26.3100528717041,50.37904357910156,260.305012452222,21.267860412597656,4.769664287567139,63.01158142089844,25.023237228393555,983.9328002929688,976.6437377929688,34.69455337524414,15.47724723815918,31.81265640258789
Whiteman Air Force Base,2025-03-26,1,38.73027777777778,-93.54805555555556,3.0,67.4153060913086,41.99373245239258,53.9770393371582,59.830299377441406,36.47095489501953,46.425987243652344,44573.9375,38861.61328125,0.0,0.0,0.0,-0.012234515510499477,24.069059371948242,43.43283462524414,270.95927015106844,21.179447174072266,4.657165050506592,60.00224304199219,24.970882415771484,984.5330810546875,976.5527954101562,35.69382095336914,14.984272003173828,29.08762550354004
Whiteman Air Force Base,2025-03-27,1,38.73027777777778,-93.54805555555556,3.0,68.76366424560547,42.26911163330078,55.28095626831055,62.050010681152344,37.95587921142578,48.72636413574219,44686.8671875,38603.7109375,0.0,0.0,0.0,-0.017846204340457916,23.314088821411133,40.98921585083008,269.36106332163365,21.266244888305664,4.6857099533081055,63.1029052734375,25.004518508911133,983.767822265625,977.4969482421875,38.711605072021484,14.696956634521484,28.528064727783203
Whiteman Air Force Base,2025-03-28,1,38.73027777777778,-93.54805555555556,3.0,70.30205535888672,43.64596176147461,57.44133377075195,63.0997200012207,37.93638229370117,49.73078918457031,44767.22265625,37593.765625,0.0,0.0,0.0,-0.013196069747209549,24.475765228271484,41.57346725463867,269.3554666183806,21.24266242980957,4.9078049659729,62.72584915161133,23.0069637298584,982.5494384765625,975.6859130859375,39.225257873535156,14.771720886230469,28.986099243164062
Whiteman Air Force Base,2025-03-29,1,38.73027777777778,-93.54805555555556,3.0,71.01980590820312,44.84353256225586,58.884849548339844,63.27680587768555,38.00653839111328,49.6379508972168,44872.47265625,38050.765625,0.005108669858007028,0.011976243249659657,0.0,-0.029912807047367096,24.786441802978516,43.10205078125,269.0898151777249,21.150842666625977,5.146493434906006,63.37678527832031,21.827049255371094,981.8799438476562,974.5379028320312,41.77113723754883,14.832484245300293,28.86821746826172
Wright-Patterson Air Force Base,2025-03-23,1,39.82305555555556,-84.04944444444445,3.0,58.27652359008789,35.67194366455078,46.07662582397461,49.50258255004883,28.31013298034668,38.78341293334961,44227.5546875,37676.57421875,0.0,0.0,0.0,0.08290854841470718,18.77800750732422,40.570125579833984,283.31149348666247,20.15919303894043,3.375234842300415,78.4057388305664,39.0502815246582,990.23486328125,983.8331298828125,36.85189437866211,12.792080879211426,26.292343139648438
Wright-Patterson Air Force Base,2025-03-24,1,39.82305555555556,-84.04944444444445,3.0,62.317138671875,36.49818420410156,49.68132400512695,55.18427276611328,31.207683563232422,41.94502258300781,44350.95703125,38654.7578125,0.0,0.0,0.0,0.014084448106586933,18.548704147338867,38.224754333496094,284.5954936226633,20.750408172607422,3.8325514793395996,79.0223159790039,36.55611801147461,989.0929565429688,983.70263671875,43.15324020385742,13.006110191345215,25.623249053955078
Wright-Patterson Air Force Base,2025-03-25,1,39.82305555555556,-84.04944444444445,3.0,64.52015686035156,39.64372634887695,51.73091506958008,58.997798919677734,33.39155578613281,44.5904426574707,44448.796875,38989.4296875,0.0,0.0,0.0,-0.021311093121767044,19.40026092529297,38.97283935546875,285.4531670754667,21.44925308227539,4.120009899139404,77.4068603515625,34.8405876159668,987.93701171875,983.4185791015625,36.12858963012695,13.620345115661621,26.514453887939453
Wright-Patterson Air Force Base,2025-03-26,1,39.82305555555556,-84.04944444444445,3.0,65.65775299072266,41.5445442199707,53.300601959228516,60.61235046386719,35.838783264160156,47.059539794921875,44597.15625,38858.2578125,0.0,0.0,0.0,-0.03245040401816368,17.83308982849121,37.810611724853516,284.1132546268516,21.271400451660156,4.255004405975342,76.64878845214844,33.92819595336914,987.6487426757812,982.0039672851562,34.858097076416016,12.911197662353516,25.471145629882812
Wright-Patterson Air Force Base,2025-03-27,1,39.82305555555556,-84.04944444444445,3.0,67.5906982421875,41.48987579345703,53.99176788330078,61.813838958740234,36.30427169799805,47.25791931152344,44764.203125,38333.36328125,0.0,0.0,0.0,-0.01952897012233734,18.745080947875977,38.906646728515625,284.5462347985625,21.042572021484375,4.278810977935791,76.6432876586914,34.20289993286133,986.6327514648438,982.0109252929688,36.866493225097656,12.058274269104004,25.780595779418945
Wright-Patterson Air Force Base,2025-03-28,1,39.82305555555556,-84.04944444444445,3.0,68.33783721923828,41.250125885009766,55.367103576660156,63.41154098510742,37.540401458740234,49.03744888305664,44841.91796875,37315.90234375,0.0012171397138522762,0.005035694743674579,0.0,-0.028160516172647476,19.456411361694336,39.87681198120117,286.29299469477144,21.251577377319336,4.3130083084106445,77.20427703857422,34.86799240112305,986.1687622070312,981.5435180664062,38.711360931396484,12.279292106628418,24.99224090576172
Wright-Patterson Air Force Base,2025-03-29,1,39.82305555555556,-84.04944444444445,3.0,68.29424285888672,42.86870574951172,56.5247802734375,63.0164680480957,37.933109283447266,49.98102951049805,44960.1015625,38027.61328125,0.0,0.02051309088618926,0.0,0.0015109018422663212,19.708297729492188,40.0445671081543,284.462271454702,21.241107940673828,4.405705451965332,76.25690460205078,35.14815902709961,984.7684326171875,980.03955078125,40.19801330566406,12.22571086883545,24.311250686645508
Abston Air National Guard Station,2025-03-23,2,32.35611111111111,-86.34666666666666,3.0,76.02207946777344,48.68904113769531,61.12424087524414,73.33629608154297,44.47701644897461,58.12711715698242,44066.73046875,41391.71875,0.005415608799871572,0.0016441006300322548,0.0,-0.006212565582245588,17.554141998291016,34.5799560546875,246.8766401291227,23.054018020629883,4.367003440856934,83.57952117919922,37.23398971557617,1014.81591796875,1010.6881103515625,24.976900100708008,11.679540634155273,24.011791229248047
Abston Air National Guard Station,2025-03-24,2,32.35611111111111,-86.34666666666666,3.0,76.45362854003906,50.2074089050293,64.3221206665039,72.65067291259766,46.332313537597656,60.093780517578125,44220.984375,40706.5859375,0.046149833501127065,0.031649627373215104,0.0,-0.004154506605118513,20.374919891357422,40.939971923828125,256.1850025491518,22.345985412597656,4.525724411010742,82.77307891845703,35.99126052856445,1014.5825805664062,1009.4724731445312,38.082183837890625,12.886280059814453,28.124019622802734
Abston Air National Guard Station,2025-03-25,2,32.35611111111111,-86.34666666666666,3.0,76.10906219482422,50.69377517700195,63.92976760864258,71.8453140258789,47.96892547607422,59.112396240234375,44299.51953125,39810.30859375,0.004495107671651399,0.022114035419139418,0.0,0.004688915330916643,21.160860061645508,39.645694732666016,272.2009989433461,21.918745040893555,4.652297496795654,79.64704132080078,35.08687973022461,1015.15673828125,1009.642578125,34.885589599609375,12.74490737915039,25.686077117919922
Abston Air National Guard Station,2025-03-26,2,32.35611111111111,-86.34666666666666,3.0,76.49043273925781,50.21202850341797,64.13398742675781,73.0938949584961,48.494163513183594,59.92561721801758,44412.203125,39250.08203125,0.001375074570101454,0.010158562817959224,0.0,-0.013107448816299438,20.95207977294922,39.42844772338867,290.25328401129366,21.954927444458008,4.658196926116943,78.98570251464844,35.12955093383789,1015.0225830078125,1010.0221557617188,33.95274353027344,12.426475524902344,25.14980697631836
Abston Air National Guard Station,2025-03-27,2,32.35611111111111,-86.34666666666666,3.0,76.65374755859375,51.74064636230469,65.09540557861328,72.79243469238281,48.044673919677734,60.67610549926758,44551.58203125,38893.10546875,0.0018003234885306625,0.00556191168868486,0.0,0.008505796082317829,18.811052322387695,37.34273910522461,288.67135022092873,21.53912925720215,4.627438545227051,78.82492065429688,35.65467071533203,1014.99609375,1010.2411499023438,35.33120346069336,11.345688819885254,23.0017147064209
Abston Air National Guard Station,2025-03-28,2,32.35611111111111,-86.34666666666666,3.0,77.45665740966797,52.20801544189453,65.09158325195312,73.96265411376953,48.45777893066406,61.22987747192383,44661.3125,38084.26953125,0.0457042276974058,0.016438013475869203,0.0,0.015862982720136642,19.07632064819336,37.75290298461914,279.4851711524597,21.60164451599121,4.645449161529541,81.09542846679688,35.33768844604492,1015.1701049804688,1010.0921020507812,39.44316101074219,11.432358741760254,23.142005920410156
Abston Air National Guard Station,2025-03-29,2,32.35611111111111,-86.34666666666666,3.0,77.9809341430664,54.03404235839844,65.37586212158203,74.45024871826172,49.174537658691406,61.72563171386719,44742.87109375,38570.125,0.002428202298715802,0.046017718568709204,0.0,0.25601834058761597,21.651987075805664,38.31857681274414,280.71435350051644,21.540189743041992,4.770726680755615,79.46141052246094,35.3759880065918,1015.151123046875,1009.1021728515625,37.26932907104492,13.18485164642334,24.97774314880371
Atlantic City Air National Guard Base,2025-03-23,1,39.44805555555556,-74.58166666666666,3.0,62.67513656616211,41.07754135131836,49.92491149902344,56.12576675415039,33.80317306518555,43.2358283996582,44207.98046875,39083.88671875,0.04060717559842129,0.015379150131146057,0.0,0.15892985463142395,20.179563522338867,43.003116607666016,270.7669387622324,21.111919403076172,4.071489334106445,70.0063705444336,31.76134490966797,1015.4171142578125,1008.989990234375,38.09877014160156,12.488785743713379,27.136638641357422
Atlantic City Air National Guard Base,2025-03-24,1,39.44805555555556,-74.58166666666666,3.0,64.7786865234375,40.98054504394531,53.149757385253906,60.935020446777344,36.461273193359375,46.555240631103516,44331.94921875,39273.796875,0.04247325689494162,0.017348906870379443,0.0,0.04383697360754013,17.582698822021484,39.903987884521484,274.99021532791704,21.63316535949707,4.094849586486816,76.04324340820312,33.634464263916016,1016.7550048828125,1011.4239501953125,41.592105865478516,11.433626174926758,24.39325523376465
Atlantic City Air National Guard Base,2025-03-25,1,39.44805555555556,-74.58166666666666,3.0,67.43499755859375,42.93981170654297,54.61216354370117,63.26914978027344,38.98524475097656,49.31526184082031,44440.1484375,39204.8046875,0.04184569500014094,0.00780913496761841,0.0,0.0017209486104547977,18.88421058654785,38.647090911865234,285.605296462484,21.470252990722656,4.194820404052734,78.80442810058594,34.26323318481445,1016.2173461914062,1010.87255859375,40.88602828979492,11.452544212341309,24.91649055480957
Atlantic City Air National Guard Base,2025-03-26,1,39.44805555555556,-74.58166666666666,3.0,67.5190658569336,44.08312225341797,56.53422164916992,63.85921859741211,39.633583068847656,50.54829406738281,44581.1015625,38666.76953125,0.04284111788727622,0.011520935493458093,0.0,-0.0005357764312066138,18.2159481048584,38.68550109863281,285.3518884743288,21.416078567504883,4.24558687210083,79.37850189208984,33.684024810791016,1016.2958984375,1010.7029418945312,41.1251220703125,10.987092971801758,23.765947341918945
Atlantic City Air National Guard Base,2025-03-27,1,39.44805555555556,-74.58166666666666,3.0,68.72079467773438,45.55377960205078,58.17970657348633,64.51567077636719,41.56326675415039,52.26362228393555,44680.84765625,38582.96484375,0.0,0.00737855904501526,0.0,0.06622979789972305,17.639755249023438,37.460594177246094,284.53549630849034,21.317358016967773,4.273552894592285,80.25706481933594,35.134151458740234,1015.9210815429688,1010.1446533203125,42.97109603881836,10.733892440795898,22.866729736328125
Atlantic City Air National Guard Base,2025-03-28,1,39.44805555555556,-74.58166666666666,3.0,68.86124420166016,46.81085205078125,58.98979949951172,65.02521514892578,42.681636810302734,54.104026794433594,44762.921875,38671.4921875,0.00220005893085923,0.016683084302288622,0.0,0.039268314838409424,19.178817749023438,39.00939178466797,275.86264205247744,20.930572509765625,4.280688762664795,80.87846374511719,34.021392822265625,1015.205810546875,1009.86376953125,42.628814697265625,11.517410278320312,24.988183975219727
Atlantic City Air National Guard Base,2025-03-29,1,39.44805555555556,-74.58166666666666,3.0,69.54740905761719,47.3563117980957,59.633201599121094,65.61590576171875,42.8479118347168,54.18733215332031,44869.89453125,37611.8359375,0.057250054146557754,0.05840220712776477,0.0,0.0814974308013916,20.123136520385742,39.767845153808594,286.34869832966336,20.70475959777832,4.326278209686279,78.93083953857422,34.69279861450195,1014.8710327148438,1009.3206176757812,44.14607238769531,12.194169044494629,24.51341438293457
Bangor Air National Guard Base,2025-03-23,1,44.814166666666665,-68.83083333333333,3.0,58.79006576538086,34.04850769042969,46.02900695800781,51.57701873779297,26.91077423095703,38.1390380859375,44321.15234375,39298.12109375,0.0268912997568109,0.0,0.00033624516609871946,-0.09243565797805786,17.54546546936035,40.76581954956055,272.0533067037591,21.30388069152832,3.50641131401062,71.61575317382812,38.017574310302734,1001.4301147460938,995.591796875,44.052398681640625,11.082304000854492,25.201391220092773
Bangor Air National Guard Base,2025-03-24,1,44.814166666666665,-68.83083333333333,3.0,60.75545883178711,35.61665344238281,47.60273361206055,55.113460540771484,29.231264114379883,40.68339157104492,44409.67578125,39318.4296875,0.0,0.007436520485636627,0.0,-0.10504447668790817,16.623897552490234,36.897560119628906,283.8343146716302,21.48154067993164,3.6194722652435303,78.72699737548828,39.03942108154297,1004.4261474609375,998.2420654296875,43.41663360595703,10.751995086669922,23.186189651489258
Bangor Air National Guard Base,2025-03-25,1,44.814166666666665,-68.83083333333333,3.0,63.00825500488281,37.380828857421875,51.08130645751953,57.6430778503418,32.720176696777344,44.44358444213867,44519.5625,38545.296875,0.029502514173961304,0.0004344141684670326,0.0,-0.046617358922958374,17.176233291625977,36.03872299194336,277.4056328133231,21.138032913208008,3.7609474658966064,80.95854949951172,39.748905181884766,1005.1513061523438,999.2272338867188,44.80970764160156,10.851349830627441,23.700271606445312
Bangor Air National Guard Base,2025-03-26,1,44.814166666666665,-68.83083333333333,3.0,63.726444244384766,40.21068572998047,53.054718017578125,59.297760009765625,34.62430191040039,47.016700744628906,44666.359375,37897.23828125,0.03735660081074998,0.0,0.0,-0.029233403503894806,18.14728355407715,37.35004806518555,283.1210253592827,20.89991569519043,3.9288525581359863,80.0785140991211,38.23377227783203,1005.4484252929688,1000.5389404296875,43.65348434448242,11.60863971710205,26.14447784423828
Bangor Air National Guard Base,2025-03-27,1,44.814166666666665,-68.83083333333333,3.0,65.0634994506836,41.83955001831055,53.538719177246094,59.39993667602539,36.14965057373047,48.2047119140625,44794.10546875,37448.73828125,0.0,0.009545685381813818,0.0,-0.02520212158560753,18.292987823486328,38.973045349121094,286.56761805430807,20.916410446166992,4.099254608154297,80.59555053710938,38.328819274902344,1005.2637329101562,999.975341796875,44.89655685424805,11.077195167541504,24.638887405395508
Bangor Air National Guard Base,2025-03-28,1,44.814166666666665,-68.83083333333333,3.0,66.60877227783203,42.49422073364258,54.834503173828125,60.88991928100586,37.910064697265625,49.058162689208984,44948.44140625,36751.10546875,0.0,0.0074282902045186595,0.0,-0.038555167615413666,17.942554473876953,38.1994514465332,285.7959555761434,21.031831741333008,4.1664862632751465,80.09628295898438,37.6268424987793,1004.5610961914062,999.671630859375,47.70990753173828,10.70281982421875,23.033397674560547
Bangor Air National Guard Base,2025-03-29,1,44.814166666666665,-68.83083333333333,3.0,66.96929168701172,43.361026763916016,55.174034118652344,60.85472869873047,38.30879592895508,49.761810302734375,45040.9375,36531.6875,0.0,0.02458185264990531,0.0,0.009555158205330372,19.16236686706543,39.64727020263672,274.6546197249232,20.632415771484375,4.224772930145264,79.05023956298828,35.91289138793945,1003.896240234375,999.4330444335938,44.84511184692383,11.986431121826172,24.738265991210938
Barnes Air National Guard Base,2025-03-23,1,42.16555555555556,-72.72055555555556,3.0,55.26690673828125,33.85652542114258,44.69614791870117,48.736202239990234,25.81305503845215,35.22726821899414,44210.39453125,38249.80078125,0.008597953283497875,0.0,0.0,0.14345738291740417,19.108562469482422,44.95161437988281,271.83097070836203,20.14818000793457,3.5024023056030273,71.65814208984375,32.36138916015625,1006.3966674804688,999.4549560546875,39.57615661621094,11.851466178894043,26.844104766845703
Barnes Air National Guard Base,2025-03-24,1,42.16555555555556,-72.72055555555556,3.0,61.35420227050781,35.073997497558594,47.62919998168945,53.993961334228516,27.321182250976562,40.33015441894531,44354.10546875,39192.7421875,0.0,0.013805478618378808,0.0,0.08250260353088379,16.65168571472168,40.62925338745117,276.5614513590125,20.870073318481445,3.8477602005004883,75.89216613769531,33.59730911254883,1007.723876953125,1002.9855346679688,42.70612716674805,11.045093536376953,23.179332733154297
Barnes Air National Guard Base,2025-03-25,1,42.16555555555556,-72.72055555555556,3.0,64.15301513671875,38.10824203491211,52.55084991455078,58.199214935302734,32.69192123413086,44.76979064941406,44448.94140625,39003.67578125,0.03879930354018977,0.003462113667885882,0.0,-0.006295535247772932,17.742212295532227,38.67427444458008,276.8602663415354,21.20662498474121,3.992344856262207,76.81028747558594,33.06010055541992,1007.7116088867188,1002.48193359375,40.61004638671875,11.739628791809082,25.219268798828125
Barnes Air National Guard Base,2025-03-26,1,42.16555555555556,-72.72055555555556,3.0,66.1130142211914,40.359127044677734,54.04169464111328,59.63740158081055,35.02629089355469,46.67817687988281,44593.87890625,38114.52734375,0.03152514997531873,0.0,0.0,-0.027154523879289627,18.53900146484375,39.232818603515625,286.616656979478,21.17740249633789,4.068185806274414,77.06429290771484,31.771892547607422,1007.32080078125,1002.5331420898438,41.462093353271484,11.726275444030762,26.721527099609375
Barnes Air National Guard Base,2025-03-27,1,42.16555555555556,-72.72055555555556,3.0,66.86107635498047,41.30167007446289,54.39088439941406,61.76900100708008,36.24599838256836,47.74155807495117,44701.53125,38447.34765625,0.0,0.0,0.0,0.06689305603504181,17.07343864440918,37.51371383666992,287.85399754641907,21.25439453125,4.172281742095947,77.66250610351562,33.32353210449219,1006.7705688476562,1001.8997192382812,42.89023971557617,11.091997146606445,23.98225212097168
Barnes Air National Guard Base,2025-03-28,1,42.16555555555556,-72.72055555555556,3.0,67.76386260986328,41.659732818603516,55.51502227783203,63.100101470947266,37.97858810424805,48.721107482910156,44842.2578125,36486.66796875,0.00040719343118781525,0.0034491123353720026,0.0,0.07478677481412888,18.298612594604492,37.86762237548828,284.4246041016473,20.866628646850586,4.243276119232178,78.79358673095703,30.551925659179688,1005.6812744140625,1001.2783813476562,42.83295822143555,11.494418144226074,24.648935317993164
Barnes Air National Guard Base,2025-03-29,1,42.16555555555556,-72.72055555555556,3.0,67.61479949951172,41.989158630371094,55.61751937866211,62.14160919189453,37.4381217956543,49.415802001953125,44960.44140625,37061.28125,0.007961027573628912,0.019594563363787523,0.0,0.03556966781616211,18.896953582763672,41.446014404296875,288.26946428341176,20.708778381347656,4.271539688110352,73.32860565185547,31.614770889282227,1005.5306396484375,1000.7122802734375,43.300785064697266,12.11946964263916,25.702423095703125
Battle Creek Air National Guard Base,2025-03-23,1,42.30722222222222,-3.420833333333334,3.0,50.250179290771484,31.20355796813965,40.279117584228516,41.41719055175781,22.885196685791016,31.149494171142578,44227.015625,37373.66796875,0.018767990895781073,0.04210362729767292,0.004785710833901636,0.37324202060699463,22.946962356567383,52.50831604003906,245.66344758447315,20.01105499267578,2.807077407836914,90.92313385009766,46.22150421142578,889.5736083984375,884.2039184570312,50.30713653564453,16.859821319580078,35.396461486816406
Battle Creek Air National Guard Base,2025-03-24,1,42.30722222222222,-3.420833333333334,3.0,56.484310150146484,33.92388153076172,45.755859375,50.24430847167969,25.887535095214844,35.5833625793457,44346.92578125,39231.984375,0.0,0.0,0.0,0.08718512952327728,20.361284255981445,44.49943923950195,268.9933930210459,21.34609603881836,3.3968260288238525,84.31915283203125,42.70029830932617,887.5087280273438,881.8816528320312,44.42213821411133,13.765044212341309,29.209182739257812
Battle Creek Air National Guard Base,2025-03-25,1,42.30722222222222,-3.420833333333334,3.0,59.82523727416992,36.01607131958008,47.534576416015625,53.420166015625,28.048723220825195,39.15559005737305,44464.63671875,40478.52734375,0.0,0.0,0.016211208796925627,-0.022863123565912247,19.37929916381836,40.4315185546875,270.09442899631017,21.70344352722168,3.7925777435302734,82.95380401611328,41.488590240478516,888.7723388671875,883.109375,41.572906494140625,13.214922904968262,28.129003524780273
Battle Creek Air National Guard Base,2025-03-26,1,42.30722222222222,-3.420833333333334,3.0,62.31522750854492,37.9079704284668,50.13540267944336,56.15856170654297,30.221647262573242,41.77156448364258,44594.51171875,39725.5078125,0.0,0.0,0.014732697116870261,0.07593880593776703,20.514461517333984,40.254276275634766,270.56261764991916,21.049535751342773,4.070606231689453,81.2021713256836,38.48944091796875,888.659423828125,882.7507934570312,43.50294494628906,13.613536834716797,27.750246047973633
Battle Creek Air National Guard Base,2025-03-27,1,42.30722222222222,-3.420833333333334,3.0,62.96653747558594,38.993408203125,51.23234176635742,57.1049690246582,32.62862014770508,44.73386001586914,44712.73828125,38901.95703125,0.0,0.0,0.01468871763703907,0.15577904880046844,20.52176856994629,39.95355224609375,269.9283624653071,20.921106338500977,4.204947471618652,79.46985626220703,36.92042541503906,888.458984375,882.47802734375,42.00297164916992,14.02670955657959,27.83380699157715
Battle Creek Air National Guard Base,2025-03-28,1,42.30722222222222,-3.420833333333334,3.0,63.55295944213867,40.51804733276367,52.83601379394531,58.27228927612305,34.11049270629883,46.504695892333984,44855.23828125,36877.58203125,0.0,0.0,0.014139057492439681,0.11822166293859482,21.38993263244629,41.2822380065918,269.9283624653071,21.036123275756836,4.319179058074951,77.88389587402344,36.86546325683594,888.4520263671875,882.0872192382812,43.71822738647461,14.056015014648438,29.547653198242188
Battle Creek Air National Guard Base,2025-03-29,1,42.30722222222222,-3.420833333333334,3.0,64.373291015625,41.08637619018555,53.23936080932617,58.50702667236328,35.22186279296875,46.8535270690918,44983.33984375,37585.390625,0.0,0.0,0.0,0.20504024624824524,19.958053588867188,41.853206634521484,269.4433188943134,21.054975509643555,4.444461345672607,80.31361389160156,37.31898880004883,888.2665405273438,882.5233764648438,42.90538024902344,12.840190887451172,28.429597854614258
Berry Field Air National Guard Base,2025-03-23,2,36.126666666666665,-86.68194444444445,3.0,67.03717041015625,43.1452522277832,55.47661590576172,63.24184036254883,38.47740936279297,49.45697021484375,44083.02734375,39980.01171875,0.0,0.0,0.0,0.002756332978606224,17.79391860961914,38.370914459228516,284.65332946188016,22.278186798095703,4.3336310386657715,73.91107940673828,35.81983947753906,998.2211303710938,992.7024536132812,37.76818084716797,12.057353973388672,24.967662811279297
Berry Field Air National Guard Base,2025-03-24,2,36.126666666666665,-86.68194444444445,3.0,69.49208068847656,43.874385833740234,57.70674514770508,64.55699157714844,40.05113983154297,51.03139877319336,44229.41015625,39009.41015625,0.0,0.003060910894509428,0.0,-0.0037736892700195312,18.477731704711914,41.44541549682617,285.60533062671624,21.28945541381836,4.428793430328369,77.2200698852539,34.79034423828125,997.7440795898438,993.47998046875,38.386993408203125,11.568082809448242,25.696125030517578
Berry Field Air National Guard Base,2025-03-25,2,36.126666666666665,-86.68194444444445,3.0,71.71975708007812,45.40944290161133,58.417686462402344,65.30256652832031,41.38632583618164,51.6627197265625,44318.7578125,38967.49609375,0.0030650527937968915,0.0,0.0,0.014298292808234692,18.47249412536621,38.101768493652344,280.30541416649527,21.454591751098633,4.523155689239502,75.86962890625,34.22389221191406,997.5565185546875,993.8717651367188,37.474788665771484,12.049365997314453,25.184518814086914
Berry Field Air National Guard Base,2025-03-26,2,36.126666666666665,-86.68194444444445,3.0,74.72137451171875,46.719112396240234,60.1114387512207,67.0142822265625,41.95746612548828,52.195518493652344,44431.39453125,38648.2578125,0.0,0.0,0.0,-0.016255073249340057,18.78281021118164,41.23398971557617,285.28935786239845,21.52568244934082,4.600322246551514,74.65570068359375,34.048465728759766,996.78759765625,993.1163330078125,35.71842956542969,12.3900785446167,25.798398971557617
Berry Field Air National Guard Base,2025-03-27,2,36.126666666666665,-86.68194444444445,3.0,75.18709564208984,45.804683685302734,60.562076568603516,67.96952819824219,41.25017166137695,53.959537506103516,44570.8203125,38578.37109375,0.005365087023516066,0.0008816125642891145,0.0,0.007330835331231356,18.172401428222656,38.74467086791992,284.9689455957303,21.265565872192383,4.630634307861328,75.27066802978516,35.02370071411133,996.2501220703125,992.7911987304688,40.365821838378906,11.610329627990723,24.096860885620117
Berry Field Air National Guard Base,2025-03-28,2,36.126666666666665,-86.68194444444445,3.0,76.22838592529297,46.78403091430664,62.354644775390625,69.22616577148438,41.847652435302734,54.78700637817383,44672.109375,37664.4375,0.0,0.005337151860098071,0.0,-0.012377035804092884,19.148860931396484,41.13450622558594,282.49996156227866,21.59366226196289,4.749780654907227,75.6036148071289,34.33719253540039,995.759521484375,992.8202514648438,40.26179122924805,11.948023796081543,25.886232376098633
Berry Field Air National Guard Base,2025-03-29,2,36.126666666666665,-86.68194444444445,3.0,75.57870483398438,48.71733856201172,62.79657745361328,69.07381439208984,43.30252456665039,57.35286331176758,44747.62109375,38224.54296875,0.009162237944413414,0.043722002992510965,0.0,0.0046936324797570705,20.17516326904297,41.18449401855469,285.7647004140383,21.39858055114746,4.942664623260498,75.30794525146484,35.76596450805664,994.4532470703125,991.2230834960938,42.37690353393555,12.576803207397461,25.302186965942383
Biddle Air National Guard Base,2025-03-23,1,40.19972222222222,-75.14805555555556,3.0,60.99650192260742,37.734153747558594,48.180442810058594,53.71877670288086,31.969945907592773,40.95687484741211,44211.06640625,38644.46484375,0.0,0.0,0.0,0.13792270421981812,20.541215896606445,43.1741828918457,271.28813669345766,20.340730667114258,3.664487838745117,73.94087982177734,39.180179595947266,1005.7621459960938,999.085693359375,41.5096435546875,13.00102424621582,27.25520133972168
Biddle Air National Guard Base,2025-03-24,1,40.19972222222222,-75.14805555555556,3.0,64.62297821044922,38.556724548339844,51.8107795715332,59.11214065551758,33.131935119628906,44.16196060180664,44334.1015625,39156.68359375,0.0,0.0,0.0,0.008396288380026817,18.648860931396484,40.946502685546875,271.19240896561746,20.910829544067383,3.93515682220459,77.70830535888672,37.04416275024414,1007.36474609375,1002.436767578125,43.81209945678711,11.771567344665527,25.487369537353516
Biddle Air National Guard Base,2025-03-25,1,40.19972222222222,-75.14805555555556,3.0,66.42269897460938,40.89189910888672,54.486759185791016,61.92556381225586,36.4388542175293,47.98908996582031,44444.22265625,39069.04296875,0.05216526467173167,0.004963226594004579,0.0,-0.010133638046681881,19.060644149780273,40.62318420410156,273.13920402910514,21.0925350189209,4.14314603805542,79.18537139892578,35.14738845825195,1006.44970703125,1002.5997314453125,41.89133071899414,12.019316673278809,25.099517822265625
Biddle Air National Guard Base,2025-03-26,1,40.19972222222222,-75.14805555555556,3.0,67.6818618774414,42.746761322021484,56.026756286621094,62.81110763549805,38.317047119140625,48.65541076660156,44577.4921875,38767.65625,0.0,0.003146382748980034,0.0,-0.01836748793721199,18.616806030273438,40.302860260009766,286.7768986746146,21.24365234375,4.290036201477051,78.95516204833984,34.37510681152344,1006.263427734375,1001.9241333007812,40.472286224365234,12.062582969665527,25.747848510742188
Biddle Air National Guard Base,2025-03-27,1,40.19972222222222,-75.14805555555556,3.0,67.59783172607422,43.09389114379883,55.76348876953125,62.42698287963867,38.80337905883789,48.55601119995117,44687.1640625,38629.2109375,0.0,0.0,0.0,0.07089656591415405,17.686813354492188,38.436439514160156,284.1151017471076,21.162548065185547,4.410736083984375,79.10286712646484,33.93923568725586,1006.1435546875,1001.4325561523438,42.70333480834961,10.776893615722656,22.96816062927246
Biddle Air National Guard Base,2025-03-28,1,40.19972222222222,-75.14805555555556,3.0,68.18331146240234,43.433074951171875,57.325035095214844,62.57715606689453,39.11387634277344,49.62656784057617,44768.55078125,37775.734375,0.0,0.0018426115227153116,0.0,0.008246378973126411,19.37103843688965,39.31789779663086,275.98829587400945,20.71746253967285,4.43738317489624,77.8072280883789,34.23508834838867,1005.180419921875,1000.8554077148438,43.102500915527344,11.79662036895752,25.560617446899414
Biddle Air National Guard Base,2025-03-29,1,40.19972222222222,-75.14805555555556,3.0,67.67279815673828,43.832908630371094,57.19735336303711,61.82772445678711,39.06473159790039,50.060691833496094,44878.77734375,37844.66015625,0.002391274829820951,0.022584151046479234,0.0,0.04908039793372154,20.142549514770508,41.125762939453125,285.72726101504276,20.648540496826172,4.528994083404541,77.16345977783203,34.91377639770508,1005.6116943359375,1000.457275390625,42.95646286010742,12.587823867797852,25.683029174804688
Bradley Air National Guard Base,2025-03-23,1,41.93888888888888,-72.68333333333334,3.0,58.67501449584961,35.26350021362305,45.98939895629883,52.047550201416016,27.04149627685547,37.66929626464844,44210.58984375,38669.8046875,0.017683043179080808,6.703241354612926e-05,0.0,0.09344074130058289,19.40262794494629,43.086185455322266,270.3695526517248,20.454978942871094,3.6492655277252197,72.26485443115234,32.82399368286133,1008.7198486328125,1002.5521240234375,38.501956939697266,12.739957809448242,28.331144332885742
Bradley Air National Guard Base,2025-03-24,1,41.93888888888888,-72.68333333333334,3.0,63.25739669799805,37.02671432495117,49.26803207397461,56.4985466003418,29.00137710571289,41.08856201171875,44342.0234375,39094.51953125,0.0,0.016140356554408365,0.0,-0.009716455824673176,16.52765655517578,40.98697280883789,277.7667603949535,20.895092010498047,3.9308295249938965,76.2154541015625,33.297916412353516,1010.83447265625,1005.00146484375,42.07349395751953,10.988261222839355,23.328208923339844
Bradley Air National Guard Base,2025-03-25,1,41.93888888888888,-72.68333333333334,3.0,65.84410858154297,39.192169189453125,52.674781799316406,59.2474479675293,33.42714309692383,45.904300689697266,44449.13671875,38609.70703125,0.03566196631540325,0.009023039897239838,0.0,-0.007012223359197378,18.063085556030273,39.29159164428711,276.8602663415354,21.19635009765625,4.026581764221191,77.72230529785156,33.14165115356445,1010.7535400390625,1005.7872314453125,41.417747497558594,11.913576126098633,24.942567825317383
Bradley Air National Guard Base,2025-03-26,1,41.93888888888888,-72.68333333333334,3.0,66.85699462890625,41.384483337402344,54.40797805786133,61.390987396240234,36.202003479003906,47.607933044433594,44593.87890625,38451.91796875,0.035849434942250256,0.0036145855993994546,0.0,-0.08458523452281952,19.40210723876953,38.88692855834961,286.616656979478,21.20988655090332,4.116426467895508,78.56038665771484,32.47437286376953,1010.7843017578125,1005.7617797851562,41.64702606201172,11.981400489807129,26.127952575683594
Bradley Air National Guard Base,2025-03-27,1,41.93888888888888,-72.68333333333334,3.0,67.09236907958984,42.31198501586914,55.363433837890625,62.56806182861328,38.327171325683594,49.0637321472168,44699.73828125,38127.69921875,0.0,0.0043777670871309,0.0,-0.012204308994114399,17.171497344970703,36.96419906616211,288.8884069157958,21.22653579711914,4.231618881225586,79.9036865234375,33.509857177734375,1010.788818359375,1005.5580444335938,42.063819885253906,10.881725311279297,23.37000846862793
Bradley Air National Guard Base,2025-03-28,1,41.93888888888888,-72.68333333333334,3.0,68.63127136230469,43.776771545410156,57.023475646972656,63.19609832763672,40.07126235961914,51.564605712890625,44836.98828125,36550.40234375,0.0,0.012053713998477543,0.0,0.09538105130195618,18.101680755615234,37.381534576416016,274.59807458049073,20.84754180908203,4.264987945556641,80.46245574951172,30.25309181213379,1009.8613891601562,1005.3328857421875,43.52610397338867,11.052842140197754,24.189598083496094
Bradley Air National Guard Base,2025-03-29,1,41.93888888888888,-72.68333333333334,3.0,68.02925109863281,45.287601470947266,56.923526763916016,62.74528884887695,40.478580474853516,51.81060791015625,44956.98828125,37193.34765625,0.0,0.02989416405349595,0.0,0.07445875555276871,19.80072593688965,40.62343215942383,286.9042095460125,20.63605499267578,4.3185834884643555,75.6662368774414,32.08441162109375,1009.4633178710938,1004.53955078125,43.59066390991211,12.618744850158691,25.56784439086914
Brunswick Air National Guard Station,2025-03-23,2,31.2475,-10.358055555555556,3.0,66.34429168701172,59.27370834350586,62.16572189331055,62.386207580566406,51.043460845947266,56.17504119873047,44001.10546875,41525.4921875,0.005657233900001794,0.013631253682397109,0.0,0.19902829825878143,39.555152893066406,52.92221450805664,44.2074414445162,23.014318466186523,4.338754653930664,81.91742706298828,52.27286148071289,1022.5759887695312,1019.043701171875,31.026784896850586,29.981618881225586,42.954898834228516
Brunswick Air National Guard Station,2025-03-24,2,31.2475,-10.358055555555556,3.0,69.23664855957031,59.37636184692383,65.24250793457031,66.49908447265625,54.14411163330078,60.29863357543945,44104.265625,40526.5390625,0.03842767682760544,0.025924867721845036,0.0,-0.01607002504169941,33.19314956665039,48.04132843017578,55.44182296375536,22.583633422851562,4.425982475280762,79.54708099365234,54.36296463012695,1020.8657836914062,1017.3103637695312,38.10808563232422,22.508638381958008,37.42179489135742
Brunswick Air National Guard Station,2025-03-25,2,31.2475,-10.358055555555556,3.0,72.97383880615234,61.24958419799805,66.7030029296875,69.3471908569336,57.25796127319336,63.12794876098633,44216.15625,40666.21875,0.022375191272979992,0.05815706482528738,0.0,-0.0015295575140044093,31.823068618774414,47.57417678833008,56.397764887910824,22.404077529907227,4.4934282302856445,80.20789337158203,54.026702880859375,1019.5177612304688,1016.0106811523438,41.02499771118164,19.68864631652832,31.872846603393555
Brunswick Air National Guard Station,2025-03-26,2,31.2475,-10.358055555555556,3.0,75.21993255615234,63.072547912597656,67.19957733154297,69.73616027832031,58.61127471923828,64.25435638427734,44299.45703125,39519.19140625,0.028791060928628775,0.05058500306351335,0.0,-0.03763565048575401,30.7467041015625,46.552696228027344,71.02108961710928,21.993743896484375,4.543848514556885,81.92768859863281,52.990028381347656,1018.2244873046875,1014.4853515625,38.81991958618164,18.62117576599121,30.80573272705078
Brunswick Air National Guard Station,2025-03-27,2,31.2475,-10.358055555555556,3.0,76.43529510498047,64.30362701416016,68.86370849609375,71.73444366455078,59.31064224243164,65.29297637939453,44411.5625,39274.4921875,0.02673040934423855,0.028433981423669583,0.0,0.06025044620037079,29.63544464111328,44.53510284423828,81.69116036952464,21.48160743713379,4.574152946472168,81.90879821777344,52.054527282714844,1016.9786376953125,1012.3639526367188,35.93003845214844,19.58854103088379,32.36320877075195
Brunswick Air National Guard Station,2025-03-28,2,31.2475,-10.358055555555556,3.0,77.01241302490234,64.8716812133789,69.57501983642578,73.30496978759766,60.0367317199707,65.7819595336914,44551.95703125,38564.15234375,0.025995007129153182,0.0472024579173167,0.0,0.03960109129548073,31.35122299194336,47.423828125,91.66988580426633,21.22649383544922,4.691135883331299,80.27973937988281,51.124755859375,1015.5317993164062,1011.16357421875,39.25095748901367,19.825517654418945,32.83279800415039
Brunswick Air National Guard Station,2025-03-29,2,31.2475,-10.358055555555556,3.0,77.4251937866211,65.41907501220703,69.88434600830078,72.77593231201172,60.581398010253906,66.26890563964844,44661.21875,38270.109375,0.07221200320036236,0.0864540548779592,0.0,0.020338401198387146,31.18068504333496,49.5991096496582,117.11571650411906,21.40777587890625,4.816263675689697,79.62847900390625,46.98371124267578,1014.3743896484375,1010.2208862304688,38.84815216064453,19.840696334838867,36.016990661621094
Burlington Air National Guard Base,2025-03-23,1,44.47277777777778,-73.14666666666668,3.0,54.03945541381836,31.553499221801758,40.53742599487305,46.501564025878906,21.54461669921875,32.37745666503906,44321.1640625,37608.07421875,0.0,0.009997595361799555,0.0,-0.03030581958591938,22.084178924560547,49.41167068481445,245.83662050844816,20.50761604309082,3.051645517349243,74.28175354003906,40.1304817199707,1001.3875732421875,992.7845458984375,40.87915802001953,14.837288856506348,30.621171951293945
Burlington Air National Guard Base,2025-03-24,1,44.47277777777778,-73.14666666666668,3.0,59.48247146606445,34.642242431640625,47.66597366333008,53.36072540283203,27.04600715637207,38.648834228515625,44417.5390625,39433.29296875,0.0,0.0,0.0,0.01733379438519478,19.534700393676758,43.82640075683594,263.0588960542718,20.69590950012207,3.6652605533599854,77.04669952392578,40.79191970825195,1002.6447143554688,996.7369995117188,43.69196701049805,13.376691818237305,27.967050552368164
Burlington Air National Guard Base,2025-03-25,1,44.47277777777778,-73.14666666666668,3.0,63.85885238647461,36.99745559692383,50.62921142578125,57.192134857177734,31.57445526123047,42.48372268676758,44520.32421875,39108.88671875,0.03977256452988739,0.0024798721374022967,0.0,-0.012469402514398098,21.434513092041016,42.59209060668945,264.8838987699083,20.71314811706543,3.9294493198394775,77.60761260986328,36.150142669677734,1001.9717407226562,996.5436401367188,42.53557586669922,14.102703094482422,28.469816207885742
Burlington Air National Guard Base,2025-03-26,1,44.47277777777778,-73.14666666666668,3.0,65.2405776977539,39.038692474365234,52.861915588378906,58.902950286865234,33.30081558227539,45.58738708496094,44664.8125,37940.29296875,0.0,0.0,0.0,-0.005498804617673159,22.513381958007812,42.00749206542969,275.09439191418267,20.873865127563477,4.12898063659668,76.78622436523438,34.098026275634766,1002.172607421875,996.1171875,43.80143737792969,14.84819507598877,29.59036636352539
Burlington Air National Guard Base,2025-03-27,1,44.47277777777778,-73.14666666666668,3.0,66.20464324951172,41.16996765136719,53.9222526550293,59.36901092529297,34.984928131103516,46.80844497680664,44795.7734375,37869.3515625,0.0011335890704553956,0.0,0.0,-0.01895568147301674,22.921228408813477,41.130096435546875,288.3135142917014,21.05742645263672,4.227565765380859,75.57200622558594,33.165672302246094,1001.6399536132812,995.6754150390625,44.28766632080078,14.395528793334961,28.665346145629883
Burlington Air National Guard Base,2025-03-28,1,44.47277777777778,-73.14666666666668,3.0,66.97016143798828,40.69047164916992,55.17976379394531,61.314979553222656,36.959590911865234,47.873619079589844,44947.515625,37362.87890625,0.0,0.000705997429751883,0.0,-0.009203522466123104,21.42969512939453,38.758522033691406,283.0067814905591,20.949665069580078,4.299875736236572,75.59675598144531,33.63108825683594,999.8790893554688,995.4912109375,40.836299896240234,12.929557800292969,26.367937088012695
Burlington Air National Guard Base,2025-03-29,1,44.47277777777778,-73.14666666666668,3.0,67.58680725097656,41.53965759277344,55.50489044189453,61.51872253417969,37.51482391357422,48.10136032104492,45048.74609375,37294.140625,0.0,0.014683949165583556,0.0,-0.01846049726009369,23.397035598754883,41.20401382446289,286.29299469477144,20.836746215820312,4.365906715393066,74.06159210205078,34.3702507019043,998.84375,994.4891967773438,40.3388786315918,12.818496704101562,26.373817443847656
RAF Mildenhall,2024-03-23,1,52.365,0.4808333333333333,3.0,57.246826171875,39.144840240478516,47.86973571777344,50.73012924194336,35.53446578979492,43.08286666870117,44488.71875,36068.05859375,0.0,0.0009179364141884892,0.0,-0.03465531766414642,19.310550689697266,39.36460876464844,270.95479675194395,18.637557983398438,2.6068015098571777,86.87577056884766,45.80357360839844,1021.9993896484375,1016.1148681640625,41.90525817871094,12.332295417785645,24.913793563842773
RAF Mildenhall,2024-03-24,1,52.365,0.4808333333333333,3.0,60.885501861572266,40.065711975097656,50.00519943237305,55.7979621887207,35.70106506347656,46.15132522583008,44593.41796875,39049.23828125,0.0,0.0,0.0,-0.05063916742801666,19.003902435302734,37.044246673583984,265.63818434146145,20.2329158782959,3.075043201446533,85.88751983642578,47.90084457397461,1022.20556640625,1016.6739501953125,45.746612548828125,12.121872901916504,23.344655990600586
RAF Mildenhall,2024-03-25,1,52.365,0.4808333333333333,3.0,62.4991455078125,42.617496490478516,52.23668670654297,58.81088638305664,38.39576721191406,47.745201110839844,44666.7578125,39242.23828125,0.02840553696027637,0.007917327503951258,0.0,-0.025639956817030907,20.479894638061523,36.914066314697266,264.6950762690786,21.00934410095215,3.327633857727051,85.72762298583984,47.884586334228516,1022.02783203125,1016.9696044921875,49.53814697265625,12.658693313598633,23.494049072265625
RAF Mildenhall,2024-03-26,1,52.365,0.4808333333333333,3.0,63.20037841796875,44.28813934326172,53.10836410522461,60.234779357910156,39.32563781738281,49.24383544921875,44797.71875,39082.6640625,0.014507379356254523,0.009745710998771947,0.0,0.010503887198865414,20.91135025024414,37.192440032958984,269.9765820221652,21.363298416137695,3.377964735031128,85.46736145019531,47.435733795166016,1021.7136840820312,1016.0093994140625,49.29209899902344,12.611164093017578,24.006406784057617
RAF Mildenhall,2024-03-27,1,52.365,0.4808333333333333,3.0,64.68630981445312,45.066566467285156,53.79534912109375,61.19078826904297,40.38008117675781,50.32658004760742,44952.79296875,37758.1015625,0.019825525291671142,0.027394868190573275,0.0,-0.05401287600398064,21.5113468170166,36.3041877746582,271.3482826206332,20.988914489746094,3.644381046295166,85.21531677246094,47.68963623046875,1021.5924682617188,1015.9313354492188,48.52822494506836,12.771796226501465,23.52543830871582
RAF Mildenhall,2024-03-28,1,52.365,0.4808333333333333,3.0,65.05792236328125,44.99039077758789,54.73530960083008,61.9574089050293,41.488006591796875,51.42560958862305,45065.171875,38405.4609375,0.045469449671521944,0.02302082696858489,0.0,0.04507031291723251,22.58531951904297,37.63357925415039,272.4947036396149,20.6035099029541,3.871049404144287,84.88005828857422,47.381988525390625,1020.8128051757812,1015.5769653320312,47.43978500366211,13.920063972473145,23.99643325805664
RAF Mildenhall,2024-03-29,1,52.365,0.4808333333333333,3.0,66.62737274169922,45.82421875,56.60318374633789,62.45880889892578,42.437721252441406,52.61589050292969,45137.68359375,38233.87109375,0.043756106666390376,0.040109272599724605,0.0,-0.006961625535041094,23.23903465270996,39.139137268066406,279.84490357148917,20.42690658569336,3.9122321605682373,84.08953857421875,46.40403747558594,1020.2745971679688,1014.4751586914062,47.89168167114258,14.301963806152344,26.492692947387695
RAF Molesworth,2024-03-23,1,52.379444444444445,-0.405,3.0,57.4646110534668,38.834632873535156,47.73466110229492,49.252296447753906,34.95044708251953,42.78031539916992,44489.4921875,35502.16796875,0.0,0.0,0.0,-0.15785709023475647,19.613527297973633,37.79154968261719,278.9807309254187,18.747081756591797,2.6746411323547363,86.21759796142578,44.81587600708008,1014.001953125,1008.6090698242188,41.24586486816406,13.084368705749512,25.367460250854492
RAF Molesworth,2024-03-24,1,52.379444444444445,-0.405,3.0,59.69793701171875,40.205909729003906,49.826332092285156,54.301937103271484,35.20451354980469,44.91550827026367,44594.19140625,38409.06640625,0.0,0.0,0.0,-0.1150921955704689,19.234678268432617,35.97083282470703,280.61496387502615,20.16744613647461,3.087597608566284,86.05475616455078,46.22186279296875,1014.6375732421875,1009.1115112304688,45.64994430541992,12.08469295501709,22.348182678222656
RAF Molesworth,2024-03-25,1,52.379444444444445,-0.405,3.0,62.119441986083984,42.14913558959961,51.832401275634766,57.54941177368164,37.16185760498047,47.637176513671875,44669.77734375,38990.78515625,0.014622326767833304,0.0,0.0,-0.0437031053006649,19.98534393310547,36.8085823059082,274.1432877159559,20.866472244262695,3.352153778076172,86.64864349365234,45.42503356933594,1014.9923706054688,1009.465576171875,48.6936149597168,12.33066463470459,23.248567581176758
RAF Molesworth,2024-03-26,1,52.379444444444445,-0.405,3.0,62.80160903930664,43.553749084472656,53.2230110168457,59.88582992553711,38.875144958496094,48.639305114746094,44802.56640625,38710.11328125,0.014345600836446253,0.0,0.0,0.00501070125028491,20.064878463745117,35.75606918334961,279.59749546778846,21.145597457885742,3.405251979827881,85.90518188476562,45.017486572265625,1015.4539794921875,1009.937744140625,48.689395904541016,12.343121528625488,23.422880172729492
RAF Molesworth,2024-03-27,1,52.379444444444445,-0.405,3.0,64.3485336303711,44.235591888427734,53.78175735473633,60.82972717285156,39.56875228881836,49.45389175415039,44956.03515625,37618.35546875,0.011872614802199628,0.0,0.0,0.0027488553896546364,20.133447647094727,35.749122619628906,278.4783355225168,20.8001766204834,3.675493001937866,85.0890884399414,44.914005279541016,1015.9368286132812,1010.5054321289062,48.851688385009766,12.14577865600586,23.100658416748047
RAF Molesworth,2024-03-28,1,52.379444444444445,-0.405,3.0,64.7918930053711,44.33998107910156,53.95512771606445,61.35622787475586,40.054527282714844,50.06570816040039,45066.1640625,37982.25390625,0.03705008279510058,0.01712674706981611,0.0,0.0767948105931282,21.654630661010742,36.8403205871582,279.07558485750235,20.55565071105957,3.8828365802764893,84.89353942871094,45.05280685424805,1015.9983520507812,1010.338134765625,46.891998291015625,13.146407127380371,24.025897979736328
RAF Molesworth,2024-03-29,1,52.379444444444445,-0.405,3.0,66.44052124023438,44.49079513549805,55.06449890136719,61.25962829589844,41.19667053222656,51.534629821777344,45144.55078125,38263.6015625,0.04156465414542559,0.03825485684434435,0.0,0.025813698768615723,22.58350944519043,37.40056228637695,280.3850757163107,20.461902618408203,3.954078435897827,83.12245178222656,44.08797073364258,1015.8395385742188,1009.3046875,46.20854187011719,13.673604011535645,25.08915901184082
RAF Welford,2024-03-23,1,51.46833333333333,-1.403611111111111,3.0,56.640235900878906,37.33951950073242,47.12888717651367,49.28251266479492,34.512420654296875,41.17666244506836,44487.00390625,36289.94140625,0.0,0.0,2.48140117932017e-05,-0.2760775685310364,19.268112182617188,37.0469970703125,279.18894749433224,18.855304718017578,2.444528341293335,88.341796875,46.7363166809082,1007.369384765625,1002.37890625,38.96540832519531,13.108044624328613,24.72178840637207
RAF Welford,2024-03-24,1,51.46833333333333,-1.403611111111111,3.0,59.731895446777344,38.824459075927734,49.211910247802734,53.70267105102539,34.31489562988281,43.32280349731445,44592.3203125,37977.203125,0.0,0.0,0.0,-0.14786049723625183,18.25461196899414,35.70254898071289,280.1629277134032,20.175373077392578,2.9978291988372803,86.35967254638672,46.41252517700195,1007.218994140625,1002.785888671875,45.39623260498047,11.39387035369873,21.71846580505371
RAF Welford,2024-03-25,1,51.46833333333333,-1.403611111111111,3.0,62.072811126708984,40.72967529296875,51.24217224121094,56.877410888671875,35.69320297241211,46.86117935180664,44664.84765625,39024.203125,0.0,0.0,0.0,-0.10759195685386658,19.233827590942383,35.580081939697266,270.3343646409172,20.849716186523438,3.30924654006958,86.4281234741211,46.5484504699707,1007.0735473632812,1002.4654541015625,48.53329849243164,12.493969917297363,23.601524353027344
RAF Welford,2024-03-26,1,51.46833333333333,-1.403611111111111,3.0,62.280731201171875,43.05194091796875,52.32376480102539,58.465274810791016,38.17024230957031,48.308406829833984,44800.15625,38652.1484375,0.0,0.0,0.0,-0.010875765234231949,20.32122039794922,36.5352783203125,266.1163543142203,21.151491165161133,3.3383445739746094,85.99037170410156,45.29103088378906,1007.2406005859375,1002.3914184570312,49.11054611206055,12.835078239440918,23.838354110717773
RAF Welford,2024-03-27,1,51.46833333333333,-1.403611111111111,3.0,63.0269775390625,43.61025619506836,53.3359489440918,59.239933013916016,39.260196685791016,49.14258575439453,44956.20703125,37911.23046875,0.008212707118164013,0.0,0.0,-0.017515107989311218,21.892982482910156,36.453285217285156,266.0032506890242,20.680692672729492,3.5755534172058105,84.87928009033203,44.97833251953125,1007.6327514648438,1002.4486083984375,49.60020446777344,13.128989219665527,23.88055992126465
RAF Welford,2024-03-28,1,51.46833333333333,-1.403611111111111,3.0,63.87085723876953,44.01569366455078,53.63332748413086,59.388916015625,40.03561782836914,50.409645080566406,45070.52734375,38325.125,0.000874566690089453,0.011583851469640177,0.0,0.060784321278333664,22.613128662109375,38.02400207519531,271.67686661999903,20.262189865112305,3.8903591632843018,84.18360900878906,44.15168380737305,1007.5265502929688,1002.412353515625,47.438682556152344,13.973183631896973,24.84087562561035
RAF Welford,2024-03-29,1,51.46833333333333,-1.403611111111111,3.0,64.97941589355469,43.92829513549805,54.30744171142578,59.34112548828125,40.14398193359375,50.82490539550781,45145.140625,38408.55078125,0.006844677502712744,0.028857193624266572,0.0,-0.04473506659269333,23.6815185546875,40.20674514770508,272.0538583833131,20.467010498046875,3.964932441711426,83.19889831542969,42.572227478027344,1007.2263793945312,1002.0510864257812,46.67795181274414,14.379878997802734,27.36089515686035
Ramstein Air Base,2024-03-23,0,49.443888888888885,10.126666666666669,3.0,60.830081939697266,41.3907585144043,50.59853744506836,54.06640625,36.98305130004883,45.27309036254883,44396.89453125,37707.22265625,0.0,0.0,0.0,-0.00814041681587696,16.76204490661621,35.59639358520508,252.83379578295006,18.821706771850586,2.998476028442383,91.19696044921875,44.27301025390625,985.0579223632812,978.2745971679688,48.00385284423828,11.597542762756348,23.815454483032227
Ramstein Air Base,2024-03-24,0,49.443888888888885,10.126666666666669,3.0,61.84134292602539,41.32666015625,51.41988754272461,56.288814544677734,37.168235778808594,46.24600601196289,44459.609375,39583.59375,0.0,0.0,0.0,0.020061705261468887,19.009923934936523,36.69217300415039,260.19069573024433,19.718873977661133,3.3317630290985107,87.01331329345703,42.96282958984375,983.717041015625,978.0147094726562,47.5004997253418,12.163670539855957,24.766185760498047
Ramstein Air Base,2024-03-25,0,49.443888888888885,10.126666666666669,3.0,63.100135803222656,42.01433563232422,52.59995651245117,58.8189582824707,37.19065475463867,47.25695037841797,44513.96875,38990.15625,0.0,0.0,0.0,0.04842790216207504,19.891408920288086,37.968448638916016,259.42144215110375,20.39275550842285,3.645174026489258,85.5517807006836,41.317176818847656,983.3837890625,976.8065795898438,46.1808967590332,12.45529556274414,25.273880004882812
Ramstein Air Base,2024-03-26,0,49.443888888888885,10.126666666666669,3.0,63.1878776550293,43.00944137573242,52.91633224487305,59.54145050048828,38.078060150146484,48.12271499633789,44705.8359375,38635.3046875,0.0,0.0,0.0,0.05364975705742836,20.189847946166992,37.666961669921875,259.56963111552113,20.260543823242188,3.9668307304382324,83.38277435302734,40.74589538574219,982.9616088867188,976.7567749023438,44.83514404296875,12.541812896728516,25.222917556762695
Ramstein Air Base,2024-03-27,0,49.443888888888885,10.126666666666669,3.0,65.08692169189453,43.39077377319336,53.58127975463867,60.01790237426758,38.597328186035156,48.4856071472168,44842.46875,37952.62109375,0.0,0.005455451973394403,0.0,-0.006449063774198294,20.088102340698242,37.69176483154297,259.543813257832,20.338130950927734,4.098721981048584,80.63715362548828,39.74127960205078,982.7687377929688,977.0926513671875,44.98849868774414,12.238452911376953,24.88421058654785
Ramstein Air Base,2024-03-28,0,49.443888888888885,10.126666666666669,3.0,67.16154479980469,43.32084274291992,54.941707611083984,61.09462356567383,39.27878952026367,49.362754821777344,44964.375,37979.4296875,0.0,0.01858921440491511,0.0,-0.028111428022384644,21.44249725341797,38.35329055786133,259.76619322697434,20.275793075561523,4.139764785766602,79.59184265136719,39.73445510864258,982.8433837890625,977.61279296875,44.587013244628906,12.606998443603516,24.55267906188965
Ramstein Air Base,2024-03-29,0,49.443888888888885,10.126666666666669,3.0,67.53274536132812,43.92101287841797,55.3134765625,61.61129379272461,39.34540557861328,49.92003631591797,45044.09765625,37895.77734375,0.0,0.023019371148688128,0.0,0.016314484179019928,22.408611297607422,38.96416473388672,259.76619322697434,20.412260055541992,4.244800567626953,79.48456573486328,37.45246505737305,982.7345581054688,977.1287231445312,45.530765533447266,13.817229270935059,26.052125930786133
Spangdahlem Air Base,2024-03-23,0,49.97583333333333,6.697222222222223,3.0,59.48141860961914,41.91322326660156,50.359466552734375,54.055843353271484,37.48584747314453,45.20457458496094,44408.3125,36971.33203125,0.0,0.0,0.0,-0.07637988775968552,18.995107650756836,37.515010833740234,263.228380662894,18.467697143554688,2.8045761585235596,91.82960510253906,51.782562255859375,980.6449584960938,972.8079223632812,53.671817779541016,12.292759895324707,24.66653060913086
Spangdahlem Air Base,2024-03-24,0,49.97583333333333,6.697222222222223,3.0,61.01829147338867,41.79463195800781,51.019168853759766,57.175540924072266,37.38921356201172,46.374420166015625,44470.83203125,38975.7734375,0.006356883262607655,0.0,0.0,-0.08393453061580658,19.482908248901367,38.399898529052734,258.4531457687598,19.58604621887207,3.220421075820923,88.03958892822266,46.85763931274414,980.32568359375,973.16357421875,45.37847137451172,12.144998550415039,24.378273010253906
Spangdahlem Air Base,2024-03-25,0,49.97583333333333,6.697222222222223,3.0,62.100318908691406,42.06834030151367,51.94245147705078,58.319278717041016,37.616424560546875,46.86268615722656,44600.6640625,38961.390625,0.0,0.0,0.0,-0.1036112979054451,20.240602493286133,37.48197555541992,265.5273309309253,20.038494110107422,3.5530121326446533,86.41993713378906,45.347503662109375,979.5083618164062,972.7377319335938,44.9847526550293,12.492963790893555,24.805282592773438
Spangdahlem Air Base,2024-03-26,0,49.97583333333333,6.697222222222223,3.0,62.64088821411133,42.86068344116211,52.40534973144531,59.049739837646484,38.36345672607422,47.4876708984375,44770.73828125,38833.78515625,0.0,0.0,0.0,-0.009782636538147926,20.56404685974121,36.92828369140625,264.4603261898914,20.34232521057129,3.8482983112335205,86.45511627197266,43.72220230102539,980.8336791992188,973.9471435546875,43.06339645385742,12.444687843322754,24.23819923400879
Spangdahlem Air Base,2024-03-27,0,49.97583333333333,6.697222222222223,3.0,63.63967514038086,43.4130859375,53.30623245239258,59.77877426147461,38.12030792236328,48.39214324951172,44882.95703125,38310.390625,0.0050155964177160915,0.007980948705376325,0.0,0.017738092690706253,20.42486572265625,36.71579360961914,264.9740219456314,20.34000587463379,4.02180814743042,85.04630279541016,41.67805480957031,980.7019653320312,974.5457153320312,44.80714416503906,12.190213203430176,23.8305721282959
Spangdahlem Air Base,2024-03-28,0,49.97583333333333,6.697222222222223,3.0,65.0121841430664,43.53416442871094,54.228878021240234,60.446983337402344,38.935386657714844,48.880340576171875,44978.015625,37961.34375,0.0,0.019854385913653273,0.0,0.028823990374803543,21.904714584350586,38.83608627319336,269.90414461677403,20.446598052978516,4.118232250213623,82.29682159423828,40.812896728515625,980.72412109375,974.4056396484375,44.504329681396484,12.981019973754883,24.603111267089844
Spangdahlem Air Base,2024-03-29,0,49.97583333333333,6.697222222222223,3.0,66.94078826904297,43.85696792602539,55.365989685058594,61.17490768432617,39.73881149291992,49.54949188232422,45052.61328125,38479.375,0.007298736406824362,0.020659649630400418,0.0,0.02933596447110176,22.672626495361328,38.62678909301758,266.04954647128386,20.430612564086914,4.23159646987915,81.15999603271484,40.036067962646484,980.5015258789062,974.4679565429688,44.605621337890625,14.213459014892578,25.57269287109375
Stavanger,2024-03-23,1,58.9075,5.721666666666667,3.0,50.741371154785156,34.34916687011719,40.59702682495117,43.15869140625,27.706802368164062,34.107078552246094,44703.609375,35597.828125,0.006854856725876555,0.005722953379631812,0.0,0.4297107756137848,21.246379852294922,44.534725189208984,267.6216176522082,18.440731048583984,2.207148313522339,88.62734985351562,55.48993682861328,1004.7472534179688,997.1719970703125,38.21968460083008,13.81495475769043,27.86306381225586
Stavanger,2024-03-24,1,58.9075,5.721666666666667,3.0,55.3051872253418,34.66392517089844,44.458885192871094,49.63761901855469,27.446352005004883,37.048099517822266,44750.921875,38645.26171875,0.0,0.0,0.0021484749135559597,0.14034782350063324,17.2525634765625,38.9512939453125,268.96307263613403,20.268274307250977,2.674431085586548,85.95848846435547,51.73796081542969,1008.8824462890625,1002.6793823242188,39.72109603881836,12.012062072753906,24.748079299926758
Stavanger,2024-03-25,1,58.9075,5.721666666666667,3.0,57.08905792236328,35.61075973510742,46.731502532958984,52.71089172363281,28.971519470214844,39.23581314086914,44892.48828125,39150.08203125,0.0,0.0,0.0011382604132426706,-0.015869205817580223,16.144176483154297,35.897239685058594,263.99594761694516,21.23276710510254,3.1618916988372803,85.50267791748047,48.63186264038086,1011.004150390625,1005.807861328125,43.11970901489258,11.862046241760254,22.58618927001953
Stavanger,2024-03-26,1,58.9075,5.721666666666667,3.0,59.65373611450195,37.019813537597656,49.87471008300781,55.92402267456055,31.302902221679688,43.71493911743164,45102.38671875,38561.74609375,0.0,0.0,0.0007075333341122118,0.02132543921470642,15.923700332641602,34.80039978027344,259.0577743549134,20.921586990356445,3.4377408027648926,86.28308868408203,49.266822814941406,1010.9652709960938,1006.3219604492188,46.88591384887695,11.477618217468262,22.085487365722656
Stavanger,2024-03-27,1,58.9075,5.721666666666667,3.0,62.048404693603516,40.876922607421875,52.0861701965332,56.77661895751953,35.23698043823242,47.1063117980957,45259.51953125,37298.95703125,0.0,0.0,0.0014477025131890673,0.014216872863471508,17.6065673828125,34.36766815185547,259.98937424275505,20.52969741821289,3.4670445919036865,87.6114730834961,49.866905212402344,1010.9812622070312,1005.8235473632812,49.97947311401367,11.908387184143066,23.123519897460938
Stavanger,2024-03-28,1,58.9075,5.721666666666667,3.0,62.3089714050293,41.72010040283203,53.11578369140625,57.3274040222168,37.40927505493164,48.20098114013672,45335.828125,37552.73046875,0.0,0.0009983562645778541,0.0007347620105356581,0.0129812341183424,18.523984909057617,36.244728088378906,259.3111482409401,20.28045654296875,3.734262704849243,87.23323059082031,47.85261154174805,1011.1018676757812,1005.6251831054688,49.80829620361328,12.229269027709961,23.73752784729004
Stavanger,2024-03-29,1,58.9075,5.721666666666667,3.0,61.98590850830078,42.69099044799805,53.2113037109375,58.631080627441406,38.7076530456543,48.91545867919922,45404.4453125,37601.99609375,0.021566191728093497,0.0882217011114236,0.0014196764959869888,0.06757976859807968,20.52726936340332,38.43345642089844,259.76619322697434,20.116043090820312,3.8870787620544434,86.33538818359375,46.23382568359375,1011.4950561523438,1005.3375244140625,50.062225341796875,13.690597534179688,25.506208419799805
Volkel Air Base,2024-03-23,0,51.657222222222224,5.690833333333334,3.0,57.73288345336914,41.43824768066406,48.65089797973633,52.58781814575195,37.44649887084961,43.76205062866211,44487.00390625,33243.546875,0.03127418295186472,0.0,0.0,-0.11846375465393066,19.520910263061523,39.2732048034668,268.33128365560293,17.398876190185547,2.474186420440674,91.92444610595703,54.60063552856445,1018.4660034179688,1012.72021484375,66.4025650024414,11.759346961975098,25.340896606445312
Volkel Air Base,2024-03-24,0,51.657222222222224,5.690833333333334,3.0,60.554019927978516,41.255287170410156,50.26915740966797,56.00397491455078,36.67585372924805,46.38018798828125,44545.37890625,38712.03125,0.0,0.0,0.0,-0.2301253229379654,17.81671905517578,36.11478805541992,271.5095931624752,19.60101318359375,2.976914644241333,87.65645599365234,51.61769485473633,1019.9556884765625,1013.6542358398438,51.39603805541992,11.17271614074707,22.52402114868164
Volkel Air Base,2024-03-25,0,51.657222222222224,5.690833333333334,3.0,63.013301849365234,43.16935348510742,51.97054672241211,59.523738861083984,38.371578216552734,48.1973762512207,44665.12109375,39342.10546875,0.0,0.0,0.0,-0.07742000371217728,16.608020782470703,34.91670608520508,266.920509364244,20.653587341308594,3.248142957687378,87.45870971679688,50.06391525268555,1020.0527954101562,1014.81591796875,47.65458679199219,11.227594375610352,22.47002410888672
Volkel Air Base,2024-03-26,0,51.657222222222224,5.690833333333334,3.0,63.04560852050781,44.10166549682617,52.88505554199219,61.058921813964844,40.01689529418945,50.096580505371094,44778.078125,38858.515625,0.003322726331208524,0.0,0.0,-0.0963946282863617,18.099769592285156,34.23746871948242,265.95301218634836,20.87808609008789,3.40409517288208,87.56221008300781,48.8338737487793,1019.631103515625,1014.560791015625,49.600154876708984,11.585086822509766,22.773235321044922
Volkel Air Base,2024-03-27,0,51.657222222222224,5.690833333333334,3.0,64.31243896484375,45.05463790893555,53.525394439697266,60.94300842285156,41.66594314575195,52.11162567138672,44887.265625,38347.7890625,0.013801810485992565,0.008712713066427217,0.0,-0.03930886462330818,19.581159591674805,34.86128234863281,270.1508805749636,20.949445724487305,3.6642398834228516,86.9686508178711,47.55097579956055,1019.1710205078125,1014.4718627929688,49.866981506347656,12.240971565246582,22.909584045410156
Volkel Air Base,2024-03-28,0,51.657222222222224,5.690833333333334,3.0,65.69145202636719,45.38639831542969,54.66541290283203,61.577754974365234,43.369503021240234,53.25785827636719,44979.34765625,37730.5859375,0.030935084989088493,0.009451771904963482,0.0,-0.014490154571831226,21.357547760009766,36.29701232910156,271.52000379403165,20.759387969970703,3.863304615020752,86.30685424804688,47.02650833129883,1019.3555908203125,1013.8378295898438,46.54307174682617,13.068623542785645,23.127065658569336
Volkel Air Base,2024-03-29,0,51.657222222222224,5.690833333333334,3.0,66.75540924072266,46.46478271484375,57.20320129394531,62.043724060058594,43.916141510009766,54.24602127075195,45059.1015625,38218.015625,0.031325522145770474,0.014130421107185024,0.0,0.003385178279131651,22.04900360107422,37.9244270324707,272.4947036396149,20.839412689208984,3.9387664794921875,86.24491882324219,46.57270431518555,1019.0753173828125,1012.3372192382812,46.48958969116211,13.840824127197266,25.0466251373291
Abdullah Al Mubarak Air Base (Cargo City),2024-03-23,0,29.226666666666667,47.98,3.0,72.08487701416016,56.222801208496094,64.56268310546875,71.06941986083984,53.677974700927734,62.14039993286133,44025.14453125,38363.02734375,0.08033732635128828,0.059298000590100965,0.0,0.38260698318481445,21.257295608520508,41.07967758178711,112.21896852408045,21.361698150634766,3.927607774734497,92.00418090820312,45.52433776855469,1008.622314453125,1004.5610961914062,39.863372802734375,13.443745613098145,23.359071731567383
Abdullah Al Mubarak Air Base (Cargo City),2024-03-24,0,29.226666666666667,47.98,3.0,77.05838012695312,58.04325866699219,66.78535461425781,74.7645034790039,55.76371383666992,64.25182342529297,44103.078125,38789.9609375,0.04904797230255203,0.07227592190968414,0.0,0.18793122470378876,21.995929718017578,41.75173568725586,120.14140587561359,21.073123931884766,4.431916236877441,86.64264678955078,38.913230895996094,1008.3988037109375,1004.3963623046875,39.80802917480469,14.471067428588867,26.070247650146484
Abdullah Al Mubarak Air Base (Cargo City),2024-03-25,0,29.226666666666667,47.98,3.0,78.906005859375,58.38461685180664,67.88643646240234,76.24633026123047,55.83729934692383,65.7640380859375,44214.390625,39262.58984375,0.06330463427042349,0.09953838092467951,0.0,0.12434637546539307,21.598468780517578,42.16562271118164,119.06797911483524,21.3919677734375,4.70050048828125,81.6578369140625,38.295814514160156,1008.1799926757812,1004.0913696289062,41.824684143066406,15.310715675354004,28.31730842590332
Abdullah Al Mubarak Air Base (Cargo City),2024-03-26,0,29.226666666666667,47.98,3.0,79.24787902832031,59.35953903198242,68.65937805175781,76.32215118408203,56.29352951049805,66.5714340209961,44297.67578125,38568.421875,0.0698289871311153,0.10229009649500875,0.0,0.19866089522838593,22.329681396484375,43.47330093383789,122.08580291752402,21.242334365844727,4.779553413391113,79.83137512207031,38.52576446533203,1007.7459716796875,1003.7202758789062,41.38078689575195,15.167648315429688,28.885629653930664
Abdullah Al Mubarak Air Base (Cargo City),2024-03-27,0,29.226666666666667,47.98,3.0,80.6890869140625,60.1244010925293,68.81974029541016,76.70137023925781,57.89231872558594,68.20809936523438,44412.125,37789.76953125,0.0194391379642497,0.08733561904252761,0.0,0.10019639879465103,24.728500366210938,45.36032485961914,119.9582350028486,20.69867515563965,4.804224491119385,81.46040344238281,38.968868255615234,1007.341796875,1002.956298828125,38.107975006103516,16.158571243286133,30.258872985839844
Abdullah Al Mubarak Air Base (Cargo City),2024-03-28,0,29.226666666666667,47.98,3.0,80.89606475830078,61.194618225097656,69.71684265136719,76.16201782226562,58.34721374511719,69.1885757446289,44552.01953125,37702.40625,0.023806688867963825,0.091520282847783,0.0,0.10492392629384995,26.48335838317871,46.439353942871094,117.01273715560308,20.574798583984375,4.954897403717041,80.14275360107422,38.47483444213867,1006.8785400390625,1002.9047241210938,38.73719787597656,16.972530364990234,31.77385139465332
Abdullah Al Mubarak Air Base (Cargo City),2024-03-29,0,29.226666666666667,47.98,3.0,81.29537963867188,61.48899459838867,70.2589340209961,76.76011657714844,58.699424743652344,69.2589340209961,44660.71875,37934.44921875,0.030527685012369927,0.06318466668335676,0.0,0.12869659066200256,25.90323257446289,45.71687698364258,116.09452893955181,20.70517349243164,5.137988567352295,78.63441467285156,38.64455795288086,1006.6325073242188,1002.3761596679688,38.59879684448242,17.409910202026367,32.5104866027832
Al Dhafra Air Base,2024-03-23,2,24.24805555555556,54.5475,3.0,87.21722412109375,66.0239486694336,75.9751205444336,84.71349334716797,66.43206024169922,76.20272064208984,43956.16796875,36620.921875,0.038498595574663355,0.0,0.0,-0.09733114391565323,21.443979263305664,34.72214126586914,305.24713823316375,22.516016006469727,5.668776512145996,78.7650146484375,27.30824089050293,1010.8822631835938,1006.8135986328125,42.35731887817383,11.203986167907715,20.897920608520508
Al Dhafra Air Base,2024-03-24,2,24.24805555555556,54.5475,3.0,87.06620788574219,67.0196533203125,76.42941284179688,85.28816223144531,65.97824096679688,76.22947692871094,44106.921875,37703.98828125,0.005496444802514687,0.007465508086183158,0.0,0.030473582446575165,21.780216217041016,35.510459899902344,273.41111145764734,22.16934585571289,5.808907985687256,75.18417358398438,26.080854415893555,1010.8443603515625,1006.9445190429688,40.669921875,11.408318519592285,20.77351951599121
Al Dhafra Air Base,2024-03-25,2,24.24805555555556,54.5475,3.0,87.44961547851562,67.40953063964844,76.510986328125,85.29672241210938,65.86911010742188,76.4527816772461,44217.6484375,38518.96875,0.004818111321791348,0.013354848073463349,0.0,0.0006398407858796418,22.991971969604492,38.100929260253906,276.9030346918463,21.54029655456543,5.897021770477295,73.41053771972656,25.555694580078125,1010.6028442382812,1006.7704467773438,41.6468391418457,12.487714767456055,22.149885177612305
Al Dhafra Air Base,2024-03-26,2,24.24805555555556,54.5475,3.0,87.72523498535156,67.89944458007812,76.61595916748047,85.49040985107422,65.71188354492188,76.00595092773438,44300.94921875,38233.5078125,0.007165658797001337,0.015203399155224841,0.0,-0.016487985849380493,24.15327262878418,37.25087356567383,286.5747915834873,21.559362411499023,5.925968170166016,73.49974822998047,25.050622940063477,1010.7611083984375,1006.7098999023438,42.683448791503906,13.138038635253906,22.810392379760742
Al Dhafra Air Base,2024-03-27,2,24.24805555555556,54.5475,3.0,88.02096557617188,67.60454559326172,76.89015197753906,85.96072387695312,65.33804321289062,76.13803100585938,44413.1171875,37635.82421875,0.00638768294092825,0.02572127599927647,0.0,0.01972312480211258,23.94904327392578,37.196773529052734,283.7257014003296,21.48967933654785,5.975060939788818,72.22228240966797,26.711776733398438,1011.0269775390625,1006.7423095703125,43.711036682128906,12.66324234008789,21.934982299804688
Al Dhafra Air Base,2024-03-28,2,24.24805555555556,54.5475,3.0,88.0595932006836,67.70543670654297,76.5391616821289,86.29166412353516,66.21294403076172,76.28333282470703,44553.51171875,37827.6484375,0.011029460020151639,0.046577944054352866,0.0,0.013763772323727608,23.383039474487305,38.14613723754883,284.7296680588773,21.243135452270508,5.909827709197998,73.0488510131836,26.7270450592041,1010.5740966796875,1006.6336669921875,43.381195068359375,12.385149002075195,22.45819091796875
Al Dhafra Air Base,2024-03-29,2,24.24805555555556,54.5475,3.0,88.2514419555664,67.71497344970703,76.3015365600586,86.4158935546875,66.24269104003906,76.00334167480469,44662.7265625,37800.21484375,0.011305269965399918,0.04465522242915558,0.0,0.005127693526446819,22.38888931274414,38.20191955566406,284.936874009138,21.35161781311035,5.957850456237793,73.91089630126953,25.937877655029297,1010.3736572265625,1006.1236572265625,43.5957145690918,12.843587875366211,22.78803253173828
Al Udeid Air Base,2024-03-23,2,25.11722222222222,51.31472222222222,3.0,83.16707611083984,63.32802963256836,72.6834945678711,78.99034881591797,62.60303497314453,71.47549438476562,43951.62109375,37552.16796875,0.08897194694209058,0.08269041132093448,0.0,-0.02889923006296158,23.301021575927734,38.39307403564453,53.15885921767298,19.970134735107422,5.386476516723633,74.75069427490234,27.300796508789062,1008.9511108398438,1004.2158203125,54.64930725097656,14.914691925048828,26.08920669555664
Al Udeid Air Base,2024-03-24,2,25.11722222222222,51.31472222222222,3.0,84.5775375366211,64.20369720458984,73.83513641357422,82.15238952636719,63.81242752075195,73.52144622802734,44104.3125,38781.21484375,0.04009226276638118,0.06032591785836523,0.0,0.09825050085783005,24.539724349975586,40.17146301269531,61.54535823236608,20.71436309814453,5.720144271850586,70.6710205078125,26.324207305908203,1007.8049926757812,1003.6875,43.25075149536133,14.906758308410645,25.536823272705078
Al Udeid Air Base,2024-03-25,2,25.11722222222222,51.31472222222222,3.0,86.46749114990234,65.43062591552734,74.95750427246094,83.62310028076172,64.45016479492188,74.89823913574219,44215.625,38138.41796875,0.04414341764654036,0.03794966647637225,0.0,0.029965253546833992,26.7064266204834,41.41046142578125,68.61563615069014,20.66896629333496,5.816655158996582,69.29606628417969,25.95509910583496,1006.82666015625,1002.2418212890625,40.50041198730469,15.53128433227539,26.922584533691406
Al Udeid Air Base,2024-03-26,2,25.11722222222222,51.31472222222222,3.0,87.28324890136719,66.71524810791016,75.97344207763672,84.16075134277344,64.85253143310547,75.66204071044922,44298.92578125,37971.0703125,0.04418437738413712,0.056792488187711855,0.0,0.014694242738187313,26.96127700805664,41.65308380126953,74.36824155437176,20.833477020263672,6.105867385864258,70.36398315429688,25.741493225097656,1006.573486328125,1001.7429809570312,40.66381072998047,16.088878631591797,27.702173233032227
Al Udeid Air Base,2024-03-27,2,25.11722222222222,51.31472222222222,3.0,87.78601837158203,67.89054107666016,76.63047790527344,84.38429260253906,65.4383544921875,75.80850982666016,44412.125,37643.48828125,0.020173255821441256,0.06039888122231886,0.0,0.014552679844200611,27.47663116455078,43.635292053222656,90.65937026593124,20.864381790161133,6.11147928237915,70.65235900878906,27.065000534057617,1006.1326293945312,1001.1237182617188,39.97158432006836,16.374574661254883,30.511337280273438
Al Udeid Air Base,2024-03-28,2,25.11722222222222,51.31472222222222,3.0,88.53282165527344,68.2607650756836,76.6507339477539,84.04755401611328,65.94277954101562,75.86847686767578,44552.00390625,37416.4609375,0.016718179323616363,0.07994764922284009,0.0,-0.004080500919371843,27.897998809814453,45.41831588745117,116.1832914176774,20.803359985351562,6.188426971435547,69.35234069824219,26.684619903564453,1005.7828979492188,1001.5889282226562,40.20397186279297,16.180505752563477,30.567676544189453
Al Udeid Air Base,2024-03-29,2,25.11722222222222,51.31472222222222,3.0,88.44400024414062,68.46537780761719,76.62079620361328,84.26264190673828,65.88188934326172,76.0093765258789,44660.703125,37095.6953125,0.04760431270556788,0.06512020048089451,0.0,0.08445784449577332,28.322616577148438,46.77050018310547,115.46729012569264,20.824586868286133,6.229954242706299,70.18279266357422,25.39486312866211,1005.3319702148438,1001.4180297851562,43.491355895996094,16.998275756835938,32.14915466308594
Muwaffaq Salti Air Base,2024-03-23,0,31.834166666666665,36.78722222222222,3.0,68.37458038330078,46.165306091308594,57.03008270263672,60.53317642211914,39.416622161865234,50.96113204956055,44026.8125,39246.234375,0.0,0.0008029229264601478,0.0,0.01503905188292265,27.793052673339844,45.13896560668945,283.91776406999264,22.13163185119629,4.701656818389893,75.2764892578125,24.92325210571289,955.3883056640625,951.0391235351562,30.81623077392578,17.62420654296875,31.583702087402344
Muwaffaq Salti Air Base,2024-03-24,0,31.834166666666665,36.78722222222222,3.0,69.98949432373047,46.827781677246094,57.921016693115234,64.83504486083984,40.4172248840332,52.42909622192383,44103.828125,38958.59375,0.006141757000628626,0.0,0.0,0.01312957238405943,25.333599090576172,40.92401885986328,283.49792240247325,21.919893264770508,4.87679386138916,70.95543670654297,21.85239601135254,956.0219116210938,951.9014282226562,33.299217224121094,16.301942825317383,27.686805725097656
Muwaffaq Salti Air Base,2024-03-25,0,31.834166666666665,36.78722222222222,3.0,72.3716812133789,48.50870895385742,60.776390075683594,67.49402618408203,42.660282135009766,54.96675109863281,44215.140625,39038.0546875,0.0,0.0,0.0,-0.007773820776492357,25.84320068359375,42.24174499511719,282.99363477659347,21.65889549255371,5.134158134460449,67.99958801269531,22.528743743896484,956.2269897460938,952.1318969726562,35.244625091552734,15.632615089416504,27.49508285522461
Muwaffaq Salti Air Base,2024-03-26,0,31.834166666666665,36.78722222222222,3.0,74.7132339477539,49.53359603881836,63.25882339477539,69.28682708740234,43.27245330810547,56.58926773071289,44345.625,38890.0703125,0.007732555532214498,0.0,0.0,-0.012411328963935375,26.105993270874023,40.83230209350586,283.07394543445855,21.51569366455078,5.241659641265869,67.783935546875,21.491924285888672,956.3292236328125,951.7527465820312,35.55709457397461,15.627779006958008,26.99584197998047
Muwaffaq Salti Air Base,2024-03-27,0,31.834166666666665,36.78722222222222,3.0,77.25127410888672,50.610008239746094,64.68791961669922,70.80843353271484,43.85298156738281,57.7623176574707,44411.5625,38117.1328125,0.00789413165004506,0.003218962108137617,0.0,-0.011195751838386059,25.790082931518555,40.7138557434082,284.0033426919618,21.605167388916016,5.536220073699951,65.17549133300781,20.293001174926758,956.245361328125,951.3922119140625,35.3851203918457,14.679329872131348,26.397382736206055
Muwaffaq Salti Air Base,2024-03-28,0,31.834166666666665,36.78722222222222,3.0,77.93877410888672,51.76527404785156,64.92962646484375,72.25774383544922,45.85239791870117,59.489017486572266,44551.51953125,38115.3046875,0.011382046015015886,0.025193168444188847,0.0,-0.005525962915271521,27.08216667175293,40.92786407470703,285.2370179791594,21.528234481811523,5.905460834503174,63.599849700927734,19.683626174926758,955.9970092773438,951.5043334960938,33.49993133544922,14.773968696594238,26.575218200683594
Muwaffaq Salti Air Base,2024-03-29,0,31.834166666666665,36.78722222222222,3.0,78.19759368896484,51.58121871948242,65.53854370117188,72.2247543334961,46.51741027832031,60.226837158203125,44660.671875,37647.02734375,0.01141975189279348,0.027476078074188046,0.0,0.02114129438996315,27.551280975341797,41.164276123046875,284.2293074029757,21.33420753479004,6.035037040710449,63.89712905883789,21.298803329467773,955.5764770507812,951.3488159179688,38.43037033081055,16.209341049194336,27.194826126098633
Prince Sultan Air Base,2024-03-23,2,24.05527777777778,47.56361111111111,3.0,86.14884948730469,63.97230529785156,75.04266357421875,79.28904724121094,59.3010139465332,69.9933090209961,43948.6484375,37635.1875,0.06884150447690686,0.07002279989017043,0.0,0.0474330298602581,28.395679473876953,46.04578399658203,130.85225675867372,20.434680938720703,6.783095836639404,62.64693832397461,23.87639808654785,955.7889404296875,951.224365234375,55.28257369995117,17.420637130737305,31.1363582611084
Prince Sultan Air Base,2024-03-24,2,24.05527777777778,47.56361111111111,3.0,86.33601379394531,64.3578872680664,75.56584930419922,80.07315063476562,59.8915901184082,71.51526641845703,44100.8125,39033.32421875,0.018419132635880048,0.03511351473470636,0.0,-0.008541825227439404,28.267671585083008,46.260658264160156,132.45630722449135,20.953264236450195,6.619996070861816,64.12669372558594,22.757144927978516,954.6218872070312,951.0740356445312,40.48044967651367,17.01256561279297,31.018857955932617
Prince Sultan Air Base,2024-03-25,2,24.05527777777778,47.56361111111111,3.0,87.43386840820312,64.86260223388672,76.40552520751953,81.5445785522461,60.180084228515625,72.12126922607422,44214.28515625,38902.4609375,0.015122911585712297,0.027610207567399684,0.0,0.32339122891426086,27.89507484436035,46.248291015625,131.40125082329573,21.72993278503418,6.706897258758545,64.46044158935547,21.976970672607422,954.0892333984375,950.3021240234375,39.255550384521484,17.1231746673584,31.763620376586914
Prince Sultan Air Base,2024-03-26,2,24.05527777777778,47.56361111111111,3.0,87.71685028076172,65.5673599243164,76.49131774902344,82.17227935791016,60.77565002441406,72.09600067138672,44297.5703125,38719.0390625,0.02293594317239969,0.02522447443049145,0.0,0.07735833525657654,27.882448196411133,45.42658996582031,134.0842224016955,21.328453063964844,6.656822681427002,62.16968536376953,20.117650985717773,954.1478271484375,949.7533569335938,39.5607795715332,16.807783126831055,32.509281158447266
Prince Sultan Air Base,2024-03-27,2,24.05527777777778,47.56361111111111,3.0,88.21946716308594,65.90576171875,76.39936828613281,82.23910522460938,60.52660369873047,72.20538330078125,44411.50390625,37181.5078125,0.023995748005137665,0.04469114292050504,0.0,0.07287967205047607,28.329591751098633,46.512088775634766,134.43024679966496,21.23084831237793,6.705697059631348,62.1826171875,20.01275062561035,953.5427856445312,949.7384033203125,37.3619499206543,16.238279342651367,32.1915168762207
Prince Sultan Air Base,2024-03-28,2,24.05527777777778,47.56361111111111,3.0,88.71269226074219,66.22257995605469,76.35408020019531,82.58745574951172,60.30896759033203,72.24153900146484,44551.3828125,37765.45703125,0.016379274784911753,0.051733552130000304,0.0,0.07210257649421692,29.350126266479492,47.55097579956055,131.9592322044271,21.06865882873535,6.999303340911865,63.52707290649414,19.336143493652344,953.0040893554688,949.6875,36.51533889770508,17.449106216430664,32.32952117919922
Prince Sultan Air Base,2024-03-29,2,24.05527777777778,47.56361111111111,3.0,88.79269409179688,65.87522888183594,76.39927673339844,82.64814758300781,60.04205322265625,71.85826873779297,44660.59765625,37769.98046875,0.009962922322652125,0.05036335254797873,0.0,0.33511799573898315,28.913326263427734,47.27791976928711,131.44983705413136,20.983966827392578,7.268400192260742,62.97095489501953,18.51849937438965,952.35498046875,948.0053100585938,38.64394760131836,19.01740837097168,34.44379806518555
